run_id,cond,task,seed,turn,tool,category,target,run_success,recovery_ok
20260812-23:39:42_libero_spatial_task_t0_s1,baseline,0,1,1,read_text_file,memory,MEMORY.md,False,
20260812-23:39:42_libero_spatial_task_t0_s1,baseline,0,1,1,read_text_file,guides,strict_hybrid_guide.md,False,
20260812-23:39:42_libero_spatial_task_t0_s1,baseline,0,1,2,read_text_file,guides,strict_hybrid_guide.md,False,
20260812-23:39:42_libero_spatial_task_t0_s1,baseline,0,1,5,list_dir,prior_results,results_spatial_pert,False,
20260812-23:39:42_libero_spatial_task_t0_s1,baseline,0,1,9,list_dir,prior_results,results_spatial_pert,False,
20260812-23:39:42_libero_spatial_task_t0_s1,baseline,0,1,10,read_text_file,prior_results,spatial_t0_s0.json,False,
20260812-23:47:59_libero_spatial_task_t0_s2,baseline,0,2,1,read_text_file,memory,MEMORY.md,False,
20260812-23:47:59_libero_spatial_task_t0_s2,baseline,0,2,1,read_text_file,guides,strict_hybrid_guide.md,False,
20260812-23:47:59_libero_spatial_task_t0_s2,baseline,0,2,1,read_text_file,guides,pro_hybrid_guide.md,False,
20260812-23:47:59_libero_spatial_task_t0_s2,baseline,0,2,1,read_text_file,guides,env_calibration.md,False,
20260812-23:47:59_libero_spatial_task_t0_s2,baseline,0,2,2,read_text_file,guides,strict_hybrid_guide.md,False,
20260812-23:47:59_libero_spatial_task_t0_s2,baseline,0,2,3,read_text_file,guides,pro_hybrid_guide.md,False,
20260812-23:47:59_libero_spatial_task_t0_s2,baseline,0,2,4,read_text_file,guides,env_calibration.md,False,
20260812-23:47:59_libero_spatial_task_t0_s2,baseline,0,2,6,list_dir,prior_results,results_spatial_pert,False,
20260812-23:47:59_libero_spatial_task_t0_s2,baseline,0,2,6,list_dir,other,memory,False,
20260812-23:47:59_libero_spatial_task_t0_s2,baseline,0,2,7,read_text_file,prior_results,spatial_t0_s0.json,False,
20260812-23:47:59_libero_spatial_task_t0_s2,baseline,0,2,8,list_dir,other,memory,False,
20260812-23:47:59_libero_spatial_task_t0_s2,baseline,0,2,9,read_text_file,prior_results,recipe_spatial_t0_s0.jsonl,False,
20260812-23:58:33_libero_spatial_task_t0_s3,baseline,0,3,1,read_text_file,memory,MEMORY.md,False,
20260812-23:58:33_libero_spatial_task_t0_s3,baseline,0,3,1,list_dir,memory,,False,
20260812-23:58:33_libero_spatial_task_t0_s3,baseline,0,3,2,list_dir,memory,,False,
20260812-23:58:33_libero_spatial_task_t0_s3,baseline,0,3,3,read_text_file,guides,strict_hybrid_guide.md,False,
20260812-23:58:33_libero_spatial_task_t0_s3,baseline,0,3,4,read_text_file,guides,pro_hybrid_guide.md,False,
20260812-23:58:33_libero_spatial_task_t0_s3,baseline,0,3,4,list_dir,prior_results,,False,
20260812-23:58:33_libero_spatial_task_t0_s3,baseline,0,3,5,list_dir,prior_results,,False,
20260812-23:58:33_libero_spatial_task_t0_s3,baseline,0,3,6,read_text_file,prior_results,spatial_t0_s0.json,False,
20260812-23:58:33_libero_spatial_task_t0_s3,baseline,0,3,6,read_text_file,prior_results,recipe_spatial_t0_s0.jsonl,False,
20260812-23:58:33_libero_spatial_task_t0_s3,baseline,0,3,7,read_text_file,prior_results,recipe_spatial_t0_s0.jsonl,False,
20260812-23:58:33_libero_spatial_task_t0_s3,baseline,0,3,8,read_text_file,guides,env_calibration.md,False,
20260813-12:55:29_libero_spatial_task_t0_s4,baseline,0,4,1,read_text_file,memory,MEMORY.md,False,
20260813-12:55:29_libero_spatial_task_t0_s4,baseline,0,4,1,read_text_file,guides,strict_hybrid_guide.md,False,
20260813-12:55:29_libero_spatial_task_t0_s4,baseline,0,4,2,read_text_file,guides,strict_hybrid_guide.md,False,
20260813-12:55:29_libero_spatial_task_t0_s4,baseline,0,4,3,list_dir,prior_results,results_spatial_pert,False,
20260813-12:55:29_libero_spatial_task_t0_s4,baseline,0,4,4,read_text_file,prior_results,spatial_t0_s0.json,False,
20260813-12:55:29_libero_spatial_task_t0_s4,baseline,0,4,5,read_text_file,prior_results,recipe_spatial_t0_s0.jsonl,False,
20260813-12:55:29_libero_spatial_task_t0_s4,baseline,0,4,6,read_text_file,guides,pro_hybrid_guide.md,False,
20260813-12:58:33_libero_spatial_task_t0_s5,baseline,0,5,1,read_text_file,memory,MEMORY.md,False,
20260813-12:58:33_libero_spatial_task_t0_s5,baseline,0,5,1,list_dir,memory,,False,
20260813-12:58:33_libero_spatial_task_t0_s5,baseline,0,5,4,list_dir,other,,False,
20260813-12:58:33_libero_spatial_task_t0_s5,baseline,0,5,5,list_dir,prior_results,results_spatial_pert,False,
20260813-12:58:33_libero_spatial_task_t0_s5,baseline,0,5,5,list_dir,other,memory,False,
20260813-12:58:33_libero_spatial_task_t0_s5,baseline,0,5,6,read_text_file,prior_results,spatial_t0_s0.json,False,
20260813-12:58:33_libero_spatial_task_t0_s5,baseline,0,5,7,read_text_file,prior_results,recipe_spatial_t0_s0.jsonl,False,
20260813-12:58:33_libero_spatial_task_t0_s5,baseline,0,5,8,read_text_file,guides,strict_hybrid_guide.md,False,
20260813-12:58:33_libero_spatial_task_t0_s5,baseline,0,5,9,read_text_file,guides,pro_hybrid_guide.md,False,
20260813-12:58:33_libero_spatial_task_t0_s5,baseline,0,5,10,read_text_file,guides,env_calibration.md,False,
20260813-13:01:06_libero_spatial_task_t0_s6,baseline,0,6,1,read_text_file,memory,MEMORY.md,True,
20260813-13:01:06_libero_spatial_task_t0_s6,baseline,0,6,1,list_dir,memory,,True,
20260813-13:01:06_libero_spatial_task_t0_s6,baseline,0,6,4,list_dir,other,,True,
20260813-13:01:06_libero_spatial_task_t0_s6,baseline,0,6,5,list_dir,prior_results,,True,
20260813-13:01:06_libero_spatial_task_t0_s6,baseline,0,6,6,read_text_file,prior_results,spatial_t0_s0.json,True,
20260813-13:01:06_libero_spatial_task_t0_s6,baseline,0,6,7,read_text_file,prior_results,recipe_spatial_t0_s0.jsonl,True,
20260813-13:01:06_libero_spatial_task_t0_s6,baseline,0,6,8,read_text_file,guides,strict_hybrid_guide.md,True,
20260813-13:01:06_libero_spatial_task_t0_s6,baseline,0,6,9,read_text_file,guides,pro_hybrid_guide.md,True,
20260813-13:01:06_libero_spatial_task_t0_s6,baseline,0,6,10,read_text_file,guides,env_calibration.md,True,
20260813-13:03:28_libero_spatial_task_t0_s7,baseline,0,7,1,read_text_file,memory,MEMORY.md,False,
20260813-13:03:28_libero_spatial_task_t0_s7,baseline,0,7,1,list_dir,memory,,False,
20260813-13:03:28_libero_spatial_task_t0_s7,baseline,0,7,2,list_dir,memory,,False,
20260813-13:03:28_libero_spatial_task_t0_s7,baseline,0,7,2,read_text_file,guides,strict_hybrid_guide.md,False,
20260813-13:03:28_libero_spatial_task_t0_s7,baseline,0,7,3,read_text_file,guides,strict_hybrid_guide.md,False,
20260813-13:03:28_libero_spatial_task_t0_s7,baseline,0,7,4,read_text_file,guides,pro_hybrid_guide.md,False,
20260813-13:03:28_libero_spatial_task_t0_s7,baseline,0,7,5,read_text_file,guides,env_calibration.md,False,
20260813-13:03:28_libero_spatial_task_t0_s7,baseline,0,7,6,list_dir,prior_results,,False,
20260813-13:03:28_libero_spatial_task_t0_s7,baseline,0,7,8,read_text_file,prior_results,spatial_t0_s0.json,False,
20260813-13:03:28_libero_spatial_task_t0_s7,baseline,0,7,9,read_text_file,prior_results,recipe_spatial_t0_s0.jsonl,False,
20260813-13:07:35_libero_spatial_task_t0_s8,baseline,0,8,1,read_text_file,memory,MEMORY.md,False,
20260813-13:07:35_libero_spatial_task_t0_s8,baseline,0,8,1,read_text_file,guides,strict_hybrid_guide.md,False,
20260813-13:07:35_libero_spatial_task_t0_s8,baseline,0,8,1,read_text_file,guides,pro_hybrid_guide.md,False,
20260813-13:07:35_libero_spatial_task_t0_s8,baseline,0,8,1,read_text_file,guides,env_calibration.md,False,
20260813-13:07:35_libero_spatial_task_t0_s8,baseline,0,8,3,read_text_file,guides,strict_hybrid_guide.md,False,
20260813-13:07:35_libero_spatial_task_t0_s8,baseline,0,8,4,read_text_file,guides,pro_hybrid_guide.md,False,
20260813-13:07:35_libero_spatial_task_t0_s8,baseline,0,8,5,read_text_file,guides,env_calibration.md,False,
20260813-13:07:35_libero_spatial_task_t0_s8,baseline,0,8,7,list_dir,other,memory,False,
20260813-13:09:43_libero_spatial_task_t0_s9,baseline,0,9,1,read_text_file,memory,MEMORY.md,True,
20260813-13:09:43_libero_spatial_task_t0_s9,baseline,0,9,1,list_dir,prior_results,results_spatial_pert,True,
20260813-13:09:43_libero_spatial_task_t0_s9,baseline,0,9,4,read_text_file,guides,strict_hybrid_guide.md,True,
20260813-13:09:43_libero_spatial_task_t0_s9,baseline,0,9,5,read_text_file,guides,pro_hybrid_guide.md,True,
20260813-13:09:43_libero_spatial_task_t0_s9,baseline,0,9,6,read_text_file,guides,env_calibration.md,True,
20260813-13:09:43_libero_spatial_task_t0_s9,baseline,0,9,7,list_dir,prior_results,results_spatial_pert,True,
20260813-13:09:43_libero_spatial_task_t0_s9,baseline,0,9,8,read_text_file,prior_results,spatial_t0_s0.json,True,
20260813-13:09:43_libero_spatial_task_t0_s9,baseline,0,9,9,read_text_file,prior_results,recipe_spatial_t0_s0.jsonl,True,
20260813-13:10:45_libero_spatial_task_t0_s10,baseline,0,10,1,read_text_file,memory,MEMORY.md,True,
20260813-13:10:45_libero_spatial_task_t0_s10,baseline,0,10,3,list_dir,other,memory,True,
20260813-13:10:45_libero_spatial_task_t0_s10,baseline,0,10,3,read_text_file,guides,strict_hybrid_guide.md,True,
20260813-13:10:45_libero_spatial_task_t0_s10,baseline,0,10,4,read_text_file,guides,strict_hybrid_guide.md,True,
20260813-13:10:45_libero_spatial_task_t0_s10,baseline,0,10,5,list_dir,prior_results,results_spatial_pert,True,
20260813-13:10:45_libero_spatial_task_t0_s10,baseline,0,10,6,read_text_file,prior_results,spatial_t0_s0.json,True,
20260814-18:26:09_libero_spatial_task_t7_s1,baseline,7,1,1,read_text_file,memory,MEMORY.md,False,
20260814-18:26:09_libero_spatial_task_t7_s1,baseline,7,1,3,read_text_file,guides,strict_hybrid_guide.md,False,
20260814-18:26:09_libero_spatial_task_t7_s1,baseline,7,1,3,read_text_file,guides,pro_hybrid_guide.md,False,
20260814-18:26:09_libero_spatial_task_t7_s1,baseline,7,1,3,read_text_file,guides,env_calibration.md,False,
20260814-18:26:09_libero_spatial_task_t7_s1,baseline,7,1,9,list_dir,prior_results,results_spatial_pert,False,
20260814-18:26:09_libero_spatial_task_t7_s1,baseline,7,1,10,read_text_file,prior_results,spatial_t7_s0.json,False,
20260814-18:26:09_libero_spatial_task_t7_s2,baseline,7,2,1,read_text_file,memory,MEMORY.md,True,
20260814-18:26:09_libero_spatial_task_t7_s2,baseline,7,2,1,read_text_file,guides,strict_hybrid_guide.md,True,
20260814-18:26:09_libero_spatial_task_t7_s2,baseline,7,2,1,read_text_file,guides,pro_hybrid_guide.md,True,
20260814-18:26:09_libero_spatial_task_t7_s2,baseline,7,2,1,read_text_file,guides,env_calibration.md,True,
20260814-18:26:09_libero_spatial_task_t7_s2,baseline,7,2,2,read_text_file,guides,strict_hybrid_guide.md,True,
20260814-18:26:09_libero_spatial_task_t7_s2,baseline,7,2,3,read_text_file,guides,pro_hybrid_guide.md,True,
20260814-18:26:09_libero_spatial_task_t7_s2,baseline,7,2,4,read_text_file,guides,env_calibration.md,True,
20260814-18:26:09_libero_spatial_task_t7_s2,baseline,7,2,7,list_dir,prior_results,results_spatial_pert,True,
20260814-18:26:09_libero_spatial_task_t7_s2,baseline,7,2,8,read_text_file,prior_results,spatial_t7_s0.json,True,
20260814-18:26:09_libero_spatial_task_t7_s2,baseline,7,2,9,read_text_file,prior_results,recipe_spatial_t7_s0.jsonl,True,
20260814-18:33:48_libero_spatial_task_t7_s3,baseline,7,3,1,read_text_file,memory,MEMORY.md,False,
20260814-18:33:48_libero_spatial_task_t7_s3,baseline,7,3,1,read_text_file,guides,strict_hybrid_guide.md,False,
20260814-18:33:48_libero_spatial_task_t7_s3,baseline,7,3,3,read_text_file,guides,strict_hybrid_guide.md,False,
20260814-18:33:48_libero_spatial_task_t7_s3,baseline,7,3,4,read_text_file,guides,pro_hybrid_guide.md,False,
20260814-18:33:48_libero_spatial_task_t7_s3,baseline,7,3,5,read_text_file,guides,env_calibration.md,False,
20260814-18:33:48_libero_spatial_task_t7_s3,baseline,7,3,6,list_dir,prior_results,results_spatial_pert,False,
20260814-18:33:48_libero_spatial_task_t7_s3,baseline,7,3,7,read_text_file,prior_results,spatial_t7_s0.json,False,
20260814-18:33:48_libero_spatial_task_t7_s3,baseline,7,3,8,read_text_file,prior_results,recipe_spatial_t7_s0.jsonl,False,
20260814-18:36:55_libero_spatial_task_t7_s4,baseline,7,4,1,read_text_file,memory,MEMORY.md,False,
20260814-18:36:55_libero_spatial_task_t7_s4,baseline,7,4,2,read_text_file,guides,strict_hybrid_guide.md,False,
20260814-18:36:55_libero_spatial_task_t7_s4,baseline,7,4,2,read_text_file,guides,pro_hybrid_guide.md,False,
20260814-18:36:55_libero_spatial_task_t7_s4,baseline,7,4,2,list_dir,memory,,False,
20260814-18:36:55_libero_spatial_task_t7_s4,baseline,7,4,4,list_dir,prior_results,results_spatial_pert,False,
20260814-18:36:55_libero_spatial_task_t7_s4,baseline,7,4,5,read_text_file,prior_results,spatial_t7_s0.json,False,
20260814-18:36:55_libero_spatial_task_t7_s4,baseline,7,4,5,read_text_file,prior_results,recipe_spatial_t7_s0.jsonl,False,
20260814-18:36:55_libero_spatial_task_t7_s4,baseline,7,4,6,read_text_file,prior_results,spatial_t7_s0.json,False,
20260814-18:38:33_libero_spatial_task_t7_s5,baseline,7,5,1,read_text_file,memory,MEMORY.md,False,
20260814-18:38:33_libero_spatial_task_t7_s5,baseline,7,5,2,read_text_file,guides,strict_hybrid_guide.md,False,
20260814-18:38:33_libero_spatial_task_t7_s5,baseline,7,5,2,read_text_file,guides,pro_hybrid_guide.md,False,
20260814-18:38:33_libero_spatial_task_t7_s5,baseline,7,5,4,list_dir,prior_results,results_spatial_pert,False,
20260814-18:38:33_libero_spatial_task_t7_s5,baseline,7,5,5,read_text_file,prior_results,spatial_t7_s0.json,False,
20260814-18:38:33_libero_spatial_task_t7_s5,baseline,7,5,5,read_text_file,prior_results,recipe_spatial_t7_s0.jsonl,False,
20260814-18:38:33_libero_spatial_task_t7_s5,baseline,7,5,6,read_text_file,prior_results,spatial_t7_s0.json,False,
20260814-18:38:33_libero_spatial_task_t7_s5,baseline,7,5,6,read_text_file,guides,env_calibration.md,False,
20260814-18:38:33_libero_spatial_task_t7_s5,baseline,7,5,7,read_text_file,guides,env_calibration.md,False,
20260814-18:43:42_libero_spatial_task_t7_s6,baseline,7,6,1,read_text_file,memory,MEMORY.md,True,
20260814-18:43:42_libero_spatial_task_t7_s6,baseline,7,6,2,read_text_file,guides,strict_hybrid_guide.md,True,
20260814-18:43:42_libero_spatial_task_t7_s6,baseline,7,6,2,read_text_file,guides,pro_hybrid_guide.md,True,
20260814-18:43:42_libero_spatial_task_t7_s6,baseline,7,6,2,read_text_file,guides,env_calibration.md,True,
20260814-18:43:42_libero_spatial_task_t7_s6,baseline,7,6,4,list_dir,prior_results,results_spatial_pert,True,
20260814-18:43:42_libero_spatial_task_t7_s6,baseline,7,6,5,read_text_file,prior_results,spatial_t7_s0.json,True,
20260814-18:43:42_libero_spatial_task_t7_s6,baseline,7,6,5,read_text_file,prior_results,recipe_spatial_t7_s0.jsonl,True,
20260814-18:43:42_libero_spatial_task_t7_s6,baseline,7,6,6,read_text_file,prior_results,recipe_spatial_t7_s0.jsonl,True,
20260814-18:43:55_libero_spatial_task_t7_s7,baseline,7,7,1,read_text_file,memory,MEMORY.md,False,
20260814-18:43:55_libero_spatial_task_t7_s7,baseline,7,7,1,list_dir,memory,,False,
20260814-18:43:55_libero_spatial_task_t7_s7,baseline,7,7,2,list_dir,memory,,False,
20260814-18:43:55_libero_spatial_task_t7_s7,baseline,7,7,2,read_text_file,guides,strict_hybrid_guide.md,False,
20260814-18:43:55_libero_spatial_task_t7_s7,baseline,7,7,3,read_text_file,guides,strict_hybrid_guide.md,False,
20260814-18:43:55_libero_spatial_task_t7_s7,baseline,7,7,4,read_text_file,guides,pro_hybrid_guide.md,False,
20260814-18:43:55_libero_spatial_task_t7_s7,baseline,7,7,5,list_dir,prior_results,,False,
20260814-18:43:55_libero_spatial_task_t7_s7,baseline,7,7,7,read_text_file,prior_results,spatial_t7_s0.json,False,
20260814-18:43:55_libero_spatial_task_t7_s7,baseline,7,7,8,read_text_file,guides,env_calibration.md,False,
20260814-18:43:55_libero_spatial_task_t7_s7,baseline,7,7,13,read_text_file,prior_results,recipe_spatial_t7_s0.jsonl,False,
20260814-18:48:08_libero_spatial_task_t7_s8,baseline,7,8,1,read_text_file,memory,MEMORY.md,False,
20260814-18:48:08_libero_spatial_task_t7_s8,baseline,7,8,2,list_dir,prior_results,results_spatial_pert,False,
20260814-18:48:08_libero_spatial_task_t7_s8,baseline,7,8,3,read_text_file,guides,strict_hybrid_guide.md,False,
20260814-18:48:08_libero_spatial_task_t7_s8,baseline,7,8,4,list_dir,prior_results,results_spatial_pert,False,
20260814-18:48:08_libero_spatial_task_t7_s8,baseline,7,8,5,read_text_file,prior_results,spatial_t7_s0.json,False,
20260814-18:48:08_libero_spatial_task_t7_s8,baseline,7,8,6,read_text_file,prior_results,recipe_spatial_t7_s0.jsonl,False,
20260814-18:48:08_libero_spatial_task_t7_s8,baseline,7,8,7,read_text_file,guides,env_calibration.md,False,
20260814-18:51:14_libero_spatial_task_t7_s9,baseline,7,9,1,read_text_file,memory,MEMORY.md,False,
20260814-18:51:14_libero_spatial_task_t7_s9,baseline,7,9,2,read_text_file,guides,strict_hybrid_guide.md,False,
20260814-18:51:14_libero_spatial_task_t7_s9,baseline,7,9,2,read_text_file,guides,pro_hybrid_guide.md,False,
20260814-18:51:14_libero_spatial_task_t7_s9,baseline,7,9,2,read_text_file,guides,env_calibration.md,False,
20260814-18:51:14_libero_spatial_task_t7_s9,baseline,7,9,3,read_text_file,guides,pro_hybrid_guide.md,False,
20260814-18:51:14_libero_spatial_task_t7_s9,baseline,7,9,3,read_text_file,guides,env_calibration.md,False,
20260814-18:51:14_libero_spatial_task_t7_s9,baseline,7,9,3,list_dir,prior_results,,False,
20260814-18:51:14_libero_spatial_task_t7_s9,baseline,7,9,4,read_text_file,guides,env_calibration.md,False,
20260814-18:51:14_libero_spatial_task_t7_s9,baseline,7,9,5,list_dir,prior_results,,False,
20260814-18:51:14_libero_spatial_task_t7_s9,baseline,7,9,6,read_text_file,prior_results,spatial_t7_s0.json,False,
20260814-18:51:14_libero_spatial_task_t7_s9,baseline,7,9,7,read_text_file,prior_results,recipe_spatial_t7_s0.jsonl,False,
20260814-14:09:41_libero_spatial_task_t7_s10,baseline,7,10,1,read_text_file,memory,MEMORY.md,True,
20260814-14:09:41_libero_spatial_task_t7_s10,baseline,7,10,1,list_dir,prior_results,results_spatial_pert,True,
20260814-14:09:41_libero_spatial_task_t7_s10,baseline,7,10,2,list_dir,prior_results,results_spatial_pert,True,
20260814-14:09:41_libero_spatial_task_t7_s10,baseline,7,10,3,read_text_file,prior_results,spatial_t7_s0.json,True,
20260814-14:09:41_libero_spatial_task_t7_s10,baseline,7,10,4,read_text_file,prior_results,recipe_spatial_t7_s0.jsonl,True,
20260814-14:09:41_libero_spatial_task_t7_s10,baseline,7,10,5,read_text_file,guides,strict_hybrid_guide.md,True,
20260814-14:09:41_libero_spatial_task_t7_s10,baseline,7,10,6,read_text_file,guides,env_calibration.md,True,
20260814-14:09:41_libero_spatial_task_t7_s10,baseline,7,10,7,read_text_file,guides,pro_hybrid_guide.md,True,
20260814-14:09:41_libero_spatial_task_t7_s10,baseline,7,10,8,list_dir,other,memory,True,
20260813-15:38:25_libero_spatial_task_t9_s1,baseline,9,1,1,read_text_file,memory,MEMORY.md,False,
20260813-15:38:25_libero_spatial_task_t9_s1,baseline,9,1,1,read_text_file,guides,strict_hybrid_guide.md,False,
20260813-15:38:25_libero_spatial_task_t9_s1,baseline,9,1,1,read_text_file,guides,pro_hybrid_guide.md,False,
20260813-15:38:25_libero_spatial_task_t9_s1,baseline,9,1,1,read_text_file,guides,env_calibration.md,False,
20260813-15:38:25_libero_spatial_task_t9_s1,baseline,9,1,3,read_text_file,guides,strict_hybrid_guide.md,False,
20260813-15:38:25_libero_spatial_task_t9_s1,baseline,9,1,4,read_text_file,guides,pro_hybrid_guide.md,False,
20260813-15:38:25_libero_spatial_task_t9_s1,baseline,9,1,5,read_text_file,guides,env_calibration.md,False,
20260813-15:38:25_libero_spatial_task_t9_s1,baseline,9,1,6,list_dir,prior_results,results_spatial_pert,False,
20260813-15:38:25_libero_spatial_task_t9_s1,baseline,9,1,7,read_text_file,prior_results,spatial_t9_s0.json,False,
20260813-15:38:25_libero_spatial_task_t9_s1,baseline,9,1,8,read_text_file,prior_results,recipe_spatial_t9_s0.jsonl,False,
20260813-15:38:56_libero_spatial_task_t9_s2,baseline,9,2,1,read_text_file,memory,MEMORY.md,True,
20260813-15:38:56_libero_spatial_task_t9_s2,baseline,9,2,1,read_text_file,guides,strict_hybrid_guide.md,True,
20260813-15:38:56_libero_spatial_task_t9_s2,baseline,9,2,2,read_text_file,guides,strict_hybrid_guide.md,True,
20260813-15:38:56_libero_spatial_task_t9_s2,baseline,9,2,3,read_text_file,guides,pro_hybrid_guide.md,True,
20260813-15:38:56_libero_spatial_task_t9_s2,baseline,9,2,4,read_text_file,guides,env_calibration.md,True,
20260813-15:38:56_libero_spatial_task_t9_s2,baseline,9,2,6,list_dir,prior_results,results_spatial_pert,True,
20260813-15:38:56_libero_spatial_task_t9_s2,baseline,9,2,7,read_text_file,prior_results,spatial_t9_s0.json,True,
20260813-15:38:56_libero_spatial_task_t9_s2,baseline,9,2,8,read_text_file,prior_results,recipe_spatial_t9_s0.jsonl,True,
20260813-15:42:48_libero_spatial_task_t9_s3,baseline,9,3,1,read_text_file,memory,MEMORY.md,False,
20260813-15:42:48_libero_spatial_task_t9_s3,baseline,9,3,1,read_text_file,guides,strict_hybrid_guide.md,False,
20260813-15:42:48_libero_spatial_task_t9_s3,baseline,9,3,1,read_text_file,guides,pro_hybrid_guide.md,False,
20260813-15:42:48_libero_spatial_task_t9_s3,baseline,9,3,1,read_text_file,guides,env_calibration.md,False,
20260813-15:42:48_libero_spatial_task_t9_s3,baseline,9,3,3,read_text_file,guides,strict_hybrid_guide.md,False,
20260813-15:42:48_libero_spatial_task_t9_s3,baseline,9,3,4,read_text_file,guides,pro_hybrid_guide.md,False,
20260813-15:42:48_libero_spatial_task_t9_s3,baseline,9,3,5,read_text_file,guides,env_calibration.md,False,
20260813-15:42:48_libero_spatial_task_t9_s3,baseline,9,3,6,list_dir,prior_results,results_spatial_pert,False,
20260813-15:42:48_libero_spatial_task_t9_s3,baseline,9,3,7,read_text_file,prior_results,spatial_t9_s0.json,False,
20260813-15:42:48_libero_spatial_task_t9_s3,baseline,9,3,8,list_dir,prior_results,results_goal_pert,False,
20260813-15:42:48_libero_spatial_task_t9_s3,baseline,9,3,9,list_dir,other,libero,False,
20260813-15:42:48_libero_spatial_task_t9_s3,baseline,9,3,10,list_dir,prior_results,results_goal_task_pert,False,
20260813-15:42:48_libero_spatial_task_t9_s3,baseline,9,3,11,read_text_file,prior_results,goal_task_t9_s0.json,False,
20260813-15:52:31_libero_spatial_task_t9_s4,baseline,9,4,1,read_text_file,memory,MEMORY.md,True,
20260813-15:52:31_libero_spatial_task_t9_s4,baseline,9,4,2,read_text_file,guides,strict_hybrid_guide.md,True,
20260813-15:52:31_libero_spatial_task_t9_s4,baseline,9,4,2,read_text_file,guides,pro_hybrid_guide.md,True,
20260813-15:52:31_libero_spatial_task_t9_s4,baseline,9,4,2,read_text_file,guides,env_calibration.md,True,
20260813-15:52:31_libero_spatial_task_t9_s4,baseline,9,4,2,list_dir,memory,,True,
20260813-15:52:31_libero_spatial_task_t9_s4,baseline,9,4,3,read_text_file,guides,pro_hybrid_guide.md,True,
20260813-15:52:31_libero_spatial_task_t9_s4,baseline,9,4,4,read_text_file,guides,env_calibration.md,True,
20260813-15:52:31_libero_spatial_task_t9_s4,baseline,9,4,5,list_dir,memory,,True,
20260813-15:52:31_libero_spatial_task_t9_s4,baseline,9,4,6,list_dir,prior_results,,True,
20260813-15:52:31_libero_spatial_task_t9_s4,baseline,9,4,7,read_text_file,prior_results,spatial_t9_s0.json,True,
20260813-15:52:31_libero_spatial_task_t9_s4,baseline,9,4,8,read_text_file,prior_results,recipe_spatial_t9_s0.jsonl,True,
20260813-15:53:34_libero_spatial_task_t9_s5,baseline,9,5,1,read_text_file,memory,MEMORY.md,True,
20260813-15:53:34_libero_spatial_task_t9_s5,baseline,9,5,2,list_dir,memory,,True,
20260813-15:53:34_libero_spatial_task_t9_s5,baseline,9,5,3,read_text_file,guides,strict_hybrid_guide.md,True,
20260813-15:53:34_libero_spatial_task_t9_s5,baseline,9,5,3,list_dir,memory,,True,
20260813-15:53:34_libero_spatial_task_t9_s5,baseline,9,5,4,list_dir,memory,,True,
20260813-15:53:34_libero_spatial_task_t9_s5,baseline,9,5,4,list_dir,prior_results,,True,
20260813-15:53:34_libero_spatial_task_t9_s5,baseline,9,5,5,list_dir,prior_results,,True,
20260813-15:53:34_libero_spatial_task_t9_s5,baseline,9,5,6,read_text_file,prior_results,spatial_t9_s0.json,True,
20260813-15:53:34_libero_spatial_task_t9_s5,baseline,9,5,7,read_text_file,prior_results,recipe_spatial_t9_s0.jsonl,True,
20260813-15:53:34_libero_spatial_task_t9_s5,baseline,9,5,7,read_text_file,guides,env_calibration.md,True,
20260813-15:53:34_libero_spatial_task_t9_s5,baseline,9,5,8,read_text_file,guides,env_calibration.md,True,
20260813-15:53:36_libero_spatial_task_t9_s6,baseline,9,6,1,read_text_file,memory,MEMORY.md,False,
20260813-15:53:36_libero_spatial_task_t9_s6,baseline,9,6,1,list_dir,memory,,False,
20260813-15:53:36_libero_spatial_task_t9_s6,baseline,9,6,2,read_text_file,guides,strict_hybrid_guide.md,False,
20260813-15:53:36_libero_spatial_task_t9_s6,baseline,9,6,2,read_text_file,guides,pro_hybrid_guide.md,False,
20260813-15:53:36_libero_spatial_task_t9_s6,baseline,9,6,3,read_text_file,guides,pro_hybrid_guide.md,False,
20260813-15:53:36_libero_spatial_task_t9_s6,baseline,9,6,4,read_text_file,guides,env_calibration.md,False,
20260813-15:53:36_libero_spatial_task_t9_s6,baseline,9,6,4,list_dir,prior_results,,False,
20260813-15:53:36_libero_spatial_task_t9_s6,baseline,9,6,5,list_dir,prior_results,,False,
20260813-15:53:36_libero_spatial_task_t9_s6,baseline,9,6,6,read_text_file,prior_results,spatial_t9_s0.json,False,
20260813-15:56:15_libero_spatial_task_t9_s7,baseline,9,7,1,read_text_file,memory,MEMORY.md,False,
20260813-15:56:15_libero_spatial_task_t9_s7,baseline,9,7,1,read_text_file,guides,strict_hybrid_guide.md,False,
20260813-15:56:15_libero_spatial_task_t9_s7,baseline,9,7,2,read_text_file,guides,strict_hybrid_guide.md,False,
20260813-15:56:15_libero_spatial_task_t9_s7,baseline,9,7,3,read_text_file,guides,pro_hybrid_guide.md,False,
20260813-15:56:15_libero_spatial_task_t9_s7,baseline,9,7,8,list_dir,prior_results,results_spatial_pert,False,
20260813-15:56:15_libero_spatial_task_t9_s7,baseline,9,7,9,read_text_file,prior_results,spatial_t9_s0.json,False,
20260813-16:06:42_libero_spatial_task_t9_s8,baseline,9,8,1,read_text_file,memory,MEMORY.md,False,
20260813-16:06:42_libero_spatial_task_t9_s8,baseline,9,8,1,list_dir,memory,,False,
20260813-16:06:42_libero_spatial_task_t9_s8,baseline,9,8,2,list_dir,memory,,False,
20260813-16:06:42_libero_spatial_task_t9_s8,baseline,9,8,3,read_text_file,guides,strict_hybrid_guide.md,False,
20260813-16:06:42_libero_spatial_task_t9_s8,baseline,9,8,4,read_text_file,guides,pro_hybrid_guide.md,False,
20260813-16:06:42_libero_spatial_task_t9_s8,baseline,9,8,5,read_text_file,guides,env_calibration.md,False,
20260813-16:06:42_libero_spatial_task_t9_s8,baseline,9,8,6,list_dir,prior_results,,False,
20260813-16:06:42_libero_spatial_task_t9_s8,baseline,9,8,7,read_text_file,prior_results,spatial_t9_s0.json,False,
20260813-16:06:42_libero_spatial_task_t9_s8,baseline,9,8,8,read_text_file,prior_results,recipe_spatial_t9_s0.jsonl,False,
20260813-16:06:42_libero_spatial_task_t9_s8,baseline,9,8,9,read_text_file,prior_results,transcript_spatial_t9_s0.json,False,
20260813-16:07:13_libero_spatial_task_t9_s9,baseline,9,9,1,read_text_file,memory,MEMORY.md,True,
20260813-16:07:13_libero_spatial_task_t9_s9,baseline,9,9,1,list_dir,memory,,True,
20260813-16:07:13_libero_spatial_task_t9_s9,baseline,9,9,2,read_text_file,guides,strict_hybrid_guide.md,True,
20260813-16:07:13_libero_spatial_task_t9_s9,baseline,9,9,2,read_text_file,guides,pro_hybrid_guide.md,True,
20260813-16:07:13_libero_spatial_task_t9_s9,baseline,9,9,3,read_text_file,guides,strict_hybrid_guide.md,True,
20260813-16:07:13_libero_spatial_task_t9_s9,baseline,9,9,4,read_text_file,guides,env_calibration.md,True,
20260813-16:07:13_libero_spatial_task_t9_s9,baseline,9,9,4,list_dir,prior_results,,True,
20260813-16:07:13_libero_spatial_task_t9_s9,baseline,9,9,5,list_dir,prior_results,,True,
20260813-16:07:13_libero_spatial_task_t9_s9,baseline,9,9,6,read_text_file,prior_results,spatial_t9_s0.json,True,
20260813-16:07:13_libero_spatial_task_t9_s9,baseline,9,9,6,read_text_file,prior_results,recipe_spatial_t9_s0.jsonl,True,
20260813-16:07:13_libero_spatial_task_t9_s9,baseline,9,9,7,read_text_file,prior_results,recipe_spatial_t9_s0.jsonl,True,
20260813-16:08:46_libero_spatial_task_t9_s10,baseline,9,10,1,read_text_file,memory,MEMORY.md,False,
20260813-16:08:46_libero_spatial_task_t9_s10,baseline,9,10,1,read_text_file,guides,strict_hybrid_guide.md,False,
20260813-16:08:46_libero_spatial_task_t9_s10,baseline,9,10,3,read_text_file,guides,strict_hybrid_guide.md,False,
20260813-16:08:46_libero_spatial_task_t9_s10,baseline,9,10,4,read_text_file,guides,pro_hybrid_guide.md,False,
20260813-16:08:46_libero_spatial_task_t9_s10,baseline,9,10,5,read_text_file,guides,env_calibration.md,False,
20260813-16:08:46_libero_spatial_task_t9_s10,baseline,9,10,6,list_dir,prior_results,results_spatial_pert,False,
20260813-16:08:46_libero_spatial_task_t9_s10,baseline,9,10,7,read_text_file,prior_results,spatial_t9_s0.json,False,
20260813-16:08:46_libero_spatial_task_t9_s10,baseline,9,10,7,read_text_file,prior_results,recipe_spatial_t9_s0.jsonl,False,
20260813-16:08:46_libero_spatial_task_t9_s10,baseline,9,10,8,read_text_file,prior_results,recipe_spatial_t9_s0.jsonl,False,
20260814-19:05:48_baseline_libero_spatial_task_t0_s1_r2,baseline,0,1,1,read_text_file,memory,MEMORY.md,False,
20260814-19:05:48_baseline_libero_spatial_task_t0_s1_r2,baseline,0,1,1,list_dir,other,memory,False,
20260814-19:05:48_baseline_libero_spatial_task_t0_s1_r2,baseline,0,1,4,list_dir,prior_results,results_spatial_pert,False,
20260814-19:05:48_baseline_libero_spatial_task_t0_s1_r2,baseline,0,1,5,read_text_file,prior_results,spatial_t0_s0.json,False,
20260814-19:05:48_baseline_libero_spatial_task_t0_s1_r2,baseline,0,1,6,read_text_file,prior_results,recipe_spatial_t0_s0.jsonl,False,
20260814-19:05:48_baseline_libero_spatial_task_t0_s1_r2,baseline,0,1,7,read_text_file,guides,strict_hybrid_guide.md,False,
20260814-19:05:48_baseline_libero_spatial_task_t0_s1_r3,baseline,0,1,1,read_text_file,memory,MEMORY.md,False,
20260814-19:05:48_baseline_libero_spatial_task_t0_s1_r3,baseline,0,1,1,list_dir,memory,,False,
20260814-19:05:48_baseline_libero_spatial_task_t0_s1_r3,baseline,0,1,2,list_dir,memory,,False,
20260814-19:05:48_baseline_libero_spatial_task_t0_s1_r3,baseline,0,1,3,read_text_file,guides,strict_hybrid_guide.md,False,
20260814-19:05:48_baseline_libero_spatial_task_t0_s1_r3,baseline,0,1,3,read_text_file,guides,pro_hybrid_guide.md,False,
20260814-19:05:48_baseline_libero_spatial_task_t0_s1_r3,baseline,0,1,4,read_text_file,guides,pro_hybrid_guide.md,False,
20260814-19:05:48_baseline_libero_spatial_task_t0_s1_r3,baseline,0,1,5,read_text_file,guides,env_calibration.md,False,
20260814-19:05:48_baseline_libero_spatial_task_t0_s1_r3,baseline,0,1,6,list_dir,prior_results,,False,
20260814-19:05:48_baseline_libero_spatial_task_t0_s1_r3,baseline,0,1,7,read_text_file,prior_results,spatial_t0_s0.json,False,
20260814-19:05:48_baseline_libero_spatial_task_t0_s1_r3,baseline,0,1,8,read_text_file,prior_results,recipe_spatial_t0_s0.jsonl,False,
20260814-19:19:20_baseline_libero_spatial_task_t0_s2_r2,baseline,0,2,1,read_text_file,memory,MEMORY.md,False,
20260814-19:19:20_baseline_libero_spatial_task_t0_s2_r2,baseline,0,2,3,read_text_file,guides,strict_hybrid_guide.md,False,
20260814-19:19:20_baseline_libero_spatial_task_t0_s2_r2,baseline,0,2,3,read_text_file,guides,pro_hybrid_guide.md,False,
20260814-19:19:20_baseline_libero_spatial_task_t0_s2_r2,baseline,0,2,3,read_text_file,guides,env_calibration.md,False,
20260814-19:19:20_baseline_libero_spatial_task_t0_s2_r2,baseline,0,2,3,list_dir,prior_results,results_spatial_pert,False,
20260814-19:19:20_baseline_libero_spatial_task_t0_s2_r2,baseline,0,2,4,read_text_file,guides,pro_hybrid_guide.md,False,
20260814-19:19:20_baseline_libero_spatial_task_t0_s2_r2,baseline,0,2,5,read_text_file,guides,env_calibration.md,False,
20260814-19:19:20_baseline_libero_spatial_task_t0_s2_r2,baseline,0,2,6,list_dir,prior_results,results_spatial_pert,False,
20260814-19:19:20_baseline_libero_spatial_task_t0_s2_r2,baseline,0,2,7,read_text_file,prior_results,spatial_t0_s0.json,False,
20260814-19:19:20_baseline_libero_spatial_task_t0_s2_r2,baseline,0,2,8,read_text_file,prior_results,recipe_spatial_t0_s0.jsonl,False,
20260814-19:21:22_baseline_libero_spatial_task_t0_s2_r3,baseline,0,2,1,read_text_file,memory,MEMORY.md,False,
20260814-19:21:22_baseline_libero_spatial_task_t0_s2_r3,baseline,0,2,1,read_text_file,guides,strict_hybrid_guide.md,False,
20260814-19:21:22_baseline_libero_spatial_task_t0_s2_r3,baseline,0,2,1,read_text_file,guides,pro_hybrid_guide.md,False,
20260814-19:21:22_baseline_libero_spatial_task_t0_s2_r3,baseline,0,2,2,read_text_file,guides,strict_hybrid_guide.md,False,
20260814-19:21:22_baseline_libero_spatial_task_t0_s2_r3,baseline,0,2,3,read_text_file,guides,pro_hybrid_guide.md,False,
20260814-19:21:22_baseline_libero_spatial_task_t0_s2_r3,baseline,0,2,4,read_text_file,guides,env_calibration.md,False,
20260814-19:21:22_baseline_libero_spatial_task_t0_s2_r3,baseline,0,2,6,list_dir,memory,,False,
20260814-19:21:22_baseline_libero_spatial_task_t0_s2_r3,baseline,0,2,6,list_dir,prior_results,,False,
20260814-19:21:22_baseline_libero_spatial_task_t0_s2_r3,baseline,0,2,7,list_dir,prior_results,,False,
20260814-19:21:22_baseline_libero_spatial_task_t0_s2_r3,baseline,0,2,8,read_text_file,prior_results,spatial_t0_s0.json,False,
20260814-19:21:22_baseline_libero_spatial_task_t0_s2_r3,baseline,0,2,9,read_text_file,prior_results,recipe_spatial_t0_s0.jsonl,False,
20260814-19:31:03_baseline_libero_spatial_task_t0_s3_r2,baseline,0,3,1,read_text_file,memory,MEMORY.md,False,
20260814-19:31:03_baseline_libero_spatial_task_t0_s3_r2,baseline,0,3,1,read_text_file,guides,strict_hybrid_guide.md,False,
20260814-19:31:03_baseline_libero_spatial_task_t0_s3_r2,baseline,0,3,2,read_text_file,guides,strict_hybrid_guide.md,False,
20260814-19:31:03_baseline_libero_spatial_task_t0_s3_r2,baseline,0,3,3,read_text_file,guides,pro_hybrid_guide.md,False,
20260814-19:31:03_baseline_libero_spatial_task_t0_s3_r2,baseline,0,3,4,read_text_file,guides,env_calibration.md,False,
20260814-19:31:03_baseline_libero_spatial_task_t0_s3_r2,baseline,0,3,5,list_dir,prior_results,results_spatial_pert,False,
20260814-19:31:03_baseline_libero_spatial_task_t0_s3_r2,baseline,0,3,6,read_text_file,prior_results,spatial_t0_s0.json,False,
20260814-19:31:03_baseline_libero_spatial_task_t0_s3_r2,baseline,0,3,7,read_text_file,prior_results,recipe_spatial_t0_s0.jsonl,False,
20260814-19:31:14_baseline_libero_spatial_task_t0_s3_r3,baseline,0,3,1,read_text_file,memory,MEMORY.md,False,
20260814-19:31:14_baseline_libero_spatial_task_t0_s3_r3,baseline,0,3,1,read_text_file,guides,strict_hybrid_guide.md,False,
20260814-19:31:14_baseline_libero_spatial_task_t0_s3_r3,baseline,0,3,1,read_text_file,guides,pro_hybrid_guide.md,False,
20260814-19:31:14_baseline_libero_spatial_task_t0_s3_r3,baseline,0,3,3,read_text_file,guides,strict_hybrid_guide.md,False,
20260814-19:31:14_baseline_libero_spatial_task_t0_s3_r3,baseline,0,3,4,read_text_file,guides,pro_hybrid_guide.md,False,
20260814-19:31:14_baseline_libero_spatial_task_t0_s3_r3,baseline,0,3,5,read_text_file,guides,env_calibration.md,False,
20260814-19:31:14_baseline_libero_spatial_task_t0_s3_r3,baseline,0,3,6,list_dir,prior_results,results_spatial_pert,False,
20260814-19:31:14_baseline_libero_spatial_task_t0_s3_r3,baseline,0,3,7,read_text_file,prior_results,spatial_t0_s0.json,False,
20260814-19:31:14_baseline_libero_spatial_task_t0_s3_r3,baseline,0,3,8,read_text_file,prior_results,recipe_spatial_t0_s0.jsonl,False,
20260814-19:43:36_baseline_libero_spatial_task_t0_s4_r2,baseline,0,4,1,read_text_file,memory,MEMORY.md,False,
20260814-19:43:36_baseline_libero_spatial_task_t0_s4_r2,baseline,0,4,2,read_text_file,guides,strict_hybrid_guide.md,False,
20260814-19:43:36_baseline_libero_spatial_task_t0_s4_r2,baseline,0,4,4,read_text_file,guides,strict_hybrid_guide.md,False,
20260814-19:43:36_baseline_libero_spatial_task_t0_s4_r2,baseline,0,4,5,read_text_file,guides,pro_hybrid_guide.md,False,
20260814-19:43:36_baseline_libero_spatial_task_t0_s4_r2,baseline,0,4,6,read_text_file,guides,env_calibration.md,False,
20260814-19:43:36_baseline_libero_spatial_task_t0_s4_r2,baseline,0,4,7,list_dir,prior_results,results_spatial_pert,False,
20260814-19:43:36_baseline_libero_spatial_task_t0_s4_r2,baseline,0,4,8,read_text_file,prior_results,spatial_t0_s0.json,False,
20260814-19:43:36_baseline_libero_spatial_task_t0_s4_r2,baseline,0,4,8,read_text_file,prior_results,recipe_spatial_t0_s0.jsonl,False,
20260814-19:43:36_baseline_libero_spatial_task_t0_s4_r2,baseline,0,4,9,read_text_file,prior_results,recipe_spatial_t0_s0.jsonl,False,
20260814-19:44:42_baseline_libero_spatial_task_t0_s4_r3,baseline,0,4,1,read_text_file,memory,MEMORY.md,False,
20260814-19:44:42_baseline_libero_spatial_task_t0_s4_r3,baseline,0,4,1,read_text_file,guides,strict_hybrid_guide.md,False,
20260814-19:44:42_baseline_libero_spatial_task_t0_s4_r3,baseline,0,4,2,read_text_file,guides,strict_hybrid_guide.md,False,
20260814-19:44:42_baseline_libero_spatial_task_t0_s4_r3,baseline,0,4,3,read_text_file,guides,pro_hybrid_guide.md,False,
20260814-19:44:42_baseline_libero_spatial_task_t0_s4_r3,baseline,0,4,4,read_text_file,guides,env_calibration.md,False,
20260814-19:57:23_baseline_libero_spatial_task_t0_s5_r2,baseline,0,5,1,read_text_file,memory,MEMORY.md,True,
20260814-19:57:23_baseline_libero_spatial_task_t0_s5_r2,baseline,0,5,2,list_dir,other,memory,True,
20260814-19:57:23_baseline_libero_spatial_task_t0_s5_r2,baseline,0,5,3,list_dir,other,memory,True,
20260814-19:57:23_baseline_libero_spatial_task_t0_s5_r2,baseline,0,5,8,list_dir,prior_results,results_spatial_pert,True,
20260814-19:57:23_baseline_libero_spatial_task_t0_s5_r2,baseline,0,5,9,read_text_file,prior_results,spatial_t0_s0.json,True,
20260814-19:58:01_baseline_libero_spatial_task_t0_s5_r3,baseline,0,5,1,read_text_file,memory,MEMORY.md,False,
20260814-19:58:01_baseline_libero_spatial_task_t0_s5_r3,baseline,0,5,3,list_dir,prior_results,results_spatial_pert,False,
20260814-19:58:01_baseline_libero_spatial_task_t0_s5_r3,baseline,0,5,4,read_text_file,prior_results,spatial_t0_s0.json,False,
20260814-19:58:01_baseline_libero_spatial_task_t0_s5_r3,baseline,0,5,5,read_text_file,guides,strict_hybrid_guide.md,False,
20260814-19:58:01_baseline_libero_spatial_task_t0_s5_r3,baseline,0,5,5,read_text_file,guides,env_calibration.md,False,
20260814-19:58:01_baseline_libero_spatial_task_t0_s5_r3,baseline,0,5,38,read_text_file,prior_results,transcript_spatial_t0_s0.json,False,
20260814-20:11:57_baseline_libero_spatial_task_t0_s6_r3,baseline,0,6,1,read_text_file,memory,MEMORY.md,True,
20260814-20:11:57_baseline_libero_spatial_task_t0_s6_r3,baseline,0,6,1,read_text_file,guides,strict_hybrid_guide.md,True,
20260814-20:11:57_baseline_libero_spatial_task_t0_s6_r3,baseline,0,6,1,list_dir,prior_results,results_spatial_pert,True,
20260814-20:11:57_baseline_libero_spatial_task_t0_s6_r3,baseline,0,6,2,read_text_file,guides,strict_hybrid_guide.md,True,
20260814-20:11:57_baseline_libero_spatial_task_t0_s6_r3,baseline,0,6,3,list_dir,prior_results,results_spatial_pert,True,
20260814-20:11:57_baseline_libero_spatial_task_t0_s6_r3,baseline,0,6,4,read_text_file,prior_results,spatial_t0_s0.json,True,
20260814-20:11:57_baseline_libero_spatial_task_t0_s6_r3,baseline,0,6,5,read_text_file,prior_results,recipe_spatial_t0_s0.jsonl,True,
20260814-20:10:51_baseline_libero_spatial_task_t0_s6_r2,baseline,0,6,1,read_text_file,memory,MEMORY.md,False,
20260814-20:10:51_baseline_libero_spatial_task_t0_s6_r2,baseline,0,6,3,read_text_file,guides,strict_hybrid_guide.md,False,
20260814-20:10:51_baseline_libero_spatial_task_t0_s6_r2,baseline,0,6,4,list_dir,other,memory,False,
20260814-20:10:51_baseline_libero_spatial_task_t0_s6_r2,baseline,0,6,4,list_dir,prior_results,results_spatial_pert,False,
20260814-20:10:51_baseline_libero_spatial_task_t0_s6_r2,baseline,0,6,5,list_dir,prior_results,results_spatial_pert,False,
20260814-20:10:51_baseline_libero_spatial_task_t0_s6_r2,baseline,0,6,6,read_text_file,prior_results,spatial_t0_s0.json,False,
20260814-20:10:51_baseline_libero_spatial_task_t0_s6_r2,baseline,0,6,7,read_text_file,prior_results,recipe_spatial_t0_s0.jsonl,False,
20260814-20:10:51_baseline_libero_spatial_task_t0_s6_r2,baseline,0,6,8,read_text_file,guides,pro_hybrid_guide.md,False,
20260814-20:10:51_baseline_libero_spatial_task_t0_s6_r2,baseline,0,6,9,read_text_file,guides,env_calibration.md,False,
20260814-20:26:17_baseline_libero_spatial_task_t0_s7_r2,baseline,0,7,1,read_text_file,memory,MEMORY.md,False,
20260814-20:26:17_baseline_libero_spatial_task_t0_s7_r2,baseline,0,7,1,list_dir,memory,,False,
20260814-20:26:17_baseline_libero_spatial_task_t0_s7_r2,baseline,0,7,3,list_dir,memory,,False,
20260814-20:26:17_baseline_libero_spatial_task_t0_s7_r2,baseline,0,7,4,read_text_file,guides,strict_hybrid_guide.md,False,
20260814-20:26:17_baseline_libero_spatial_task_t0_s7_r2,baseline,0,7,5,read_text_file,guides,pro_hybrid_guide.md,False,
20260814-20:26:17_baseline_libero_spatial_task_t0_s7_r2,baseline,0,7,6,read_text_file,guides,env_calibration.md,False,
20260814-20:26:17_baseline_libero_spatial_task_t0_s7_r2,baseline,0,7,7,list_dir,prior_results,,False,
20260814-20:26:17_baseline_libero_spatial_task_t0_s7_r2,baseline,0,7,8,read_text_file,prior_results,spatial_t0_s0.json,False,
20260814-20:26:17_baseline_libero_spatial_task_t0_s7_r2,baseline,0,7,9,read_text_file,prior_results,recipe_spatial_t0_s0.jsonl,False,
20260814-20:27:16_baseline_libero_spatial_task_t0_s7_r3,baseline,0,7,1,read_text_file,memory,MEMORY.md,False,
20260814-20:27:16_baseline_libero_spatial_task_t0_s7_r3,baseline,0,7,1,read_text_file,guides,strict_hybrid_guide.md,False,
20260814-20:27:16_baseline_libero_spatial_task_t0_s7_r3,baseline,0,7,1,read_text_file,guides,pro_hybrid_guide.md,False,
20260814-20:27:16_baseline_libero_spatial_task_t0_s7_r3,baseline,0,7,3,read_text_file,guides,strict_hybrid_guide.md,False,
20260814-20:27:16_baseline_libero_spatial_task_t0_s7_r3,baseline,0,7,3,list_dir,prior_results,results_spatial_pert,False,
20260814-20:27:16_baseline_libero_spatial_task_t0_s7_r3,baseline,0,7,4,list_dir,prior_results,results_spatial_pert,False,
20260814-20:27:16_baseline_libero_spatial_task_t0_s7_r3,baseline,0,7,5,read_text_file,prior_results,spatial_t0_s0.json,False,
20260814-20:27:16_baseline_libero_spatial_task_t0_s7_r3,baseline,0,7,6,read_text_file,prior_results,recipe_spatial_t0_s0.jsonl,False,
20260814-20:27:16_baseline_libero_spatial_task_t0_s7_r3,baseline,0,7,7,read_text_file,guides,pro_hybrid_guide.md,False,
20260814-20:39:11_baseline_libero_spatial_task_t0_s8_r2,baseline,0,8,1,read_text_file,memory,MEMORY.md,True,
20260814-20:39:11_baseline_libero_spatial_task_t0_s8_r2,baseline,0,8,3,read_text_file,guides,strict_hybrid_guide.md,True,
20260814-20:39:11_baseline_libero_spatial_task_t0_s8_r2,baseline,0,8,4,read_text_file,guides,pro_hybrid_guide.md,True,
20260814-20:39:11_baseline_libero_spatial_task_t0_s8_r2,baseline,0,8,4,read_text_file,guides,env_calibration.md,True,
20260814-20:39:11_baseline_libero_spatial_task_t0_s8_r2,baseline,0,8,4,list_dir,memory,,True,
20260814-20:39:11_baseline_libero_spatial_task_t0_s8_r2,baseline,0,8,11,read_text_file,memory,feedback_bowl_eef_y_offset.md,True,
20260814-20:39:31_baseline_libero_spatial_task_t0_s8_r3,baseline,0,8,1,read_text_file,memory,MEMORY.md,True,
20260814-20:39:31_baseline_libero_spatial_task_t0_s8_r3,baseline,0,8,2,read_text_file,guides,strict_hybrid_guide.md,True,
20260814-20:39:31_baseline_libero_spatial_task_t0_s8_r3,baseline,0,8,4,list_dir,prior_results,results_spatial_pert,True,
20260814-20:39:31_baseline_libero_spatial_task_t0_s8_r3,baseline,0,8,5,read_text_file,prior_results,spatial_t0_s0.json,True,
20260814-20:39:31_baseline_libero_spatial_task_t0_s8_r3,baseline,0,8,5,read_text_file,prior_results,recipe_spatial_t0_s0.jsonl,True,
20260814-20:52:54_baseline_libero_spatial_task_t0_s9_r2,baseline,0,9,1,read_text_file,memory,MEMORY.md,True,
20260814-20:52:54_baseline_libero_spatial_task_t0_s9_r2,baseline,0,9,3,read_text_file,guides,strict_hybrid_guide.md,True,
20260814-20:52:54_baseline_libero_spatial_task_t0_s9_r2,baseline,0,9,3,read_text_file,guides,pro_hybrid_guide.md,True,
20260814-20:52:54_baseline_libero_spatial_task_t0_s9_r2,baseline,0,9,4,read_text_file,guides,env_calibration.md,True,
20260814-20:52:54_baseline_libero_spatial_task_t0_s9_r2,baseline,0,9,4,list_dir,prior_results,results_spatial_pert,True,
20260814-20:52:54_baseline_libero_spatial_task_t0_s9_r2,baseline,0,9,5,read_text_file,prior_results,spatial_t0_s0.json,True,
20260814-20:52:54_baseline_libero_spatial_task_t0_s9_r2,baseline,0,9,6,read_text_file,prior_results,recipe_spatial_t0_s0.jsonl,True,
20260814-20:53:05_baseline_libero_spatial_task_t0_s9_r3,baseline,0,9,1,read_text_file,memory,MEMORY.md,True,
20260814-20:53:05_baseline_libero_spatial_task_t0_s9_r3,baseline,0,9,1,list_dir,memory,,True,
20260814-21:04:45_baseline_libero_spatial_task_t0_s10_r2,baseline,0,10,1,read_text_file,memory,MEMORY.md,True,
20260814-21:04:45_baseline_libero_spatial_task_t0_s10_r2,baseline,0,10,2,list_dir,other,memory,True,
20260814-21:04:45_baseline_libero_spatial_task_t0_s10_r2,baseline,0,10,3,list_dir,prior_results,results_spatial_pert,True,
20260814-21:04:45_baseline_libero_spatial_task_t0_s10_r2,baseline,0,10,4,read_text_file,prior_results,spatial_t0_s0.json,True,
20260814-21:04:45_baseline_libero_spatial_task_t0_s10_r2,baseline,0,10,4,read_text_file,prior_results,recipe_spatial_t0_s0.jsonl,True,
20260814-21:04:45_baseline_libero_spatial_task_t0_s10_r2,baseline,0,10,5,read_text_file,guides,strict_hybrid_guide.md,True,
20260814-21:04:45_baseline_libero_spatial_task_t0_s10_r2,baseline,0,10,6,read_text_file,guides,env_calibration.md,True,
20260814-21:06:12_baseline_libero_spatial_task_t0_s10_r3,baseline,0,10,1,read_text_file,memory,MEMORY.md,True,
20260814-21:06:12_baseline_libero_spatial_task_t0_s10_r3,baseline,0,10,1,read_text_file,guides,strict_hybrid_guide.md,True,
20260814-21:06:12_baseline_libero_spatial_task_t0_s10_r3,baseline,0,10,2,read_text_file,guides,strict_hybrid_guide.md,True,
20260814-21:06:12_baseline_libero_spatial_task_t0_s10_r3,baseline,0,10,3,read_text_file,guides,pro_hybrid_guide.md,True,
20260814-21:06:12_baseline_libero_spatial_task_t0_s10_r3,baseline,0,10,4,read_text_file,guides,env_calibration.md,True,
20260814-21:06:12_baseline_libero_spatial_task_t0_s10_r3,baseline,0,10,6,list_dir,prior_results,results_spatial_pert,True,
20260814-21:06:12_baseline_libero_spatial_task_t0_s10_r3,baseline,0,10,7,read_text_file,prior_results,spatial_t0_s0.json,True,
20260814-21:06:12_baseline_libero_spatial_task_t0_s10_r3,baseline,0,10,8,read_text_file,prior_results,recipe_spatial_t0_s0.jsonl,True,
20260814-21:06:12_baseline_libero_spatial_task_t0_s10_r3,baseline,0,10,8,list_dir,other,memory,True,
20260814-21:06:12_baseline_libero_spatial_task_t0_s10_r3,baseline,0,10,9,list_dir,other,memory,True,
20260814-21:18:43_baseline_libero_spatial_task_t7_s1_r3,baseline,7,1,1,read_text_file,memory,MEMORY.md,False,
20260814-21:18:43_baseline_libero_spatial_task_t7_s1_r3,baseline,7,1,3,list_dir,prior_results,results_spatial_pert,False,
20260814-21:18:43_baseline_libero_spatial_task_t7_s1_r3,baseline,7,1,4,read_text_file,prior_results,spatial_t7_s0.json,False,
20260814-21:18:43_baseline_libero_spatial_task_t7_s1_r3,baseline,7,1,4,read_text_file,prior_results,recipe_spatial_t7_s0.jsonl,False,
20260814-21:18:43_baseline_libero_spatial_task_t7_s1_r3,baseline,7,1,5,read_text_file,prior_results,recipe_spatial_t7_s0.jsonl,False,
20260814-21:18:43_baseline_libero_spatial_task_t7_s1_r3,baseline,7,1,5,read_text_file,guides,strict_hybrid_guide.md,False,
20260814-21:18:43_baseline_libero_spatial_task_t7_s1_r3,baseline,7,1,6,read_text_file,guides,strict_hybrid_guide.md,False,
20260814-21:18:43_baseline_libero_spatial_task_t7_s1_r3,baseline,7,1,7,read_text_file,guides,pro_hybrid_guide.md,False,
20260814-21:18:43_baseline_libero_spatial_task_t7_s1_r3,baseline,7,1,7,list_dir,other,memory,False,
20260814-21:18:43_baseline_libero_spatial_task_t7_s1_r3,baseline,7,1,8,list_dir,other,memory,False,
20260814-21:18:43_baseline_libero_spatial_task_t7_s1_r3,baseline,7,1,9,read_text_file,guides,env_calibration.md,False,
20260814-21:18:43_baseline_libero_spatial_task_t7_s1_r3,baseline,7,1,10,read_text_file,prior_results,transcript_spatial_t7_s0.json,False,
20260814-21:18:36_baseline_libero_spatial_task_t7_s1_r2,baseline,7,1,1,read_text_file,memory,MEMORY.md,False,
20260814-21:18:36_baseline_libero_spatial_task_t7_s1_r2,baseline,7,1,2,read_text_file,guides,strict_hybrid_guide.md,False,
20260814-21:18:36_baseline_libero_spatial_task_t7_s1_r2,baseline,7,1,2,read_text_file,guides,pro_hybrid_guide.md,False,
20260814-21:18:36_baseline_libero_spatial_task_t7_s1_r2,baseline,7,1,3,read_text_file,guides,strict_hybrid_guide.md,False,
20260814-21:18:36_baseline_libero_spatial_task_t7_s1_r2,baseline,7,1,3,list_dir,other,memory,False,
20260814-21:18:36_baseline_libero_spatial_task_t7_s1_r2,baseline,7,1,4,read_text_file,guides,strict_hybrid_guide.md,False,
20260814-21:18:36_baseline_libero_spatial_task_t7_s1_r2,baseline,7,1,4,list_dir,prior_results,results_spatial_pert,False,
20260814-21:18:36_baseline_libero_spatial_task_t7_s1_r2,baseline,7,1,5,list_dir,prior_results,results_spatial_pert,False,
20260814-21:18:36_baseline_libero_spatial_task_t7_s1_r2,baseline,7,1,6,read_text_file,prior_results,spatial_t7_s0.json,False,
20260814-21:18:36_baseline_libero_spatial_task_t7_s1_r2,baseline,7,1,6,read_text_file,prior_results,recipe_spatial_t7_s0.jsonl,False,
20260814-21:18:36_baseline_libero_spatial_task_t7_s1_r2,baseline,7,1,7,read_text_file,prior_results,recipe_spatial_t7_s0.jsonl,False,
20260814-21:18:36_baseline_libero_spatial_task_t7_s1_r2,baseline,7,1,16,read_text_file,guides,env_calibration.md,False,
20260814-21:34:48_baseline_libero_spatial_task_t7_s2_r3,baseline,7,2,1,read_text_file,memory,MEMORY.md,False,
20260814-21:34:48_baseline_libero_spatial_task_t7_s2_r3,baseline,7,2,1,list_dir,memory,,False,
20260814-21:34:48_baseline_libero_spatial_task_t7_s2_r3,baseline,7,2,2,list_dir,memory,,False,
20260814-21:34:48_baseline_libero_spatial_task_t7_s2_r3,baseline,7,2,2,list_dir,other,,False,
20260814-21:34:48_baseline_libero_spatial_task_t7_s2_r3,baseline,7,2,3,list_dir,other,,False,
20260814-21:34:48_baseline_libero_spatial_task_t7_s2_r3,baseline,7,2,4,list_dir,prior_results,,False,
20260814-21:34:48_baseline_libero_spatial_task_t7_s2_r3,baseline,7,2,4,list_dir,prior_results,,False,
20260814-21:34:48_baseline_libero_spatial_task_t7_s2_r3,baseline,7,2,5,read_text_file,prior_results,spatial_task_t7_s0.json,False,
20260814-21:34:48_baseline_libero_spatial_task_t7_s2_r3,baseline,7,2,6,read_text_file,prior_results,recipe_spatial_task_t7_s0.jsonl,False,
20260814-21:34:48_baseline_libero_spatial_task_t7_s2_r3,baseline,7,2,7,read_text_file,guides,strict_hybrid_guide.md,False,
20260814-21:34:48_baseline_libero_spatial_task_t7_s2_r3,baseline,7,2,7,read_text_file,guides,pro_hybrid_guide.md,False,
20260814-21:34:48_baseline_libero_spatial_task_t7_s2_r3,baseline,7,2,8,read_text_file,guides,pro_hybrid_guide.md,False,
20260814-21:34:48_baseline_libero_spatial_task_t7_s2_r3,baseline,7,2,9,read_text_file,guides,env_calibration.md,False,
20260814-21:34:35_baseline_libero_spatial_task_t7_s2_r2,baseline,7,2,1,read_text_file,memory,MEMORY.md,True,
20260814-21:34:35_baseline_libero_spatial_task_t7_s2_r2,baseline,7,2,1,read_text_file,guides,strict_hybrid_guide.md,True,
20260814-21:34:35_baseline_libero_spatial_task_t7_s2_r2,baseline,7,2,2,read_text_file,guides,strict_hybrid_guide.md,True,
20260814-21:34:35_baseline_libero_spatial_task_t7_s2_r2,baseline,7,2,3,read_text_file,guides,env_calibration.md,True,
20260814-21:34:35_baseline_libero_spatial_task_t7_s2_r2,baseline,7,2,8,read_text_file,guides,pro_hybrid_guide.md,True,
20260814-21:34:35_baseline_libero_spatial_task_t7_s2_r2,baseline,7,2,9,read_text_file,guides,pro_hybrid_guide.md,True,
20260814-21:34:35_baseline_libero_spatial_task_t7_s2_r2,baseline,7,2,10,list_dir,prior_results,results_spatial_pert,True,
20260814-21:34:35_baseline_libero_spatial_task_t7_s2_r2,baseline,7,2,11,list_dir,prior_results,results_spatial_pert,True,
20260814-21:34:35_baseline_libero_spatial_task_t7_s2_r2,baseline,7,2,12,read_text_file,prior_results,spatial_t7_s0.json,True,
20260814-21:34:35_baseline_libero_spatial_task_t7_s2_r2,baseline,7,2,12,read_text_file,prior_results,recipe_spatial_t7_s0.jsonl,True,
20260814-21:34:35_baseline_libero_spatial_task_t7_s2_r2,baseline,7,2,13,read_text_file,prior_results,recipe_spatial_t7_s0.jsonl,True,
20260814-21:50:48_baseline_libero_spatial_task_t7_s3_r3,baseline,7,3,1,read_text_file,memory,MEMORY.md,False,
20260814-21:50:48_baseline_libero_spatial_task_t7_s3_r3,baseline,7,3,1,read_text_file,guides,strict_hybrid_guide.md,False,
20260814-21:50:48_baseline_libero_spatial_task_t7_s3_r3,baseline,7,3,2,list_dir,other,memory,False,
20260814-21:50:48_baseline_libero_spatial_task_t7_s3_r3,baseline,7,3,3,read_text_file,guides,strict_hybrid_guide.md,False,
20260814-21:50:48_baseline_libero_spatial_task_t7_s3_r3,baseline,7,3,4,read_text_file,guides,pro_hybrid_guide.md,False,
20260814-21:50:48_baseline_libero_spatial_task_t7_s3_r3,baseline,7,3,5,read_text_file,guides,env_calibration.md,False,
20260814-21:50:48_baseline_libero_spatial_task_t7_s3_r3,baseline,7,3,6,list_dir,prior_results,results_spatial_pert,False,
20260814-21:50:48_baseline_libero_spatial_task_t7_s3_r3,baseline,7,3,7,read_text_file,prior_results,spatial_t7_s0.json,False,
20260814-21:50:48_baseline_libero_spatial_task_t7_s3_r3,baseline,7,3,8,read_text_file,prior_results,recipe_spatial_t7_s0.jsonl,False,
20260814-21:49:17_baseline_libero_spatial_task_t7_s3_r2,baseline,7,3,1,read_text_file,memory,MEMORY.md,False,
20260814-21:49:17_baseline_libero_spatial_task_t7_s3_r2,baseline,7,3,2,read_text_file,guides,strict_hybrid_guide.md,False,
20260814-21:49:17_baseline_libero_spatial_task_t7_s3_r2,baseline,7,3,2,list_dir,prior_results,results_spatial_pert,False,
20260814-21:49:17_baseline_libero_spatial_task_t7_s3_r2,baseline,7,3,3,read_text_file,prior_results,spatial_t7_s0.json,False,
20260814-21:49:17_baseline_libero_spatial_task_t7_s3_r2,baseline,7,3,4,read_text_file,prior_results,recipe_spatial_t7_s0.jsonl,False,
20260814-21:49:17_baseline_libero_spatial_task_t7_s3_r2,baseline,7,3,5,read_text_file,guides,strict_hybrid_guide.md,False,
20260814-21:49:17_baseline_libero_spatial_task_t7_s3_r2,baseline,7,3,6,read_text_file,guides,pro_hybrid_guide.md,False,
20260814-21:49:17_baseline_libero_spatial_task_t7_s3_r2,baseline,7,3,7,read_text_file,guides,env_calibration.md,False,
20260814-21:49:17_baseline_libero_spatial_task_t7_s3_r2,baseline,7,3,8,list_dir,other,memory,False,
20260814-22:02:59_baseline_libero_spatial_task_t7_s4_r2,baseline,7,4,1,read_text_file,memory,MEMORY.md,False,
20260814-22:02:59_baseline_libero_spatial_task_t7_s4_r2,baseline,7,4,1,list_dir,other,memory,False,
20260814-22:02:59_baseline_libero_spatial_task_t7_s4_r2,baseline,7,4,2,list_dir,other,memory,False,
20260814-22:02:59_baseline_libero_spatial_task_t7_s4_r2,baseline,7,4,2,list_dir,prior_results,results_spatial_pert,False,
20260814-22:02:59_baseline_libero_spatial_task_t7_s4_r2,baseline,7,4,3,list_dir,prior_results,results_spatial_pert,False,
20260814-22:02:59_baseline_libero_spatial_task_t7_s4_r2,baseline,7,4,4,read_text_file,prior_results,spatial_t7_s0.json,False,
20260814-22:02:59_baseline_libero_spatial_task_t7_s4_r2,baseline,7,4,5,read_text_file,prior_results,recipe_spatial_t7_s0.jsonl,False,
20260814-22:02:59_baseline_libero_spatial_task_t7_s4_r2,baseline,7,4,6,read_text_file,guides,strict_hybrid_guide.md,False,
20260814-22:02:59_baseline_libero_spatial_task_t7_s4_r2,baseline,7,4,7,read_text_file,guides,env_calibration.md,False,
20260814-22:02:59_baseline_libero_spatial_task_t7_s4_r2,baseline,7,4,8,read_text_file,guides,pro_hybrid_guide.md,False,
20260814-22:04:40_baseline_libero_spatial_task_t7_s4_r3,baseline,7,4,1,read_text_file,memory,MEMORY.md,False,
20260814-22:04:40_baseline_libero_spatial_task_t7_s4_r3,baseline,7,4,1,read_text_file,guides,strict_hybrid_guide.md,False,
20260814-22:04:40_baseline_libero_spatial_task_t7_s4_r3,baseline,7,4,2,read_text_file,guides,strict_hybrid_guide.md,False,
20260814-22:04:40_baseline_libero_spatial_task_t7_s4_r3,baseline,7,4,3,read_text_file,guides,pro_hybrid_guide.md,False,
20260814-22:04:40_baseline_libero_spatial_task_t7_s4_r3,baseline,7,4,4,read_text_file,guides,env_calibration.md,False,
20260814-22:04:40_baseline_libero_spatial_task_t7_s4_r3,baseline,7,4,6,list_dir,prior_results,results_spatial_pert,False,
20260814-22:04:40_baseline_libero_spatial_task_t7_s4_r3,baseline,7,4,7,read_text_file,prior_results,spatial_t7_s0.json,False,
20260814-22:04:40_baseline_libero_spatial_task_t7_s4_r3,baseline,7,4,8,read_text_file,prior_results,recipe_spatial_t7_s0.jsonl,False,
20260814-22:04:40_baseline_libero_spatial_task_t7_s4_r3,baseline,7,4,9,list_dir,other,memory,False,
20260814-22:16:24_baseline_libero_spatial_task_t7_s5_r2,baseline,7,5,1,read_text_file,memory,MEMORY.md,False,
20260814-22:16:24_baseline_libero_spatial_task_t7_s5_r2,baseline,7,5,3,read_text_file,guides,strict_hybrid_guide.md,False,
20260814-22:16:24_baseline_libero_spatial_task_t7_s5_r2,baseline,7,5,3,read_text_file,guides,pro_hybrid_guide.md,False,
20260814-22:16:24_baseline_libero_spatial_task_t7_s5_r2,baseline,7,5,3,read_text_file,guides,env_calibration.md,False,
20260814-22:16:24_baseline_libero_spatial_task_t7_s5_r2,baseline,7,5,4,read_text_file,guides,pro_hybrid_guide.md,False,
20260814-22:16:24_baseline_libero_spatial_task_t7_s5_r2,baseline,7,5,5,read_text_file,guides,env_calibration.md,False,
20260814-22:16:24_baseline_libero_spatial_task_t7_s5_r2,baseline,7,5,6,list_dir,prior_results,results_spatial_pert,False,
20260814-22:16:24_baseline_libero_spatial_task_t7_s5_r2,baseline,7,5,7,read_text_file,prior_results,spatial_t7_s0.json,False,
20260814-22:16:24_baseline_libero_spatial_task_t7_s5_r2,baseline,7,5,7,read_text_file,prior_results,recipe_spatial_t7_s0.jsonl,False,
20260814-22:16:24_baseline_libero_spatial_task_t7_s5_r2,baseline,7,5,8,read_text_file,prior_results,recipe_spatial_t7_s0.jsonl,False,
20260814-22:17:53_baseline_libero_spatial_task_t7_s5_r3,baseline,7,5,1,read_text_file,memory,MEMORY.md,True,
20260814-22:17:53_baseline_libero_spatial_task_t7_s5_r3,baseline,7,5,3,list_dir,prior_results,results_spatial_pert,True,
20260814-22:17:53_baseline_libero_spatial_task_t7_s5_r3,baseline,7,5,4,read_text_file,prior_results,spatial_t7_s0.json,True,
20260814-22:17:53_baseline_libero_spatial_task_t7_s5_r3,baseline,7,5,4,list_dir,other,memory,True,
20260814-22:17:53_baseline_libero_spatial_task_t7_s5_r3,baseline,7,5,5,read_text_file,prior_results,recipe_spatial_t7_s0.jsonl,True,
20260814-22:17:53_baseline_libero_spatial_task_t7_s5_r3,baseline,7,5,5,read_text_file,guides,strict_hybrid_guide.md,True,
20260814-22:17:53_baseline_libero_spatial_task_t7_s5_r3,baseline,7,5,6,read_text_file,guides,strict_hybrid_guide.md,True,
20260814-22:17:53_baseline_libero_spatial_task_t7_s5_r3,baseline,7,5,7,list_dir,other,memory,True,
20260814-22:17:53_baseline_libero_spatial_task_t7_s5_r3,baseline,7,5,8,read_text_file,guides,pro_hybrid_guide.md,True,
20260814-22:17:53_baseline_libero_spatial_task_t7_s5_r3,baseline,7,5,9,read_text_file,guides,env_calibration.md,True,
20260814-22:31:45_baseline_libero_spatial_task_t7_s6_r2,baseline,7,6,1,read_text_file,memory,MEMORY.md,False,
20260814-22:31:45_baseline_libero_spatial_task_t7_s6_r2,baseline,7,6,1,read_text_file,guides,strict_hybrid_guide.md,False,
20260814-22:31:45_baseline_libero_spatial_task_t7_s6_r2,baseline,7,6,2,read_text_file,guides,strict_hybrid_guide.md,False,
20260814-22:31:45_baseline_libero_spatial_task_t7_s6_r2,baseline,7,6,3,read_text_file,guides,pro_hybrid_guide.md,False,
20260814-22:31:45_baseline_libero_spatial_task_t7_s6_r2,baseline,7,6,4,read_text_file,guides,env_calibration.md,False,
20260814-22:31:45_baseline_libero_spatial_task_t7_s6_r2,baseline,7,6,6,list_dir,prior_results,results_spatial_pert,False,
20260814-22:31:45_baseline_libero_spatial_task_t7_s6_r2,baseline,7,6,7,read_text_file,prior_results,spatial_t7_s0.json,False,
20260814-22:31:45_baseline_libero_spatial_task_t7_s6_r2,baseline,7,6,8,read_text_file,prior_results,recipe_spatial_t7_s0.jsonl,False,
20260814-22:32:56_baseline_libero_spatial_task_t7_s6_r3,baseline,7,6,1,read_text_file,memory,MEMORY.md,False,
20260814-22:32:56_baseline_libero_spatial_task_t7_s6_r3,baseline,7,6,3,read_text_file,guides,strict_hybrid_guide.md,False,
20260814-22:32:56_baseline_libero_spatial_task_t7_s6_r3,baseline,7,6,3,read_text_file,guides,pro_hybrid_guide.md,False,
20260814-22:32:56_baseline_libero_spatial_task_t7_s6_r3,baseline,7,6,3,read_text_file,guides,env_calibration.md,False,
20260814-22:32:56_baseline_libero_spatial_task_t7_s6_r3,baseline,7,6,3,list_dir,prior_results,results_spatial_pert,False,
20260814-22:32:56_baseline_libero_spatial_task_t7_s6_r3,baseline,7,6,4,read_text_file,guides,pro_hybrid_guide.md,False,
20260814-22:32:56_baseline_libero_spatial_task_t7_s6_r3,baseline,7,6,4,read_text_file,guides,env_calibration.md,False,
20260814-22:32:56_baseline_libero_spatial_task_t7_s6_r3,baseline,7,6,4,list_dir,prior_results,results_spatial_pert,False,
20260814-22:32:56_baseline_libero_spatial_task_t7_s6_r3,baseline,7,6,5,read_text_file,guides,env_calibration.md,False,
20260814-22:32:56_baseline_libero_spatial_task_t7_s6_r3,baseline,7,6,5,list_dir,prior_results,results_spatial_pert,False,
20260814-22:32:56_baseline_libero_spatial_task_t7_s6_r3,baseline,7,6,6,list_dir,prior_results,results_spatial_pert,False,
20260814-22:32:56_baseline_libero_spatial_task_t7_s6_r3,baseline,7,6,6,list_dir,other,memory,False,
20260814-22:32:56_baseline_libero_spatial_task_t7_s6_r3,baseline,7,6,7,read_text_file,prior_results,spatial_t7_s0.json,False,
20260814-22:32:56_baseline_libero_spatial_task_t7_s6_r3,baseline,7,6,7,read_text_file,prior_results,recipe_spatial_t7_s0.jsonl,False,
20260814-22:32:56_baseline_libero_spatial_task_t7_s6_r3,baseline,7,6,7,list_dir,other,memory,False,
20260814-22:32:56_baseline_libero_spatial_task_t7_s6_r3,baseline,7,6,8,read_text_file,prior_results,recipe_spatial_t7_s0.jsonl,False,
20260814-22:32:56_baseline_libero_spatial_task_t7_s6_r3,baseline,7,6,8,list_dir,other,memory,False,
20260814-22:32:56_baseline_libero_spatial_task_t7_s6_r3,baseline,7,6,9,list_dir,other,memory,False,
20260814-22:32:56_baseline_libero_spatial_task_t7_s6_r3,baseline,7,6,9,read_text_file,prior_results,spatial_t6_s0.json,False,
20260814-22:32:56_baseline_libero_spatial_task_t7_s6_r3,baseline,7,6,10,read_text_file,prior_results,spatial_t6_s0.json,False,
20260814-22:43:36_baseline_libero_spatial_task_t7_s7_r2,baseline,7,7,1,read_text_file,memory,MEMORY.md,True,
20260814-22:43:36_baseline_libero_spatial_task_t7_s7_r2,baseline,7,7,2,read_text_file,guides,strict_hybrid_guide.md,True,
20260814-22:43:36_baseline_libero_spatial_task_t7_s7_r2,baseline,7,7,3,list_dir,other,memory,True,
20260814-22:43:36_baseline_libero_spatial_task_t7_s7_r2,baseline,7,7,4,read_text_file,guides,pro_hybrid_guide.md,True,
20260814-22:43:36_baseline_libero_spatial_task_t7_s7_r2,baseline,7,7,9,list_dir,prior_results,results_spatial_pert,True,
20260814-22:43:36_baseline_libero_spatial_task_t7_s7_r2,baseline,7,7,10,read_text_file,prior_results,spatial_t7_s0.json,True,
20260814-22:43:36_baseline_libero_spatial_task_t7_s7_r2,baseline,7,7,11,read_text_file,prior_results,recipe_spatial_t7_s0.jsonl,True,
20260814-22:43:36_baseline_libero_spatial_task_t7_s7_r2,baseline,7,7,13,read_text_file,guides,env_calibration.md,True,
20260814-22:45:21_baseline_libero_spatial_task_t7_s7_r3,baseline,7,7,1,read_text_file,memory,MEMORY.md,False,
20260814-22:45:21_baseline_libero_spatial_task_t7_s7_r3,baseline,7,7,2,list_dir,other,memory,False,
20260814-22:45:21_baseline_libero_spatial_task_t7_s7_r3,baseline,7,7,2,list_dir,other,libero,False,
20260814-22:45:21_baseline_libero_spatial_task_t7_s7_r3,baseline,7,7,9,read_text_file,guides,strict_hybrid_guide.md,False,
20260814-22:45:21_baseline_libero_spatial_task_t7_s7_r3,baseline,7,7,10,list_dir,prior_results,results_spatial_pert,False,
20260814-22:45:21_baseline_libero_spatial_task_t7_s7_r3,baseline,7,7,11,read_text_file,prior_results,spatial_t7_s0.json,False,
20260814-22:45:21_baseline_libero_spatial_task_t7_s7_r3,baseline,7,7,14,read_text_file,guides,pro_hybrid_guide.md,False,
20260814-22:45:21_baseline_libero_spatial_task_t7_s7_r3,baseline,7,7,15,read_text_file,guides,env_calibration.md,False,
20260814-22:59:19_baseline_libero_spatial_task_t7_s8_r3,baseline,7,8,1,read_text_file,memory,MEMORY.md,False,
20260814-22:59:19_baseline_libero_spatial_task_t7_s8_r3,baseline,7,8,2,list_dir,other,memory,False,
20260814-22:59:19_baseline_libero_spatial_task_t7_s8_r3,baseline,7,8,2,list_dir,other,libero,False,
20260814-22:59:19_baseline_libero_spatial_task_t7_s8_r3,baseline,7,8,4,list_dir,prior_results,results_spatial_pert,False,
20260814-22:59:19_baseline_libero_spatial_task_t7_s8_r3,baseline,7,8,5,read_text_file,prior_results,spatial_t7_s0.json,False,
20260814-22:59:19_baseline_libero_spatial_task_t7_s8_r3,baseline,7,8,6,read_text_file,prior_results,recipe_spatial_t7_s0.jsonl,False,
20260814-22:59:19_baseline_libero_spatial_task_t7_s8_r3,baseline,7,8,7,read_text_file,guides,strict_hybrid_guide.md,False,
20260814-22:59:19_baseline_libero_spatial_task_t7_s8_r3,baseline,7,8,7,read_text_file,guides,env_calibration.md,False,
20260814-22:59:19_baseline_libero_spatial_task_t7_s8_r3,baseline,7,8,8,read_text_file,guides,env_calibration.md,False,
20260814-22:59:19_baseline_libero_spatial_task_t7_s8_r2,baseline,7,8,1,read_text_file,memory,MEMORY.md,False,
20260814-22:59:19_baseline_libero_spatial_task_t7_s8_r2,baseline,7,8,1,read_text_file,guides,strict_hybrid_guide.md,False,
20260814-22:59:19_baseline_libero_spatial_task_t7_s8_r2,baseline,7,8,1,read_text_file,guides,pro_hybrid_guide.md,False,
20260814-22:59:19_baseline_libero_spatial_task_t7_s8_r2,baseline,7,8,1,read_text_file,guides,env_calibration.md,False,
20260814-22:59:19_baseline_libero_spatial_task_t7_s8_r2,baseline,7,8,4,read_text_file,guides,strict_hybrid_guide.md,False,
20260814-22:59:19_baseline_libero_spatial_task_t7_s8_r2,baseline,7,8,5,read_text_file,guides,pro_hybrid_guide.md,False,
20260814-22:59:19_baseline_libero_spatial_task_t7_s8_r2,baseline,7,8,6,read_text_file,guides,env_calibration.md,False,
20260814-22:59:19_baseline_libero_spatial_task_t7_s8_r2,baseline,7,8,7,list_dir,prior_results,results_spatial_pert,False,
20260814-22:59:19_baseline_libero_spatial_task_t7_s8_r2,baseline,7,8,8,read_text_file,prior_results,spatial_t7_s0.json,False,
20260814-22:59:19_baseline_libero_spatial_task_t7_s8_r2,baseline,7,8,9,read_text_file,prior_results,recipe_spatial_t7_s0.jsonl,False,
20260814-23:13:47_baseline_libero_spatial_task_t7_s9_r2,baseline,7,9,1,read_text_file,memory,MEMORY.md,True,
20260814-23:13:47_baseline_libero_spatial_task_t7_s9_r2,baseline,7,9,1,read_text_file,guides,strict_hybrid_guide.md,True,
20260814-23:13:47_baseline_libero_spatial_task_t7_s9_r2,baseline,7,9,2,read_text_file,guides,strict_hybrid_guide.md,True,
20260814-23:13:47_baseline_libero_spatial_task_t7_s9_r2,baseline,7,9,3,read_text_file,guides,pro_hybrid_guide.md,True,
20260814-23:13:47_baseline_libero_spatial_task_t7_s9_r2,baseline,7,9,4,read_text_file,guides,env_calibration.md,True,
20260814-23:13:47_baseline_libero_spatial_task_t7_s9_r2,baseline,7,9,5,list_dir,other,memory,True,
20260814-23:13:47_baseline_libero_spatial_task_t7_s9_r2,baseline,7,9,6,list_dir,prior_results,results_spatial_pert,True,
20260814-23:13:47_baseline_libero_spatial_task_t7_s9_r2,baseline,7,9,7,read_text_file,prior_results,spatial_t7_s0.json,True,
20260814-23:13:47_baseline_libero_spatial_task_t7_s9_r2,baseline,7,9,8,read_text_file,prior_results,recipe_spatial_t7_s0.jsonl,True,
20260814-23:15:13_baseline_libero_spatial_task_t7_s9_r3,baseline,7,9,1,read_text_file,memory,MEMORY.md,False,
20260814-23:15:13_baseline_libero_spatial_task_t7_s9_r3,baseline,7,9,1,list_dir,memory,,False,
20260814-23:15:13_baseline_libero_spatial_task_t7_s9_r3,baseline,7,9,2,list_dir,memory,,False,
20260814-23:15:13_baseline_libero_spatial_task_t7_s9_r3,baseline,7,9,2,read_text_file,guides,strict_hybrid_guide.md,False,
20260814-23:15:13_baseline_libero_spatial_task_t7_s9_r3,baseline,7,9,3,read_text_file,guides,pro_hybrid_guide.md,False,
20260814-23:15:13_baseline_libero_spatial_task_t7_s9_r3,baseline,7,9,3,list_dir,prior_results,,False,
20260814-23:15:13_baseline_libero_spatial_task_t7_s9_r3,baseline,7,9,4,list_dir,prior_results,,False,
20260814-23:15:13_baseline_libero_spatial_task_t7_s9_r3,baseline,7,9,5,read_text_file,prior_results,spatial_t7_s0.json,False,
20260814-23:15:13_baseline_libero_spatial_task_t7_s9_r3,baseline,7,9,6,read_text_file,prior_results,recipe_spatial_t7_s0.jsonl,False,
20260814-23:15:13_baseline_libero_spatial_task_t7_s9_r3,baseline,7,9,6,read_text_file,guides,env_calibration.md,False,
20260814-23:15:13_baseline_libero_spatial_task_t7_s9_r3,baseline,7,9,7,read_text_file,guides,env_calibration.md,False,
20260814-23:26:36_baseline_libero_spatial_task_t7_s10_r2,baseline,7,10,1,read_text_file,memory,MEMORY.md,False,
20260814-23:26:36_baseline_libero_spatial_task_t7_s10_r2,baseline,7,10,3,read_text_file,guides,strict_hybrid_guide.md,False,
20260814-23:26:36_baseline_libero_spatial_task_t7_s10_r2,baseline,7,10,3,read_text_file,guides,pro_hybrid_guide.md,False,
20260814-23:26:36_baseline_libero_spatial_task_t7_s10_r2,baseline,7,10,3,read_text_file,guides,env_calibration.md,False,
20260814-23:26:36_baseline_libero_spatial_task_t7_s10_r2,baseline,7,10,3,list_dir,other,memory,False,
20260814-23:26:36_baseline_libero_spatial_task_t7_s10_r2,baseline,7,10,3,list_dir,prior_results,results_spatial_pert,False,
20260814-23:26:36_baseline_libero_spatial_task_t7_s10_r2,baseline,7,10,4,read_text_file,guides,pro_hybrid_guide.md,False,
20260814-23:26:36_baseline_libero_spatial_task_t7_s10_r2,baseline,7,10,4,read_text_file,guides,env_calibration.md,False,
20260814-23:26:36_baseline_libero_spatial_task_t7_s10_r2,baseline,7,10,5,read_text_file,guides,env_calibration.md,False,
20260814-23:26:36_baseline_libero_spatial_task_t7_s10_r2,baseline,7,10,14,list_dir,other,memory,False,
20260814-23:26:36_baseline_libero_spatial_task_t7_s10_r2,baseline,7,10,15,list_dir,prior_results,results_spatial_pert,False,
20260814-23:26:36_baseline_libero_spatial_task_t7_s10_r2,baseline,7,10,16,read_text_file,prior_results,spatial_t7_s0.json,False,
20260814-23:27:05_baseline_libero_spatial_task_t7_s10_r3,baseline,7,10,1,read_text_file,memory,MEMORY.md,False,
20260814-23:27:05_baseline_libero_spatial_task_t7_s10_r3,baseline,7,10,1,list_dir,other,memory,False,
20260814-23:27:05_baseline_libero_spatial_task_t7_s10_r3,baseline,7,10,2,list_dir,other,memory,False,
20260814-23:27:05_baseline_libero_spatial_task_t7_s10_r3,baseline,7,10,2,read_text_file,guides,strict_hybrid_guide.md,False,
20260814-23:27:05_baseline_libero_spatial_task_t7_s10_r3,baseline,7,10,3,read_text_file,guides,pro_hybrid_guide.md,False,
20260814-23:27:05_baseline_libero_spatial_task_t7_s10_r3,baseline,7,10,3,read_text_file,guides,env_calibration.md,False,
20260814-23:27:05_baseline_libero_spatial_task_t7_s10_r3,baseline,7,10,4,read_text_file,guides,env_calibration.md,False,
20260814-23:27:05_baseline_libero_spatial_task_t7_s10_r3,baseline,7,10,4,list_dir,prior_results,results_spatial_pert,False,
20260814-23:27:05_baseline_libero_spatial_task_t7_s10_r3,baseline,7,10,5,list_dir,prior_results,results_spatial_pert,False,
20260814-23:27:05_baseline_libero_spatial_task_t7_s10_r3,baseline,7,10,6,read_text_file,prior_results,spatial_t7_s0.json,False,
20260814-23:27:05_baseline_libero_spatial_task_t7_s10_r3,baseline,7,10,6,read_text_file,prior_results,recipe_spatial_t7_s0.jsonl,False,
20260814-23:27:05_baseline_libero_spatial_task_t7_s10_r3,baseline,7,10,7,read_text_file,prior_results,recipe_spatial_t7_s0.jsonl,False,
20260814-23:39:57_baseline_libero_spatial_task_t9_s1_r2,baseline,9,1,1,read_text_file,memory,MEMORY.md,False,
20260814-23:39:57_baseline_libero_spatial_task_t9_s1_r2,baseline,9,1,3,read_text_file,guides,strict_hybrid_guide.md,False,
20260814-23:39:57_baseline_libero_spatial_task_t9_s1_r2,baseline,9,1,4,list_dir,prior_results,results_spatial_pert,False,
20260814-23:39:57_baseline_libero_spatial_task_t9_s1_r2,baseline,9,1,4,read_text_file,guides,pro_hybrid_guide.md,False,
20260814-23:39:57_baseline_libero_spatial_task_t9_s1_r2,baseline,9,1,5,read_text_file,prior_results,spatial_t9_s0.json,False,
20260814-23:39:57_baseline_libero_spatial_task_t9_s1_r2,baseline,9,1,6,read_text_file,prior_results,recipe_spatial_t9_s0.jsonl,False,
20260814-23:39:57_baseline_libero_spatial_task_t9_s1_r2,baseline,9,1,7,read_text_file,guides,env_calibration.md,False,
20260814-23:41:40_baseline_libero_spatial_task_t9_s1_r3,baseline,9,1,1,read_text_file,memory,MEMORY.md,False,
20260814-23:41:40_baseline_libero_spatial_task_t9_s1_r3,baseline,9,1,1,read_text_file,guides,strict_hybrid_guide.md,False,
20260814-23:41:40_baseline_libero_spatial_task_t9_s1_r3,baseline,9,1,3,list_dir,memory,,False,
20260814-23:41:40_baseline_libero_spatial_task_t9_s1_r3,baseline,9,1,4,list_dir,prior_results,,False,
20260814-23:41:40_baseline_libero_spatial_task_t9_s1_r3,baseline,9,1,5,read_text_file,prior_results,spatial_t9_s0.json,False,
20260814-23:41:40_baseline_libero_spatial_task_t9_s1_r3,baseline,9,1,6,read_text_file,prior_results,recipe_spatial_t9_s0.jsonl,False,
20260814-23:41:40_baseline_libero_spatial_task_t9_s1_r3,baseline,9,1,7,read_text_file,guides,strict_hybrid_guide.md,False,
20260814-23:55:21_baseline_libero_spatial_task_t9_s2_r2,baseline,9,2,1,read_text_file,memory,MEMORY.md,True,
20260814-23:55:21_baseline_libero_spatial_task_t9_s2_r2,baseline,9,2,3,read_text_file,guides,strict_hybrid_guide.md,True,
20260814-23:55:21_baseline_libero_spatial_task_t9_s2_r2,baseline,9,2,3,read_text_file,guides,pro_hybrid_guide.md,True,
20260814-23:55:21_baseline_libero_spatial_task_t9_s2_r2,baseline,9,2,3,read_text_file,guides,env_calibration.md,True,
20260814-23:55:21_baseline_libero_spatial_task_t9_s2_r2,baseline,9,2,3,list_dir,prior_results,results_spatial_pert,True,
20260814-23:55:21_baseline_libero_spatial_task_t9_s2_r2,baseline,9,2,4,read_text_file,guides,pro_hybrid_guide.md,True,
20260814-23:55:21_baseline_libero_spatial_task_t9_s2_r2,baseline,9,2,5,read_text_file,guides,env_calibration.md,True,
20260814-23:55:21_baseline_libero_spatial_task_t9_s2_r2,baseline,9,2,6,list_dir,prior_results,results_spatial_pert,True,
20260814-23:55:21_baseline_libero_spatial_task_t9_s2_r2,baseline,9,2,7,read_text_file,prior_results,spatial_t9_s0.json,True,
20260814-23:55:21_baseline_libero_spatial_task_t9_s2_r2,baseline,9,2,8,read_text_file,prior_results,recipe_spatial_t9_s0.jsonl,True,
20260814-23:56:05_baseline_libero_spatial_task_t9_s2_r3,baseline,9,2,1,read_text_file,memory,MEMORY.md,False,
20260814-23:56:05_baseline_libero_spatial_task_t9_s2_r3,baseline,9,2,3,read_text_file,guides,strict_hybrid_guide.md,False,
20260814-23:56:05_baseline_libero_spatial_task_t9_s2_r3,baseline,9,2,3,list_dir,prior_results,results_spatial_pert,False,
20260814-23:56:05_baseline_libero_spatial_task_t9_s2_r3,baseline,9,2,4,list_dir,prior_results,results_spatial_pert,False,
20260814-23:56:05_baseline_libero_spatial_task_t9_s2_r3,baseline,9,2,5,read_text_file,prior_results,spatial_t9_s0.json,False,
20260814-23:56:05_baseline_libero_spatial_task_t9_s2_r3,baseline,9,2,6,read_text_file,prior_results,recipe_spatial_t9_s0.jsonl,False,
20260814-23:56:05_baseline_libero_spatial_task_t9_s2_r3,baseline,9,2,13,read_text_file,guides,pro_hybrid_guide.md,False,
20260814-23:56:05_baseline_libero_spatial_task_t9_s2_r3,baseline,9,2,14,list_dir,other,memory,False,
20260814-23:56:05_baseline_libero_spatial_task_t9_s2_r3,baseline,9,2,15,read_text_file,guides,env_calibration.md,False,
20260815-00:10:12_baseline_libero_spatial_task_t9_s3_r3,baseline,9,3,1,read_text_file,memory,MEMORY.md,False,
20260815-00:10:12_baseline_libero_spatial_task_t9_s3_r3,baseline,9,3,1,read_text_file,guides,strict_hybrid_guide.md,False,
20260815-00:10:12_baseline_libero_spatial_task_t9_s3_r3,baseline,9,3,1,read_text_file,guides,pro_hybrid_guide.md,False,
20260815-00:10:12_baseline_libero_spatial_task_t9_s3_r3,baseline,9,3,1,read_text_file,guides,env_calibration.md,False,
20260815-00:10:12_baseline_libero_spatial_task_t9_s3_r3,baseline,9,3,2,read_text_file,guides,strict_hybrid_guide.md,False,
20260815-00:10:12_baseline_libero_spatial_task_t9_s3_r3,baseline,9,3,3,read_text_file,guides,pro_hybrid_guide.md,False,
20260815-00:10:12_baseline_libero_spatial_task_t9_s3_r3,baseline,9,3,4,read_text_file,guides,env_calibration.md,False,
20260815-00:10:12_baseline_libero_spatial_task_t9_s3_r3,baseline,9,3,7,list_dir,prior_results,results_spatial_pert,False,
20260815-00:10:12_baseline_libero_spatial_task_t9_s3_r3,baseline,9,3,8,read_text_file,prior_results,spatial_t9_s0.json,False,
20260815-00:10:12_baseline_libero_spatial_task_t9_s3_r3,baseline,9,3,9,read_text_file,prior_results,recipe_spatial_t9_s0.jsonl,False,
20260815-00:09:44_baseline_libero_spatial_task_t9_s3_r2,baseline,9,3,1,read_text_file,memory,MEMORY.md,True,
20260815-00:09:44_baseline_libero_spatial_task_t9_s3_r2,baseline,9,3,2,read_text_file,guides,strict_hybrid_guide.md,True,
20260815-00:09:44_baseline_libero_spatial_task_t9_s3_r2,baseline,9,3,3,list_dir,other,memory,True,
20260815-00:09:44_baseline_libero_spatial_task_t9_s3_r2,baseline,9,3,3,read_text_file,guides,env_calibration.md,True,
20260815-00:09:44_baseline_libero_spatial_task_t9_s3_r2,baseline,9,3,4,read_text_file,guides,pro_hybrid_guide.md,True,
20260815-00:09:44_baseline_libero_spatial_task_t9_s3_r2,baseline,9,3,4,list_dir,other,memory,True,
20260815-00:09:44_baseline_libero_spatial_task_t9_s3_r2,baseline,9,3,6,list_dir,other,memory,True,
20260815-00:09:44_baseline_libero_spatial_task_t9_s3_r2,baseline,9,3,7,list_dir,other,libero,True,
20260815-00:09:44_baseline_libero_spatial_task_t9_s3_r2,baseline,9,3,8,list_dir,prior_results,results_spatial_task_pert,True,
20260815-00:09:44_baseline_libero_spatial_task_t9_s3_r2,baseline,9,3,8,list_dir,prior_results,results_spatial_pert,True,
20260815-00:09:44_baseline_libero_spatial_task_t9_s3_r2,baseline,9,3,9,read_text_file,prior_results,spatial_task_t7_s0.json,True,
20260815-00:09:44_baseline_libero_spatial_task_t9_s3_r2,baseline,9,3,9,read_text_file,prior_results,spatial_task_t3_s0.json,True,
20260815-00:09:44_baseline_libero_spatial_task_t9_s3_r2,baseline,9,3,10,read_text_file,prior_results,spatial_task_t7_s0.json,True,
20260815-00:09:44_baseline_libero_spatial_task_t9_s3_r2,baseline,9,3,10,read_text_file,prior_results,recipe_spatial_task_t7_s0.jsonl,True,
20260815-00:09:44_baseline_libero_spatial_task_t9_s3_r2,baseline,9,3,11,list_dir,prior_results,results_spatial_pert,True,
20260815-00:09:44_baseline_libero_spatial_task_t9_s3_r2,baseline,9,3,12,read_text_file,prior_results,spatial_t9_s0.json,True,
20260815-00:09:44_baseline_libero_spatial_task_t9_s3_r2,baseline,9,3,13,read_text_file,prior_results,spatial_t7_s0.json,True,
20260815-00:21:33_baseline_libero_spatial_task_t9_s4_r2,baseline,9,4,1,read_text_file,memory,MEMORY.md,True,
20260815-00:21:33_baseline_libero_spatial_task_t9_s4_r2,baseline,9,4,1,read_text_file,guides,strict_hybrid_guide.md,True,
20260815-00:21:33_baseline_libero_spatial_task_t9_s4_r2,baseline,9,4,1,read_text_file,guides,pro_hybrid_guide.md,True,
20260815-00:21:33_baseline_libero_spatial_task_t9_s4_r2,baseline,9,4,1,read_text_file,guides,env_calibration.md,True,
20260815-00:21:33_baseline_libero_spatial_task_t9_s4_r2,baseline,9,4,3,read_text_file,guides,strict_hybrid_guide.md,True,
20260815-00:21:33_baseline_libero_spatial_task_t9_s4_r2,baseline,9,4,4,read_text_file,guides,pro_hybrid_guide.md,True,
20260815-00:21:33_baseline_libero_spatial_task_t9_s4_r2,baseline,9,4,5,read_text_file,guides,env_calibration.md,True,
20260815-00:21:33_baseline_libero_spatial_task_t9_s4_r2,baseline,9,4,6,list_dir,prior_results,results_spatial_pert,True,
20260815-00:21:33_baseline_libero_spatial_task_t9_s4_r2,baseline,9,4,7,read_text_file,prior_results,spatial_t9_s0.json,True,
20260815-00:21:33_baseline_libero_spatial_task_t9_s4_r2,baseline,9,4,8,read_text_file,prior_results,recipe_spatial_t9_s0.jsonl,True,
20260815-00:23:23_baseline_libero_spatial_task_t9_s4_r3,baseline,9,4,1,read_text_file,memory,MEMORY.md,True,
20260815-00:23:23_baseline_libero_spatial_task_t9_s4_r3,baseline,9,4,1,list_dir,memory,,True,
20260815-00:23:23_baseline_libero_spatial_task_t9_s4_r3,baseline,9,4,3,read_text_file,guides,strict_hybrid_guide.md,True,
20260815-00:23:23_baseline_libero_spatial_task_t9_s4_r3,baseline,9,4,3,read_text_file,guides,pro_hybrid_guide.md,True,
20260815-00:23:23_baseline_libero_spatial_task_t9_s4_r3,baseline,9,4,3,read_text_file,guides,env_calibration.md,True,
20260815-00:23:23_baseline_libero_spatial_task_t9_s4_r3,baseline,9,4,4,read_text_file,guides,pro_hybrid_guide.md,True,
20260815-00:23:23_baseline_libero_spatial_task_t9_s4_r3,baseline,9,4,5,read_text_file,guides,env_calibration.md,True,
20260815-00:23:23_baseline_libero_spatial_task_t9_s4_r3,baseline,9,4,6,list_dir,prior_results,,True,
20260815-00:23:23_baseline_libero_spatial_task_t9_s4_r3,baseline,9,4,7,read_text_file,prior_results,spatial_t9_s0.json,True,
20260815-00:23:23_baseline_libero_spatial_task_t9_s4_r3,baseline,9,4,7,read_text_file,prior_results,recipe_spatial_t9_s0.jsonl,True,
20260815-00:23:23_baseline_libero_spatial_task_t9_s4_r3,baseline,9,4,8,read_text_file,prior_results,recipe_spatial_t9_s0.jsonl,True,
20260815-00:34:33_baseline_libero_spatial_task_t9_s5_r2,baseline,9,5,1,read_text_file,memory,MEMORY.md,True,
20260815-00:34:33_baseline_libero_spatial_task_t9_s5_r2,baseline,9,5,1,read_text_file,guides,strict_hybrid_guide.md,True,
20260815-00:34:33_baseline_libero_spatial_task_t9_s5_r2,baseline,9,5,1,read_text_file,guides,pro_hybrid_guide.md,True,
20260815-00:34:33_baseline_libero_spatial_task_t9_s5_r2,baseline,9,5,2,read_text_file,guides,strict_hybrid_guide.md,True,
20260815-00:34:33_baseline_libero_spatial_task_t9_s5_r2,baseline,9,5,3,read_text_file,guides,pro_hybrid_guide.md,True,
20260815-00:34:33_baseline_libero_spatial_task_t9_s5_r2,baseline,9,5,4,read_text_file,guides,env_calibration.md,True,
20260815-00:35:13_baseline_libero_spatial_task_t9_s5_r3,baseline,9,5,1,read_text_file,memory,MEMORY.md,True,
20260815-00:35:13_baseline_libero_spatial_task_t9_s5_r3,baseline,9,5,1,list_dir,memory,,True,
20260815-00:35:13_baseline_libero_spatial_task_t9_s5_r3,baseline,9,5,2,list_dir,memory,,True,
20260815-00:35:13_baseline_libero_spatial_task_t9_s5_r3,baseline,9,5,4,read_text_file,guides,strict_hybrid_guide.md,True,
20260815-00:35:13_baseline_libero_spatial_task_t9_s5_r3,baseline,9,5,5,read_text_file,guides,pro_hybrid_guide.md,True,
20260815-00:35:13_baseline_libero_spatial_task_t9_s5_r3,baseline,9,5,5,list_dir,prior_results,,True,
20260815-00:35:13_baseline_libero_spatial_task_t9_s5_r3,baseline,9,5,6,list_dir,prior_results,,True,
20260815-00:35:13_baseline_libero_spatial_task_t9_s5_r3,baseline,9,5,7,read_text_file,prior_results,spatial_t9_s0.json,True,
20260815-00:35:13_baseline_libero_spatial_task_t9_s5_r3,baseline,9,5,8,read_text_file,prior_results,recipe_spatial_t9_s0.jsonl,True,
20260815-00:45:31_baseline_libero_spatial_task_t9_s6_r2,baseline,9,6,1,read_text_file,memory,MEMORY.md,False,
20260815-00:45:31_baseline_libero_spatial_task_t9_s6_r2,baseline,9,6,3,read_text_file,guides,strict_hybrid_guide.md,False,
20260815-00:45:31_baseline_libero_spatial_task_t9_s6_r2,baseline,9,6,4,read_text_file,guides,pro_hybrid_guide.md,False,
20260815-00:45:31_baseline_libero_spatial_task_t9_s6_r2,baseline,9,6,4,read_text_file,guides,env_calibration.md,False,
20260815-00:45:31_baseline_libero_spatial_task_t9_s6_r2,baseline,9,6,4,read_text_file,memory,feedback_bowl_eef_y_offset.md,False,
20260815-00:45:31_baseline_libero_spatial_task_t9_s6_r2,baseline,9,6,5,read_text_file,guides,pro_hybrid_guide.md,False,
20260815-00:45:31_baseline_libero_spatial_task_t9_s6_r2,baseline,9,6,6,read_text_file,memory,feedback_bowl_eef_y_offset.md,False,
20260815-00:45:31_baseline_libero_spatial_task_t9_s6_r2,baseline,9,6,7,list_dir,memory,,False,
20260815-00:45:31_baseline_libero_spatial_task_t9_s6_r2,baseline,9,6,7,list_dir,prior_results,,False,
20260815-00:45:31_baseline_libero_spatial_task_t9_s6_r2,baseline,9,6,8,read_text_file,prior_results,spatial_t9_s0.json,False,
20260815-00:45:31_baseline_libero_spatial_task_t9_s6_r2,baseline,9,6,8,read_text_file,prior_results,recipe_spatial_t9_s0.jsonl,False,
20260815-00:45:31_baseline_libero_spatial_task_t9_s6_r2,baseline,9,6,9,read_text_file,prior_results,spatial_t9_s0.json,False,
20260815-00:47:37_baseline_libero_spatial_task_t9_s6_r3,baseline,9,6,1,read_text_file,memory,MEMORY.md,False,
20260815-00:47:37_baseline_libero_spatial_task_t9_s6_r3,baseline,9,6,1,read_text_file,guides,strict_hybrid_guide.md,False,
20260815-00:47:37_baseline_libero_spatial_task_t9_s6_r3,baseline,9,6,1,read_text_file,guides,pro_hybrid_guide.md,False,
20260815-00:47:37_baseline_libero_spatial_task_t9_s6_r3,baseline,9,6,1,read_text_file,guides,env_calibration.md,False,
20260815-00:47:37_baseline_libero_spatial_task_t9_s6_r3,baseline,9,6,2,read_text_file,guides,strict_hybrid_guide.md,False,
20260815-00:47:37_baseline_libero_spatial_task_t9_s6_r3,baseline,9,6,3,read_text_file,guides,pro_hybrid_guide.md,False,
20260815-00:47:37_baseline_libero_spatial_task_t9_s6_r3,baseline,9,6,4,read_text_file,guides,env_calibration.md,False,
20260815-00:47:37_baseline_libero_spatial_task_t9_s6_r3,baseline,9,6,7,list_dir,prior_results,results_spatial_pert,False,
20260815-00:47:37_baseline_libero_spatial_task_t9_s6_r3,baseline,9,6,8,read_text_file,prior_results,spatial_t9_s0.json,False,
20260815-00:47:37_baseline_libero_spatial_task_t9_s6_r3,baseline,9,6,16,read_text_file,prior_results,recipe_spatial_t9_s0.jsonl,False,
20260815-00:59:15_baseline_libero_spatial_task_t9_s7_r2,baseline,9,7,1,read_text_file,memory,MEMORY.md,True,
20260815-00:59:15_baseline_libero_spatial_task_t9_s7_r2,baseline,9,7,1,read_text_file,guides,strict_hybrid_guide.md,True,
20260815-00:59:15_baseline_libero_spatial_task_t9_s7_r2,baseline,9,7,1,read_text_file,guides,pro_hybrid_guide.md,True,
20260815-00:59:15_baseline_libero_spatial_task_t9_s7_r2,baseline,9,7,3,read_text_file,guides,strict_hybrid_guide.md,True,
20260815-00:59:15_baseline_libero_spatial_task_t9_s7_r2,baseline,9,7,4,read_text_file,guides,pro_hybrid_guide.md,True,
20260815-00:59:15_baseline_libero_spatial_task_t9_s7_r2,baseline,9,7,5,read_text_file,guides,env_calibration.md,True,
20260815-00:59:15_baseline_libero_spatial_task_t9_s7_r2,baseline,9,7,6,list_dir,prior_results,results_spatial_pert,True,
20260815-00:59:15_baseline_libero_spatial_task_t9_s7_r2,baseline,9,7,7,read_text_file,prior_results,spatial_t9_s0.json,True,
20260815-00:59:15_baseline_libero_spatial_task_t9_s7_r2,baseline,9,7,8,list_dir,other,memory,True,
20260815-00:59:15_baseline_libero_spatial_task_t9_s7_r2,baseline,9,7,9,read_text_file,prior_results,recipe_spatial_t9_s0.jsonl,True,
20260815-01:01:39_baseline_libero_spatial_task_t9_s7_r3,baseline,9,7,1,read_text_file,memory,MEMORY.md,False,
20260815-01:01:39_baseline_libero_spatial_task_t9_s7_r3,baseline,9,7,1,read_text_file,guides,strict_hybrid_guide.md,False,
20260815-01:01:39_baseline_libero_spatial_task_t9_s7_r3,baseline,9,7,2,read_text_file,guides,strict_hybrid_guide.md,False,
20260815-01:01:39_baseline_libero_spatial_task_t9_s7_r3,baseline,9,7,3,read_text_file,guides,pro_hybrid_guide.md,False,
20260815-01:01:39_baseline_libero_spatial_task_t9_s7_r3,baseline,9,7,4,read_text_file,guides,env_calibration.md,False,
20260815-01:01:39_baseline_libero_spatial_task_t9_s7_r3,baseline,9,7,5,list_dir,other,memory,False,
20260815-01:01:39_baseline_libero_spatial_task_t9_s7_r3,baseline,9,7,6,list_dir,prior_results,results_spatial_pert,False,
20260815-01:01:39_baseline_libero_spatial_task_t9_s7_r3,baseline,9,7,7,read_text_file,prior_results,spatial_t9_s0.json,False,
20260815-01:01:39_baseline_libero_spatial_task_t9_s7_r3,baseline,9,7,8,read_text_file,prior_results,recipe_spatial_t9_s0.jsonl,False,
20260815-01:12:59_baseline_libero_spatial_task_t9_s8_r2,baseline,9,8,1,read_text_file,memory,MEMORY.md,True,
20260815-01:12:59_baseline_libero_spatial_task_t9_s8_r2,baseline,9,8,2,list_dir,other,memory,True,
20260815-01:12:59_baseline_libero_spatial_task_t9_s8_r2,baseline,9,8,3,read_text_file,guides,strict_hybrid_guide.md,True,
20260815-01:12:59_baseline_libero_spatial_task_t9_s8_r2,baseline,9,8,4,list_dir,prior_results,results_spatial_pert,True,
20260815-01:12:59_baseline_libero_spatial_task_t9_s8_r2,baseline,9,8,5,read_text_file,prior_results,spatial_t9_s0.json,True,
20260815-01:12:59_baseline_libero_spatial_task_t9_s8_r2,baseline,9,8,5,read_text_file,prior_results,recipe_spatial_t9_s0.jsonl,True,
20260815-01:12:59_baseline_libero_spatial_task_t9_s8_r2,baseline,9,8,6,read_text_file,prior_results,recipe_spatial_t9_s0.jsonl,True,
20260815-01:13:24_baseline_libero_spatial_task_t9_s8_r3,baseline,9,8,1,read_text_file,memory,MEMORY.md,False,
20260815-01:13:24_baseline_libero_spatial_task_t9_s8_r3,baseline,9,8,1,read_text_file,guides,strict_hybrid_guide.md,False,
20260815-01:13:24_baseline_libero_spatial_task_t9_s8_r3,baseline,9,8,4,read_text_file,guides,strict_hybrid_guide.md,False,
20260815-01:13:24_baseline_libero_spatial_task_t9_s8_r3,baseline,9,8,5,list_dir,prior_results,results_spatial_pert,False,
20260815-01:13:24_baseline_libero_spatial_task_t9_s8_r3,baseline,9,8,6,read_text_file,prior_results,spatial_t9_s0.json,False,
20260815-01:13:24_baseline_libero_spatial_task_t9_s8_r3,baseline,9,8,7,read_text_file,prior_results,recipe_spatial_t9_s0.jsonl,False,
20260815-01:13:24_baseline_libero_spatial_task_t9_s8_r3,baseline,9,8,8,read_text_file,guides,pro_hybrid_guide.md,False,
20260815-01:13:24_baseline_libero_spatial_task_t9_s8_r3,baseline,9,8,9,read_text_file,guides,env_calibration.md,False,
20260815-01:25:39_baseline_libero_spatial_task_t9_s9_r2,baseline,9,9,1,read_text_file,memory,MEMORY.md,False,
20260815-01:25:39_baseline_libero_spatial_task_t9_s9_r2,baseline,9,9,1,list_dir,memory,,False,
20260815-01:25:39_baseline_libero_spatial_task_t9_s9_r2,baseline,9,9,2,read_text_file,guides,strict_hybrid_guide.md,False,
20260815-01:25:39_baseline_libero_spatial_task_t9_s9_r2,baseline,9,9,2,read_text_file,guides,pro_hybrid_guide.md,False,
20260815-01:25:39_baseline_libero_spatial_task_t9_s9_r2,baseline,9,9,3,read_text_file,guides,pro_hybrid_guide.md,False,
20260815-01:25:39_baseline_libero_spatial_task_t9_s9_r2,baseline,9,9,4,read_text_file,guides,env_calibration.md,False,
20260815-01:25:39_baseline_libero_spatial_task_t9_s9_r2,baseline,9,9,4,list_dir,prior_results,,False,
20260815-01:25:39_baseline_libero_spatial_task_t9_s9_r2,baseline,9,9,5,list_dir,prior_results,,False,
20260815-01:25:39_baseline_libero_spatial_task_t9_s9_r2,baseline,9,9,6,read_text_file,prior_results,spatial_t9_s0.json,False,
20260815-01:25:39_baseline_libero_spatial_task_t9_s9_r2,baseline,9,9,7,read_text_file,prior_results,recipe_spatial_t9_s0.jsonl,False,
20260815-01:27:33_baseline_libero_spatial_task_t9_s9_r3,baseline,9,9,1,read_text_file,memory,MEMORY.md,False,
20260815-01:27:33_baseline_libero_spatial_task_t9_s9_r3,baseline,9,9,1,read_text_file,guides,strict_hybrid_guide.md,False,
20260815-01:27:33_baseline_libero_spatial_task_t9_s9_r3,baseline,9,9,1,read_text_file,guides,pro_hybrid_guide.md,False,
20260815-01:27:33_baseline_libero_spatial_task_t9_s9_r3,baseline,9,9,3,read_text_file,guides,strict_hybrid_guide.md,False,
20260815-01:27:33_baseline_libero_spatial_task_t9_s9_r3,baseline,9,9,4,read_text_file,guides,pro_hybrid_guide.md,False,
20260815-01:27:33_baseline_libero_spatial_task_t9_s9_r3,baseline,9,9,5,read_text_file,guides,env_calibration.md,False,
20260815-01:27:33_baseline_libero_spatial_task_t9_s9_r3,baseline,9,9,7,list_dir,prior_results,results_spatial_pert,False,
20260815-01:27:33_baseline_libero_spatial_task_t9_s9_r3,baseline,9,9,8,read_text_file,prior_results,spatial_t9_s0.json,False,
20260815-01:40:14_baseline_libero_spatial_task_t9_s10_r2,baseline,9,10,1,read_text_file,memory,MEMORY.md,False,
20260815-01:40:14_baseline_libero_spatial_task_t9_s10_r2,baseline,9,10,1,read_text_file,guides,strict_hybrid_guide.md,False,
20260815-01:40:14_baseline_libero_spatial_task_t9_s10_r2,baseline,9,10,1,read_text_file,guides,pro_hybrid_guide.md,False,
20260815-01:40:14_baseline_libero_spatial_task_t9_s10_r2,baseline,9,10,1,read_text_file,guides,env_calibration.md,False,
20260815-01:40:14_baseline_libero_spatial_task_t9_s10_r2,baseline,9,10,2,read_text_file,guides,strict_hybrid_guide.md,False,
20260815-01:40:14_baseline_libero_spatial_task_t9_s10_r2,baseline,9,10,3,read_text_file,guides,pro_hybrid_guide.md,False,
20260815-01:40:14_baseline_libero_spatial_task_t9_s10_r2,baseline,9,10,4,read_text_file,guides,env_calibration.md,False,
20260815-01:40:14_baseline_libero_spatial_task_t9_s10_r2,baseline,9,10,8,read_text_file,memory,feedback_bowl_eef_y_offset.md,False,
20260815-01:40:14_baseline_libero_spatial_task_t9_s10_r2,baseline,9,10,9,list_dir,memory,,False,
20260815-01:40:14_baseline_libero_spatial_task_t9_s10_r2,baseline,9,10,10,list_dir,prior_results,,False,
20260815-01:40:14_baseline_libero_spatial_task_t9_s10_r2,baseline,9,10,11,read_text_file,prior_results,spatial_t9_s0.json,False,
20260815-01:40:14_baseline_libero_spatial_task_t9_s10_r2,baseline,9,10,12,read_text_file,prior_results,recipe_spatial_t9_s0.jsonl,False,
20260815-01:40:28_baseline_libero_spatial_task_t9_s10_r3,baseline,9,10,1,read_text_file,memory,MEMORY.md,False,
20260815-01:40:28_baseline_libero_spatial_task_t9_s10_r3,baseline,9,10,3,read_text_file,guides,strict_hybrid_guide.md,False,
20260815-01:40:28_baseline_libero_spatial_task_t9_s10_r3,baseline,9,10,3,read_text_file,guides,pro_hybrid_guide.md,False,
20260815-01:40:28_baseline_libero_spatial_task_t9_s10_r3,baseline,9,10,3,read_text_file,guides,env_calibration.md,False,
20260815-01:40:28_baseline_libero_spatial_task_t9_s10_r3,baseline,9,10,4,read_text_file,guides,pro_hybrid_guide.md,False,
20260815-01:40:28_baseline_libero_spatial_task_t9_s10_r3,baseline,9,10,4,read_text_file,guides,env_calibration.md,False,
20260815-01:40:28_baseline_libero_spatial_task_t9_s10_r3,baseline,9,10,4,list_dir,prior_results,results_spatial_pert,False,
20260815-01:40:28_baseline_libero_spatial_task_t9_s10_r3,baseline,9,10,5,read_text_file,guides,env_calibration.md,False,
20260815-01:40:28_baseline_libero_spatial_task_t9_s10_r3,baseline,9,10,6,list_dir,other,memory,False,
20260815-01:40:28_baseline_libero_spatial_task_t9_s10_r3,baseline,9,10,7,list_dir,prior_results,results_spatial_pert,False,
20260815-01:40:28_baseline_libero_spatial_task_t9_s10_r3,baseline,9,10,8,read_text_file,prior_results,spatial_t9_s0.json,False,
20260815-01:40:28_baseline_libero_spatial_task_t9_s10_r3,baseline,9,10,9,read_text_file,prior_results,recipe_spatial_t9_s0.jsonl,False,
20260817-13:51:45_ours_libero_spatial_task_t0_s2_r3,ours,0,2,1,read_text_file,memory,MEMORY.md,False,
20260817-13:51:45_ours_libero_spatial_task_t0_s2_r3,ours,0,2,1,read_text_file,guides,strict_hybrid_guide.md,False,
20260817-13:51:45_ours_libero_spatial_task_t0_s2_r3,ours,0,2,2,read_text_file,guides,strict_hybrid_guide.md,False,
20260817-13:51:45_ours_libero_spatial_task_t0_s2_r3,ours,0,2,3,read_text_file,guides,pro_hybrid_guide.md,False,
20260817-13:51:45_ours_libero_spatial_task_t0_s2_r3,ours,0,2,4,list_dir,other,memory,False,
20260817-13:51:45_ours_libero_spatial_task_t0_s2_r3,ours,0,2,5,read_text_file,guides,env_calibration.md,False,
20260817-13:51:45_ours_libero_spatial_task_t0_s2_r3,ours,0,2,6,list_dir,prior_results,results_spatial_pert,False,
20260817-13:51:45_ours_libero_spatial_task_t0_s2_r3,ours,0,2,7,read_text_file,prior_results,spatial_t0_s0.json,False,
20260817-13:51:45_ours_libero_spatial_task_t0_s2_r3,ours,0,2,8,read_text_file,prior_results,recipe_spatial_t0_s0.jsonl,False,
20260817-13:51:45_ours_libero_spatial_task_t0_s3_r2,ours,0,3,1,read_text_file,memory,MEMORY.md,False,
20260817-13:51:45_ours_libero_spatial_task_t0_s3_r2,ours,0,3,1,read_text_file,guides,strict_hybrid_guide.md,False,
20260817-13:51:45_ours_libero_spatial_task_t0_s3_r2,ours,0,3,1,read_text_file,guides,pro_hybrid_guide.md,False,
20260817-13:51:45_ours_libero_spatial_task_t0_s3_r2,ours,0,3,1,read_text_file,guides,env_calibration.md,False,
20260817-13:51:45_ours_libero_spatial_task_t0_s3_r2,ours,0,3,3,read_text_file,guides,strict_hybrid_guide.md,False,
20260817-13:51:45_ours_libero_spatial_task_t0_s3_r2,ours,0,3,4,read_text_file,guides,pro_hybrid_guide.md,False,
20260817-13:51:45_ours_libero_spatial_task_t0_s3_r2,ours,0,3,5,read_text_file,guides,env_calibration.md,False,
20260817-13:51:45_ours_libero_spatial_task_t0_s3_r2,ours,0,3,8,list_dir,prior_results,results_spatial_pert,False,
20260817-13:51:45_ours_libero_spatial_task_t0_s3_r2,ours,0,3,9,read_text_file,prior_results,spatial_t0_s0.json,False,
20260817-13:51:45_ours_libero_spatial_task_t0_s3_r2,ours,0,3,10,read_text_file,prior_results,recipe_spatial_t0_s0.jsonl,False,
20260817-13:51:45_ours_libero_spatial_task_t0_s2_r2,ours,0,2,1,read_text_file,memory,MEMORY.md,False,
20260817-13:51:45_ours_libero_spatial_task_t0_s2_r2,ours,0,2,1,list_dir,other,memory,False,
20260817-13:51:45_ours_libero_spatial_task_t0_s2_r2,ours,0,2,2,list_dir,other,memory,False,
20260817-13:51:45_ours_libero_spatial_task_t0_s2_r2,ours,0,2,2,read_text_file,guides,strict_hybrid_guide.md,False,
20260817-13:51:45_ours_libero_spatial_task_t0_s2_r2,ours,0,2,3,read_text_file,guides,strict_hybrid_guide.md,False,
20260817-13:51:45_ours_libero_spatial_task_t0_s2_r2,ours,0,2,4,read_text_file,guides,pro_hybrid_guide.md,False,
20260817-13:51:45_ours_libero_spatial_task_t0_s2_r2,ours,0,2,5,read_text_file,guides,env_calibration.md,False,
20260817-13:51:45_ours_libero_spatial_task_t0_s2_r2,ours,0,2,6,list_dir,prior_results,results_spatial_pert,False,
20260817-13:51:45_ours_libero_spatial_task_t0_s2_r2,ours,0,2,7,read_text_file,prior_results,spatial_t0_s0.json,False,
20260817-13:51:45_ours_libero_spatial_task_t0_s2_r2,ours,0,2,8,read_text_file,prior_results,recipe_spatial_t0_s0.jsonl,False,
20260817-13:51:45_ours_libero_spatial_task_t0_s1_r2,ours,0,1,1,read_text_file,memory,MEMORY.md,False,
20260817-13:51:45_ours_libero_spatial_task_t0_s1_r2,ours,0,1,1,list_dir,other,memory,False,
20260817-13:51:45_ours_libero_spatial_task_t0_s1_r2,ours,0,1,1,list_dir,prior_results,results_spatial_pert,False,
20260817-13:51:45_ours_libero_spatial_task_t0_s1_r2,ours,0,1,2,list_dir,other,memory,False,
20260817-13:51:45_ours_libero_spatial_task_t0_s1_r2,ours,0,1,3,list_dir,prior_results,results_spatial_pert,False,
20260817-13:51:45_ours_libero_spatial_task_t0_s1_r2,ours,0,1,4,read_text_file,prior_results,spatial_t0_s0.json,False,
20260817-13:51:45_ours_libero_spatial_task_t0_s1_r2,ours,0,1,5,read_text_file,prior_results,recipe_spatial_t0_s0.jsonl,False,
20260817-13:51:45_ours_libero_spatial_task_t0_s1_r2,ours,0,1,6,read_text_file,guides,strict_hybrid_guide.md,False,
20260817-13:51:45_ours_libero_spatial_task_t0_s1_r2,ours,0,1,7,read_text_file,guides,pro_hybrid_guide.md,False,
20260817-13:51:45_ours_libero_spatial_task_t0_s1_r3,ours,0,1,1,read_text_file,memory,MEMORY.md,False,
20260817-13:51:45_ours_libero_spatial_task_t0_s1_r3,ours,0,1,1,list_dir,memory,,False,
20260817-13:51:45_ours_libero_spatial_task_t0_s1_r3,ours,0,1,3,read_text_file,guides,strict_hybrid_guide.md,False,
20260817-13:51:45_ours_libero_spatial_task_t0_s1_r3,ours,0,1,4,read_text_file,guides,pro_hybrid_guide.md,False,
20260817-13:51:45_ours_libero_spatial_task_t0_s1_r3,ours,0,1,5,read_text_file,guides,pro_hybrid_guide.md,False,
20260817-13:51:45_ours_libero_spatial_task_t0_s1_r3,ours,0,1,6,list_dir,prior_results,,False,
20260817-13:51:45_ours_libero_spatial_task_t0_s1_r3,ours,0,1,7,read_text_file,prior_results,spatial_t0_s0.json,False,
20260817-13:51:45_ours_libero_spatial_task_t0_s3_r1,ours,0,3,1,read_text_file,memory,MEMORY.md,False,
20260817-13:51:45_ours_libero_spatial_task_t0_s3_r1,ours,0,3,1,list_dir,memory,,False,
20260817-13:51:45_ours_libero_spatial_task_t0_s3_r1,ours,0,3,3,list_dir,memory,,False,
20260817-13:51:45_ours_libero_spatial_task_t0_s1_r1,ours,0,1,1,read_text_file,memory,MEMORY.md,False,
20260817-13:51:45_ours_libero_spatial_task_t0_s1_r1,ours,0,1,1,read_text_file,guides,strict_hybrid_guide.md,False,
20260817-13:51:45_ours_libero_spatial_task_t0_s1_r1,ours,0,1,1,read_text_file,guides,pro_hybrid_guide.md,False,
20260817-13:51:45_ours_libero_spatial_task_t0_s1_r1,ours,0,1,1,read_text_file,guides,env_calibration.md,False,
20260817-13:51:45_ours_libero_spatial_task_t0_s1_r1,ours,0,1,2,read_text_file,guides,strict_hybrid_guide.md,False,
20260817-13:51:45_ours_libero_spatial_task_t0_s1_r1,ours,0,1,3,read_text_file,guides,pro_hybrid_guide.md,False,
20260817-13:51:45_ours_libero_spatial_task_t0_s1_r1,ours,0,1,4,read_text_file,guides,env_calibration.md,False,
20260817-13:51:45_ours_libero_spatial_task_t0_s1_r1,ours,0,1,7,list_dir,prior_results,results_spatial_pert,False,
20260817-13:51:45_ours_libero_spatial_task_t0_s1_r1,ours,0,1,8,read_text_file,prior_results,spatial_t0_s0.json,False,
20260817-13:51:45_ours_libero_spatial_task_t0_s2_r1,ours,0,2,1,read_text_file,memory,MEMORY.md,False,
20260817-13:51:45_ours_libero_spatial_task_t0_s2_r1,ours,0,2,2,read_text_file,guides,strict_hybrid_guide.md,False,
20260817-13:51:45_ours_libero_spatial_task_t0_s2_r1,ours,0,2,2,list_dir,memory,,False,
20260817-13:51:45_ours_libero_spatial_task_t0_s2_r1,ours,0,2,2,list_dir,prior_results,,False,
20260817-13:51:45_ours_libero_spatial_task_t0_s2_r1,ours,0,2,12,list_dir,prior_results,,False,
20260817-13:51:45_ours_libero_spatial_task_t0_s2_r1,ours,0,2,13,read_text_file,prior_results,spatial_t0_s0.json,False,
20260817-13:51:45_ours_libero_spatial_task_t0_s2_r1,ours,0,2,14,read_text_file,guides,env_calibration.md,False,
20260817-14:02:52_ours_libero_spatial_task_t0_s5_r1,ours,0,5,1,read_text_file,memory,MEMORY.md,True,
20260817-14:02:52_ours_libero_spatial_task_t0_s5_r1,ours,0,5,1,read_text_file,guides,strict_hybrid_guide.md,True,
20260817-14:02:52_ours_libero_spatial_task_t0_s5_r1,ours,0,5,3,read_text_file,guides,strict_hybrid_guide.md,True,
20260817-14:02:52_ours_libero_spatial_task_t0_s5_r1,ours,0,5,4,read_text_file,guides,pro_hybrid_guide.md,True,
20260817-14:02:52_ours_libero_spatial_task_t0_s5_r1,ours,0,5,5,list_dir,prior_results,results_spatial_pert,True,
20260817-14:02:52_ours_libero_spatial_task_t0_s5_r1,ours,0,5,6,read_text_file,prior_results,spatial_t0_s0.json,True,
20260817-14:00:55_ours_libero_spatial_task_t0_s4_r2,ours,0,4,1,read_text_file,memory,MEMORY.md,False,
20260817-14:00:55_ours_libero_spatial_task_t0_s4_r2,ours,0,4,1,list_dir,memory,,False,
20260817-14:00:55_ours_libero_spatial_task_t0_s4_r2,ours,0,4,2,list_dir,memory,,False,
20260817-14:00:55_ours_libero_spatial_task_t0_s4_r2,ours,0,4,2,list_dir,prior_results,,False,
20260817-14:00:55_ours_libero_spatial_task_t0_s4_r2,ours,0,4,3,list_dir,prior_results,,False,
20260817-14:00:55_ours_libero_spatial_task_t0_s4_r2,ours,0,4,4,read_text_file,prior_results,spatial_t0_s0.json,False,
20260817-14:00:55_ours_libero_spatial_task_t0_s4_r2,ours,0,4,5,read_text_file,prior_results,recipe_spatial_t0_s0.jsonl,False,
20260817-14:00:55_ours_libero_spatial_task_t0_s4_r2,ours,0,4,5,read_text_file,guides,strict_hybrid_guide.md,False,
20260817-14:00:55_ours_libero_spatial_task_t0_s4_r2,ours,0,4,6,read_text_file,guides,strict_hybrid_guide.md,False,
20260817-14:00:55_ours_libero_spatial_task_t0_s4_r2,ours,0,4,7,read_text_file,guides,env_calibration.md,False,
20260817-14:00:40_ours_libero_spatial_task_t0_s4_r1,ours,0,4,1,read_text_file,memory,MEMORY.md,False,
20260817-14:00:40_ours_libero_spatial_task_t0_s4_r1,ours,0,4,1,read_text_file,guides,strict_hybrid_guide.md,False,
20260817-14:00:40_ours_libero_spatial_task_t0_s4_r1,ours,0,4,3,read_text_file,guides,strict_hybrid_guide.md,False,
20260817-14:00:40_ours_libero_spatial_task_t0_s4_r1,ours,0,4,4,read_text_file,guides,pro_hybrid_guide.md,False,
20260817-14:00:40_ours_libero_spatial_task_t0_s4_r1,ours,0,4,5,read_text_file,guides,env_calibration.md,False,
20260817-14:00:40_ours_libero_spatial_task_t0_s4_r1,ours,0,4,5,list_dir,other,memory,False,
20260817-14:00:40_ours_libero_spatial_task_t0_s4_r1,ours,0,4,6,list_dir,other,memory,False,
20260817-14:00:40_ours_libero_spatial_task_t0_s4_r1,ours,0,4,7,list_dir,prior_results,results_spatial_pert,False,
20260817-14:00:40_ours_libero_spatial_task_t0_s4_r1,ours,0,4,8,read_text_file,prior_results,spatial_t0_s0.json,False,
20260817-14:00:40_ours_libero_spatial_task_t0_s4_r1,ours,0,4,8,read_text_file,prior_results,recipe_spatial_t0_s0.jsonl,False,
20260817-14:03:31_ours_libero_spatial_task_t0_s5_r2,ours,0,5,1,read_text_file,memory,MEMORY.md,True,
20260817-14:03:31_ours_libero_spatial_task_t0_s5_r2,ours,0,5,1,list_dir,memory,,True,
20260817-14:03:31_ours_libero_spatial_task_t0_s5_r2,ours,0,5,2,list_dir,memory,,True,
20260817-14:03:31_ours_libero_spatial_task_t0_s5_r2,ours,0,5,3,list_dir,prior_results,,True,
20260817-14:03:31_ours_libero_spatial_task_t0_s5_r2,ours,0,5,4,read_text_file,prior_results,spatial_t0_s0.json,True,
20260817-14:03:31_ours_libero_spatial_task_t0_s5_r2,ours,0,5,5,read_text_file,prior_results,recipe_spatial_t0_s0.jsonl,True,
20260817-14:03:31_ours_libero_spatial_task_t0_s5_r2,ours,0,5,6,read_text_file,guides,strict_hybrid_guide.md,True,
20260817-14:03:31_ours_libero_spatial_task_t0_s5_r2,ours,0,5,7,read_text_file,guides,pro_hybrid_guide.md,True,
20260817-14:03:31_ours_libero_spatial_task_t0_s5_r2,ours,0,5,8,read_text_file,guides,env_calibration.md,True,
20260817-14:00:33_ours_libero_spatial_task_t0_s3_r3,ours,0,3,1,read_text_file,memory,MEMORY.md,True,
20260817-14:00:33_ours_libero_spatial_task_t0_s3_r3,ours,0,3,1,list_dir,other,memory,True,
20260817-14:00:33_ours_libero_spatial_task_t0_s3_r3,ours,0,3,3,read_text_file,guides,strict_hybrid_guide.md,True,
20260817-14:00:33_ours_libero_spatial_task_t0_s3_r3,ours,0,3,4,read_text_file,guides,pro_hybrid_guide.md,True,
20260817-14:00:33_ours_libero_spatial_task_t0_s3_r3,ours,0,3,5,list_dir,other,memory,True,
20260817-14:00:33_ours_libero_spatial_task_t0_s3_r3,ours,0,3,6,list_dir,prior_results,results_spatial_pert,True,
20260817-14:00:33_ours_libero_spatial_task_t0_s3_r3,ours,0,3,7,read_text_file,prior_results,spatial_t0_s0.json,True,
20260817-14:00:33_ours_libero_spatial_task_t0_s3_r3,ours,0,3,8,read_text_file,prior_results,recipe_spatial_t0_s0.jsonl,True,
20260817-14:02:07_ours_libero_spatial_task_t0_s4_r3,ours,0,4,1,read_text_file,memory,MEMORY.md,False,
20260817-14:02:07_ours_libero_spatial_task_t0_s4_r3,ours,0,4,1,read_text_file,guides,strict_hybrid_guide.md,False,
20260817-14:02:07_ours_libero_spatial_task_t0_s4_r3,ours,0,4,2,read_text_file,guides,strict_hybrid_guide.md,False,
20260817-14:02:07_ours_libero_spatial_task_t0_s4_r3,ours,0,4,4,read_text_file,guides,pro_hybrid_guide.md,False,
20260817-14:02:07_ours_libero_spatial_task_t0_s4_r3,ours,0,4,5,read_text_file,guides,env_calibration.md,False,
20260817-14:02:07_ours_libero_spatial_task_t0_s4_r3,ours,0,4,6,list_dir,prior_results,results_spatial_pert,False,
20260817-14:02:07_ours_libero_spatial_task_t0_s4_r3,ours,0,4,6,list_dir,other,memory,False,
20260817-14:02:07_ours_libero_spatial_task_t0_s4_r3,ours,0,4,7,read_text_file,prior_results,spatial_t0_s0.json,False,
20260817-14:02:07_ours_libero_spatial_task_t0_s4_r3,ours,0,4,8,read_text_file,prior_results,recipe_spatial_t0_s0.jsonl,False,
20260817-14:02:07_ours_libero_spatial_task_t0_s4_r3,ours,0,4,8,list_dir,other,memory,False,
20260817-14:02:07_ours_libero_spatial_task_t0_s4_r3,ours,0,4,9,list_dir,other,memory,False,
20260817-14:04:58_ours_libero_spatial_task_t0_s6_r1,ours,0,6,1,read_text_file,memory,MEMORY.md,False,
20260817-14:04:58_ours_libero_spatial_task_t0_s6_r1,ours,0,6,3,read_text_file,guides,strict_hybrid_guide.md,False,
20260817-14:04:58_ours_libero_spatial_task_t0_s6_r1,ours,0,6,3,list_dir,prior_results,results_spatial_pert,False,
20260817-14:04:58_ours_libero_spatial_task_t0_s6_r1,ours,0,6,4,list_dir,prior_results,results_spatial_pert,False,
20260817-14:04:58_ours_libero_spatial_task_t0_s6_r1,ours,0,6,5,read_text_file,prior_results,spatial_t0_s0.json,False,
20260817-14:04:58_ours_libero_spatial_task_t0_s6_r1,ours,0,6,6,read_text_file,prior_results,recipe_spatial_t0_s0.jsonl,False,
20260817-14:04:58_ours_libero_spatial_task_t0_s6_r1,ours,0,6,7,read_text_file,guides,pro_hybrid_guide.md,False,
20260817-14:04:58_ours_libero_spatial_task_t0_s6_r1,ours,0,6,8,read_text_file,guides,env_calibration.md,False,
20260817-14:09:49_ours_libero_spatial_task_t0_s6_r2,ours,0,6,1,read_text_file,memory,MEMORY.md,False,
20260817-14:09:49_ours_libero_spatial_task_t0_s6_r2,ours,0,6,1,read_text_file,guides,strict_hybrid_guide.md,False,
20260817-14:09:49_ours_libero_spatial_task_t0_s6_r2,ours,0,6,1,read_text_file,guides,pro_hybrid_guide.md,False,
20260817-14:09:49_ours_libero_spatial_task_t0_s6_r2,ours,0,6,3,read_text_file,guides,strict_hybrid_guide.md,False,
20260817-14:09:49_ours_libero_spatial_task_t0_s6_r2,ours,0,6,4,read_text_file,guides,pro_hybrid_guide.md,False,
20260817-14:09:49_ours_libero_spatial_task_t0_s6_r2,ours,0,6,5,read_text_file,guides,env_calibration.md,False,
20260817-14:09:49_ours_libero_spatial_task_t0_s6_r2,ours,0,6,6,read_text_file,memory,feedback_bowl_eef_y_offset.md,False,
20260817-14:09:49_ours_libero_spatial_task_t0_s6_r2,ours,0,6,7,list_dir,other,memory,False,
20260817-14:09:49_ours_libero_spatial_task_t0_s6_r2,ours,0,6,8,list_dir,prior_results,results_spatial_pert,False,
20260817-14:09:49_ours_libero_spatial_task_t0_s6_r2,ours,0,6,9,read_text_file,prior_results,spatial_t0_s0.json,False,
20260817-14:09:49_ours_libero_spatial_task_t0_s6_r2,ours,0,6,10,read_text_file,prior_results,recipe_spatial_t0_s0.jsonl,False,
20260817-14:12:49_ours_libero_spatial_task_t0_s7_r1,ours,0,7,1,read_text_file,memory,MEMORY.md,False,
20260817-14:12:49_ours_libero_spatial_task_t0_s7_r1,ours,0,7,1,list_dir,memory,,False,
20260817-14:12:49_ours_libero_spatial_task_t0_s7_r1,ours,0,7,2,read_text_file,guides,strict_hybrid_guide.md,False,
20260817-14:12:49_ours_libero_spatial_task_t0_s7_r1,ours,0,7,2,read_text_file,guides,pro_hybrid_guide.md,False,
20260817-14:12:49_ours_libero_spatial_task_t0_s7_r1,ours,0,7,2,read_text_file,guides,env_calibration.md,False,
20260817-14:12:49_ours_libero_spatial_task_t0_s7_r1,ours,0,7,2,list_dir,prior_results,,False,
20260817-14:12:49_ours_libero_spatial_task_t0_s7_r1,ours,0,7,3,read_text_file,guides,pro_hybrid_guide.md,False,
20260817-14:12:49_ours_libero_spatial_task_t0_s7_r1,ours,0,7,4,read_text_file,guides,env_calibration.md,False,
20260817-14:12:49_ours_libero_spatial_task_t0_s7_r1,ours,0,7,5,list_dir,prior_results,,False,
20260817-14:12:49_ours_libero_spatial_task_t0_s7_r1,ours,0,7,6,read_text_file,prior_results,spatial_t0_s0.json,False,
20260817-14:12:49_ours_libero_spatial_task_t0_s7_r1,ours,0,7,7,read_text_file,prior_results,recipe_spatial_t0_s0.jsonl,False,
20260817-14:12:49_ours_libero_spatial_task_t0_s7_r1,ours,0,7,8,list_dir,memory,,False,
20260817-14:04:08_ours_libero_spatial_task_t0_s5_r3,ours,0,5,1,read_text_file,memory,MEMORY.md,False,
20260817-14:04:08_ours_libero_spatial_task_t0_s5_r3,ours,0,5,3,read_text_file,guides,strict_hybrid_guide.md,False,
20260817-14:04:08_ours_libero_spatial_task_t0_s5_r3,ours,0,5,3,read_text_file,guides,pro_hybrid_guide.md,False,
20260817-14:04:08_ours_libero_spatial_task_t0_s5_r3,ours,0,5,4,read_text_file,guides,pro_hybrid_guide.md,False,
20260817-14:04:08_ours_libero_spatial_task_t0_s5_r3,ours,0,5,4,read_text_file,guides,env_calibration.md,False,
20260817-14:04:08_ours_libero_spatial_task_t0_s5_r3,ours,0,5,5,read_text_file,guides,env_calibration.md,False,
20260817-14:04:08_ours_libero_spatial_task_t0_s5_r3,ours,0,5,6,list_dir,prior_results,results_spatial_pert,False,
20260817-14:04:08_ours_libero_spatial_task_t0_s5_r3,ours,0,5,7,read_text_file,prior_results,spatial_t0_s0.json,False,
20260817-14:04:08_ours_libero_spatial_task_t0_s5_r3,ours,0,5,7,read_text_file,prior_results,recipe_spatial_t0_s0.jsonl,False,
20260817-14:04:08_ours_libero_spatial_task_t0_s5_r3,ours,0,5,8,read_text_file,prior_results,recipe_spatial_t0_s0.jsonl,False,
20260817-14:14:05_ours_libero_spatial_task_t0_s7_r2,ours,0,7,1,read_text_file,memory,MEMORY.md,False,
20260817-14:14:05_ours_libero_spatial_task_t0_s7_r2,ours,0,7,1,read_text_file,guides,strict_hybrid_guide.md,False,
20260817-14:14:05_ours_libero_spatial_task_t0_s7_r2,ours,0,7,1,read_text_file,guides,pro_hybrid_guide.md,False,
20260817-14:14:05_ours_libero_spatial_task_t0_s7_r2,ours,0,7,1,read_text_file,guides,env_calibration.md,False,
20260817-14:14:05_ours_libero_spatial_task_t0_s7_r2,ours,0,7,2,read_text_file,guides,strict_hybrid_guide.md,False,
20260817-14:14:05_ours_libero_spatial_task_t0_s7_r2,ours,0,7,3,read_text_file,guides,pro_hybrid_guide.md,False,
20260817-14:14:05_ours_libero_spatial_task_t0_s7_r2,ours,0,7,4,read_text_file,guides,env_calibration.md,False,
20260817-14:14:05_ours_libero_spatial_task_t0_s7_r2,ours,0,7,6,list_dir,other,memory,False,
20260817-14:14:05_ours_libero_spatial_task_t0_s7_r2,ours,0,7,7,list_dir,prior_results,results_spatial_pert,False,
20260817-14:14:05_ours_libero_spatial_task_t0_s7_r2,ours,0,7,8,read_text_file,prior_results,spatial_t0_s0.json,False,
20260817-14:14:05_ours_libero_spatial_task_t0_s7_r2,ours,0,7,9,read_text_file,prior_results,recipe_spatial_t0_s0.jsonl,False,
20260817-14:11:20_ours_libero_spatial_task_t0_s6_r3,ours,0,6,1,read_text_file,memory,MEMORY.md,True,
20260817-14:11:20_ours_libero_spatial_task_t0_s6_r3,ours,0,6,3,list_dir,other,memory,True,
20260817-14:11:20_ours_libero_spatial_task_t0_s6_r3,ours,0,6,8,list_dir,prior_results,results_spatial_pert,True,
20260817-14:11:20_ours_libero_spatial_task_t0_s6_r3,ours,0,6,9,read_text_file,prior_results,spatial_t0_s0.json,True,
20260817-14:11:20_ours_libero_spatial_task_t0_s6_r3,ours,0,6,10,read_text_file,prior_results,recipe_spatial_t0_s0.jsonl,True,
20260817-14:11:20_ours_libero_spatial_task_t0_s6_r3,ours,0,6,11,read_text_file,guides,strict_hybrid_guide.md,True,
20260817-14:11:20_ours_libero_spatial_task_t0_s6_r3,ours,0,6,12,read_text_file,guides,env_calibration.md,True,
20260817-14:16:14_ours_libero_spatial_task_t0_s8_r2,ours,0,8,1,read_text_file,memory,MEMORY.md,True,
20260817-14:16:14_ours_libero_spatial_task_t0_s8_r2,ours,0,8,1,list_dir,memory,,True,
20260817-14:16:14_ours_libero_spatial_task_t0_s8_r2,ours,0,8,1,list_dir,prior_results,,True,
20260817-14:16:14_ours_libero_spatial_task_t0_s8_r2,ours,0,8,3,read_text_file,guides,strict_hybrid_guide.md,True,
20260817-14:16:14_ours_libero_spatial_task_t0_s8_r2,ours,0,8,4,read_text_file,guides,pro_hybrid_guide.md,True,
20260817-14:16:14_ours_libero_spatial_task_t0_s8_r2,ours,0,8,5,read_text_file,guides,env_calibration.md,True,
20260817-14:16:14_ours_libero_spatial_task_t0_s8_r2,ours,0,8,6,list_dir,memory,,True,
20260817-14:16:14_ours_libero_spatial_task_t0_s8_r2,ours,0,8,7,list_dir,prior_results,,True,
20260817-14:16:14_ours_libero_spatial_task_t0_s8_r2,ours,0,8,8,read_text_file,prior_results,spatial_t0_s0.json,True,
20260817-14:16:14_ours_libero_spatial_task_t0_s8_r2,ours,0,8,9,read_text_file,prior_results,recipe_spatial_t0_s0.jsonl,True,
20260817-14:17:36_ours_libero_spatial_task_t0_s8_r3,ours,0,8,1,read_text_file,memory,MEMORY.md,False,
20260817-14:17:36_ours_libero_spatial_task_t0_s8_r3,ours,0,8,1,read_text_file,guides,strict_hybrid_guide.md,False,
20260817-14:17:36_ours_libero_spatial_task_t0_s8_r3,ours,0,8,3,read_text_file,guides,strict_hybrid_guide.md,False,
20260817-14:17:36_ours_libero_spatial_task_t0_s8_r3,ours,0,8,4,list_dir,prior_results,results_spatial_pert,False,
20260817-14:17:36_ours_libero_spatial_task_t0_s8_r3,ours,0,8,5,read_text_file,prior_results,spatial_t0_s0.json,False,
20260817-14:17:36_ours_libero_spatial_task_t0_s8_r3,ours,0,8,6,read_text_file,prior_results,recipe_spatial_t0_s0.jsonl,False,
20260817-14:14:12_ours_libero_spatial_task_t0_s7_r3,ours,0,7,1,read_text_file,memory,MEMORY.md,True,
20260817-14:14:12_ours_libero_spatial_task_t0_s7_r3,ours,0,7,1,read_text_file,guides,strict_hybrid_guide.md,True,
20260817-14:14:12_ours_libero_spatial_task_t0_s7_r3,ours,0,7,1,read_text_file,guides,pro_hybrid_guide.md,True,
20260817-14:14:12_ours_libero_spatial_task_t0_s7_r3,ours,0,7,1,read_text_file,guides,env_calibration.md,True,
20260817-14:14:12_ours_libero_spatial_task_t0_s7_r3,ours,0,7,2,read_text_file,guides,strict_hybrid_guide.md,True,
20260817-14:14:12_ours_libero_spatial_task_t0_s7_r3,ours,0,7,3,read_text_file,guides,pro_hybrid_guide.md,True,
20260817-14:14:12_ours_libero_spatial_task_t0_s7_r3,ours,0,7,4,read_text_file,guides,env_calibration.md,True,
20260817-14:14:12_ours_libero_spatial_task_t0_s7_r3,ours,0,7,5,list_dir,prior_results,results_spatial_pert,True,
20260817-14:14:12_ours_libero_spatial_task_t0_s7_r3,ours,0,7,6,read_text_file,prior_results,spatial_t0_s0.json,True,
20260817-14:14:12_ours_libero_spatial_task_t0_s7_r3,ours,0,7,7,read_text_file,prior_results,recipe_spatial_t0_s0.jsonl,True,
20260817-14:16:10_ours_libero_spatial_task_t0_s8_r1,ours,0,8,1,read_text_file,memory,MEMORY.md,True,
20260817-14:16:10_ours_libero_spatial_task_t0_s8_r1,ours,0,8,1,list_dir,memory,,True,
20260817-14:16:10_ours_libero_spatial_task_t0_s8_r1,ours,0,8,2,read_text_file,guides,strict_hybrid_guide.md,True,
20260817-14:16:10_ours_libero_spatial_task_t0_s8_r1,ours,0,8,2,list_dir,other,,True,
20260817-14:16:10_ours_libero_spatial_task_t0_s8_r1,ours,0,8,3,list_dir,other,,True,
20260817-14:16:10_ours_libero_spatial_task_t0_s8_r1,ours,0,8,4,list_dir,prior_results,,True,
20260817-14:16:10_ours_libero_spatial_task_t0_s8_r1,ours,0,8,5,list_dir,prior_results,,True,
20260817-14:16:10_ours_libero_spatial_task_t0_s8_r1,ours,0,8,5,list_dir,prior_results,,True,
20260817-14:16:10_ours_libero_spatial_task_t0_s8_r1,ours,0,8,6,read_text_file,prior_results,spatial_t0_s0.json,True,
20260817-14:16:10_ours_libero_spatial_task_t0_s8_r1,ours,0,8,7,read_text_file,prior_results,recipe_spatial_t0_s0.jsonl,True,
20260817-14:16:10_ours_libero_spatial_task_t0_s8_r1,ours,0,8,7,read_text_file,guides,pro_hybrid_guide.md,True,
20260817-14:22:04_ours_libero_spatial_task_t0_s9_r1,ours,0,9,1,read_text_file,memory,MEMORY.md,True,
20260817-14:22:04_ours_libero_spatial_task_t0_s9_r1,ours,0,9,1,read_text_file,guides,strict_hybrid_guide.md,True,
20260817-14:22:04_ours_libero_spatial_task_t0_s9_r1,ours,0,9,1,read_text_file,guides,pro_hybrid_guide.md,True,
20260817-14:22:04_ours_libero_spatial_task_t0_s9_r1,ours,0,9,2,read_text_file,guides,strict_hybrid_guide.md,True,
20260817-14:22:04_ours_libero_spatial_task_t0_s9_r1,ours,0,9,3,read_text_file,guides,pro_hybrid_guide.md,True,
20260817-14:22:04_ours_libero_spatial_task_t0_s9_r1,ours,0,9,4,read_text_file,guides,env_calibration.md,True,
20260817-14:22:04_ours_libero_spatial_task_t0_s9_r1,ours,0,9,14,list_dir,prior_results,results_spatial_pert,True,
20260817-14:22:04_ours_libero_spatial_task_t0_s9_r1,ours,0,9,15,read_text_file,prior_results,spatial_t0_s0.json,True,
20260817-14:24:02_ours_libero_spatial_task_t0_s9_r3,ours,0,9,1,read_text_file,memory,MEMORY.md,True,
20260817-14:24:02_ours_libero_spatial_task_t0_s9_r3,ours,0,9,1,read_text_file,guides,strict_hybrid_guide.md,True,
20260817-14:24:02_ours_libero_spatial_task_t0_s9_r3,ours,0,9,2,read_text_file,guides,strict_hybrid_guide.md,True,
20260817-14:24:02_ours_libero_spatial_task_t0_s9_r3,ours,0,9,5,list_dir,other,memory,True,
20260817-14:24:02_ours_libero_spatial_task_t0_s9_r3,ours,0,9,5,list_dir,prior_results,results_spatial_pert,True,
20260817-14:24:02_ours_libero_spatial_task_t0_s9_r3,ours,0,9,6,list_dir,prior_results,results_spatial_pert,True,
20260817-14:24:02_ours_libero_spatial_task_t0_s9_r3,ours,0,9,7,read_text_file,prior_results,spatial_t0_s0.json,True,
20260817-14:24:02_ours_libero_spatial_task_t0_s9_r3,ours,0,9,14,read_text_file,prior_results,recipe_spatial_t0_s0.jsonl,True,
20260817-14:24:02_ours_libero_spatial_task_t0_s9_r3,ours,0,9,15,read_text_file,guides,pro_hybrid_guide.md,True,
20260817-14:24:02_ours_libero_spatial_task_t0_s9_r3,ours,0,9,16,read_text_file,guides,env_calibration.md,True,
20260817-14:25:13_ours_libero_spatial_task_t0_s10_r3,ours,0,10,1,read_text_file,memory,MEMORY.md,False,
20260817-14:25:13_ours_libero_spatial_task_t0_s10_r3,ours,0,10,1,read_text_file,guides,strict_hybrid_guide.md,False,
20260817-14:25:13_ours_libero_spatial_task_t0_s10_r3,ours,0,10,2,list_dir,other,memory,False,
20260817-14:25:13_ours_libero_spatial_task_t0_s10_r3,ours,0,10,3,read_text_file,guides,strict_hybrid_guide.md,False,
20260817-14:25:13_ours_libero_spatial_task_t0_s10_r3,ours,0,10,4,read_text_file,guides,pro_hybrid_guide.md,False,
20260817-14:25:13_ours_libero_spatial_task_t0_s10_r3,ours,0,10,5,read_text_file,guides,env_calibration.md,False,
20260817-14:25:13_ours_libero_spatial_task_t0_s10_r3,ours,0,10,6,list_dir,prior_results,results_spatial_pert,False,
20260817-14:25:13_ours_libero_spatial_task_t0_s10_r3,ours,0,10,7,read_text_file,prior_results,spatial_t0_s0.json,False,
20260817-14:25:17_ours_libero_spatial_task_t7_s1_r1,ours,7,1,1,read_text_file,memory,MEMORY.md,False,
20260817-14:25:17_ours_libero_spatial_task_t7_s1_r1,ours,7,1,1,read_text_file,guides,strict_hybrid_guide.md,False,
20260817-14:25:17_ours_libero_spatial_task_t7_s1_r1,ours,7,1,1,read_text_file,guides,pro_hybrid_guide.md,False,
20260817-14:25:17_ours_libero_spatial_task_t7_s1_r1,ours,7,1,2,read_text_file,guides,strict_hybrid_guide.md,False,
20260817-14:25:17_ours_libero_spatial_task_t7_s1_r1,ours,7,1,3,read_text_file,guides,pro_hybrid_guide.md,False,
20260817-14:25:17_ours_libero_spatial_task_t7_s1_r1,ours,7,1,4,read_text_file,guides,env_calibration.md,False,
20260817-14:25:17_ours_libero_spatial_task_t7_s1_r1,ours,7,1,5,list_dir,other,memory,False,
20260817-14:25:17_ours_libero_spatial_task_t7_s1_r1,ours,7,1,6,list_dir,prior_results,results_spatial_pert,False,
20260817-14:25:17_ours_libero_spatial_task_t7_s1_r1,ours,7,1,7,read_text_file,prior_results,spatial_t7_s0.json,False,
20260817-14:25:17_ours_libero_spatial_task_t7_s1_r1,ours,7,1,8,read_text_file,prior_results,recipe_spatial_t7_s0.jsonl,False,
20260817-14:22:36_ours_libero_spatial_task_t0_s9_r2,ours,0,9,1,read_text_file,memory,MEMORY.md,True,
20260817-14:22:36_ours_libero_spatial_task_t0_s9_r2,ours,0,9,3,read_text_file,guides,strict_hybrid_guide.md,True,
20260817-14:22:36_ours_libero_spatial_task_t0_s9_r2,ours,0,9,3,read_text_file,guides,pro_hybrid_guide.md,True,
20260817-14:22:36_ours_libero_spatial_task_t0_s9_r2,ours,0,9,3,read_text_file,guides,env_calibration.md,True,
20260817-14:22:36_ours_libero_spatial_task_t0_s9_r2,ours,0,9,3,list_dir,prior_results,results_spatial_pert,True,
20260817-14:22:36_ours_libero_spatial_task_t0_s9_r2,ours,0,9,9,read_text_file,guides,pro_hybrid_guide.md,True,
20260817-14:22:36_ours_libero_spatial_task_t0_s9_r2,ours,0,9,10,read_text_file,guides,env_calibration.md,True,
20260817-14:22:36_ours_libero_spatial_task_t0_s9_r2,ours,0,9,11,list_dir,prior_results,results_spatial_pert,True,
20260817-14:22:36_ours_libero_spatial_task_t0_s9_r2,ours,0,9,12,read_text_file,prior_results,spatial_t0_s0.json,True,
20260817-14:22:36_ours_libero_spatial_task_t0_s9_r2,ours,0,9,13,list_dir,other,memory,True,
20260817-14:22:36_ours_libero_spatial_task_t0_s9_r2,ours,0,9,14,read_text_file,prior_results,recipe_spatial_t0_s0.jsonl,True,
20260817-14:25:07_ours_libero_spatial_task_t0_s10_r2,ours,0,10,1,read_text_file,memory,MEMORY.md,False,
20260817-14:25:07_ours_libero_spatial_task_t0_s10_r2,ours,0,10,1,read_text_file,guides,strict_hybrid_guide.md,False,
20260817-14:25:07_ours_libero_spatial_task_t0_s10_r2,ours,0,10,1,read_text_file,guides,pro_hybrid_guide.md,False,
20260817-14:25:07_ours_libero_spatial_task_t0_s10_r2,ours,0,10,1,read_text_file,guides,env_calibration.md,False,
20260817-14:25:07_ours_libero_spatial_task_t0_s10_r2,ours,0,10,2,read_text_file,guides,strict_hybrid_guide.md,False,
20260817-14:25:07_ours_libero_spatial_task_t0_s10_r2,ours,0,10,3,read_text_file,guides,pro_hybrid_guide.md,False,
20260817-14:25:07_ours_libero_spatial_task_t0_s10_r2,ours,0,10,4,read_text_file,guides,env_calibration.md,False,
20260817-14:25:07_ours_libero_spatial_task_t0_s10_r2,ours,0,10,5,list_dir,prior_results,results_spatial_pert,False,
20260817-14:25:07_ours_libero_spatial_task_t0_s10_r2,ours,0,10,6,read_text_file,prior_results,spatial_t0_s0.json,False,
20260817-14:25:07_ours_libero_spatial_task_t0_s10_r2,ours,0,10,6,list_dir,other,memory,False,
20260817-14:25:07_ours_libero_spatial_task_t0_s10_r2,ours,0,10,7,list_dir,other,memory,False,
20260817-14:29:23_ours_libero_spatial_task_t7_s1_r2,ours,7,1,1,read_text_file,memory,MEMORY.md,False,
20260817-14:29:23_ours_libero_spatial_task_t7_s1_r2,ours,7,1,1,read_text_file,guides,strict_hybrid_guide.md,False,
20260817-14:29:23_ours_libero_spatial_task_t7_s1_r2,ours,7,1,3,read_text_file,guides,strict_hybrid_guide.md,False,
20260817-14:29:23_ours_libero_spatial_task_t7_s1_r2,ours,7,1,4,read_text_file,guides,pro_hybrid_guide.md,False,
20260817-14:29:23_ours_libero_spatial_task_t7_s1_r2,ours,7,1,5,read_text_file,guides,env_calibration.md,False,
20260817-14:29:23_ours_libero_spatial_task_t7_s1_r2,ours,7,1,6,list_dir,other,memory,False,
20260817-14:29:23_ours_libero_spatial_task_t7_s1_r2,ours,7,1,7,list_dir,prior_results,results_spatial_pert,False,
20260817-14:29:23_ours_libero_spatial_task_t7_s1_r2,ours,7,1,8,read_text_file,prior_results,spatial_t7_s0.json,False,
20260817-14:29:23_ours_libero_spatial_task_t7_s1_r2,ours,7,1,9,read_text_file,prior_results,recipe_spatial_t7_s0.jsonl,False,
20260817-14:29:23_ours_libero_spatial_task_t7_s1_r2,ours,7,1,38,read_text_file,other,segment_04_01.json,False,
20260817-14:24:50_ours_libero_spatial_task_t0_s10_r1,ours,0,10,1,read_text_file,memory,MEMORY.md,False,
20260817-14:24:50_ours_libero_spatial_task_t0_s10_r1,ours,0,10,1,list_dir,prior_results,results_spatial_pert,False,
20260817-14:24:50_ours_libero_spatial_task_t0_s10_r1,ours,0,10,3,list_dir,prior_results,results_spatial_pert,False,
20260817-14:24:50_ours_libero_spatial_task_t0_s10_r1,ours,0,10,4,read_text_file,prior_results,spatial_t0_s0.json,False,
20260817-14:24:50_ours_libero_spatial_task_t0_s10_r1,ours,0,10,12,read_text_file,guides,strict_hybrid_guide.md,False,
20260817-14:24:50_ours_libero_spatial_task_t0_s10_r1,ours,0,10,13,list_dir,other,memory,False,
20260817-14:24:50_ours_libero_spatial_task_t0_s10_r1,ours,0,10,14,read_text_file,prior_results,recipe_spatial_t0_s0.jsonl,False,
20260817-14:24:50_ours_libero_spatial_task_t0_s10_r1,ours,0,10,15,read_text_file,guides,pro_hybrid_guide.md,False,
20260817-14:24:50_ours_libero_spatial_task_t0_s10_r1,ours,0,10,16,read_text_file,guides,env_calibration.md,False,
20260817-14:30:16_ours_libero_spatial_task_t7_s1_r3,ours,7,1,1,read_text_file,memory,MEMORY.md,False,
20260817-14:30:16_ours_libero_spatial_task_t7_s1_r3,ours,7,1,1,read_text_file,guides,strict_hybrid_guide.md,False,
20260817-14:30:16_ours_libero_spatial_task_t7_s1_r3,ours,7,1,1,read_text_file,guides,pro_hybrid_guide.md,False,
20260817-14:30:16_ours_libero_spatial_task_t7_s1_r3,ours,7,1,2,read_text_file,guides,strict_hybrid_guide.md,False,
20260817-14:30:16_ours_libero_spatial_task_t7_s1_r3,ours,7,1,3,read_text_file,guides,pro_hybrid_guide.md,False,
20260817-14:30:16_ours_libero_spatial_task_t7_s1_r3,ours,7,1,4,read_text_file,guides,env_calibration.md,False,
20260817-14:30:16_ours_libero_spatial_task_t7_s1_r3,ours,7,1,6,list_dir,prior_results,results_spatial_pert,False,
20260817-14:30:16_ours_libero_spatial_task_t7_s1_r3,ours,7,1,7,read_text_file,prior_results,spatial_t7_s0.json,False,
20260817-14:30:16_ours_libero_spatial_task_t7_s1_r3,ours,7,1,8,list_dir,other,memory,False,
20260817-14:30:16_ours_libero_spatial_task_t7_s1_r3,ours,7,1,9,read_text_file,prior_results,recipe_spatial_t7_s0.jsonl,False,
20260817-14:37:11_ours_libero_spatial_task_t7_s2_r2,ours,7,2,1,read_text_file,memory,MEMORY.md,True,
20260817-14:37:11_ours_libero_spatial_task_t7_s2_r2,ours,7,2,1,list_dir,memory,,True,
20260817-14:37:11_ours_libero_spatial_task_t7_s2_r2,ours,7,2,2,list_dir,memory,,True,
20260817-14:37:11_ours_libero_spatial_task_t7_s2_r2,ours,7,2,2,list_dir,other,,True,
20260817-14:37:11_ours_libero_spatial_task_t7_s2_r2,ours,7,2,3,list_dir,other,,True,
20260817-14:37:11_ours_libero_spatial_task_t7_s2_r2,ours,7,2,4,list_dir,prior_results,,True,
20260817-14:37:11_ours_libero_spatial_task_t7_s2_r2,ours,7,2,5,read_text_file,prior_results,spatial_task_t7_s0.json,True,
20260817-14:37:11_ours_libero_spatial_task_t7_s2_r2,ours,7,2,5,read_text_file,prior_results,recipe_spatial_task_t7_s0.jsonl,True,
20260817-14:37:11_ours_libero_spatial_task_t7_s2_r2,ours,7,2,6,read_text_file,prior_results,recipe_spatial_task_t7_s0.jsonl,True,
20260817-14:37:11_ours_libero_spatial_task_t7_s2_r2,ours,7,2,7,read_text_file,guides,strict_hybrid_guide.md,True,
20260817-14:37:11_ours_libero_spatial_task_t7_s2_r2,ours,7,2,7,read_text_file,guides,pro_hybrid_guide.md,True,
20260817-14:37:11_ours_libero_spatial_task_t7_s2_r2,ours,7,2,7,read_text_file,guides,env_calibration.md,True,
20260817-14:37:11_ours_libero_spatial_task_t7_s2_r2,ours,7,2,8,read_text_file,guides,pro_hybrid_guide.md,True,
20260817-14:37:11_ours_libero_spatial_task_t7_s2_r2,ours,7,2,9,read_text_file,guides,env_calibration.md,True,
20260817-14:34:19_ours_libero_spatial_task_t7_s2_r1,ours,7,2,1,read_text_file,memory,MEMORY.md,False,
20260817-14:34:19_ours_libero_spatial_task_t7_s2_r1,ours,7,2,2,list_dir,other,memory,False,
20260817-14:34:19_ours_libero_spatial_task_t7_s2_r1,ours,7,2,3,read_text_file,guides,strict_hybrid_guide.md,False,
20260817-14:34:19_ours_libero_spatial_task_t7_s2_r1,ours,7,2,4,read_text_file,guides,pro_hybrid_guide.md,False,
20260817-14:34:19_ours_libero_spatial_task_t7_s2_r1,ours,7,2,5,read_text_file,guides,env_calibration.md,False,
20260817-14:34:19_ours_libero_spatial_task_t7_s2_r1,ours,7,2,6,list_dir,prior_results,results_spatial_pert,False,
20260817-14:34:19_ours_libero_spatial_task_t7_s2_r1,ours,7,2,7,read_text_file,prior_results,spatial_t7_s0.json,False,
20260817-14:37:49_ours_libero_spatial_task_t7_s2_r3,ours,7,2,1,read_text_file,memory,MEMORY.md,True,
20260817-14:37:49_ours_libero_spatial_task_t7_s2_r3,ours,7,2,1,read_text_file,guides,strict_hybrid_guide.md,True,
20260817-14:37:49_ours_libero_spatial_task_t7_s2_r3,ours,7,2,1,read_text_file,guides,pro_hybrid_guide.md,True,
20260817-14:37:49_ours_libero_spatial_task_t7_s2_r3,ours,7,2,1,read_text_file,guides,env_calibration.md,True,
20260817-14:37:49_ours_libero_spatial_task_t7_s2_r3,ours,7,2,2,read_text_file,guides,strict_hybrid_guide.md,True,
20260817-14:37:49_ours_libero_spatial_task_t7_s2_r3,ours,7,2,3,read_text_file,guides,pro_hybrid_guide.md,True,
20260817-14:37:49_ours_libero_spatial_task_t7_s2_r3,ours,7,2,4,read_text_file,guides,env_calibration.md,True,
20260817-14:37:49_ours_libero_spatial_task_t7_s2_r3,ours,7,2,5,list_dir,other,memory,True,
20260817-14:37:49_ours_libero_spatial_task_t7_s2_r3,ours,7,2,6,list_dir,prior_results,results_spatial_pert,True,
20260817-14:37:49_ours_libero_spatial_task_t7_s2_r3,ours,7,2,7,read_text_file,prior_results,spatial_t7_s0.json,True,
20260817-14:37:49_ours_libero_spatial_task_t7_s2_r3,ours,7,2,8,read_text_file,prior_results,recipe_spatial_t7_s0.jsonl,True,
20260817-14:38:12_ours_libero_spatial_task_t7_s3_r1,ours,7,3,1,read_text_file,memory,MEMORY.md,False,
20260817-14:38:12_ours_libero_spatial_task_t7_s3_r1,ours,7,3,1,list_dir,other,memory,False,
20260817-14:38:12_ours_libero_spatial_task_t7_s3_r1,ours,7,3,2,list_dir,other,memory,False,
20260817-14:38:12_ours_libero_spatial_task_t7_s3_r1,ours,7,3,3,read_text_file,guides,strict_hybrid_guide.md,False,
20260817-14:38:12_ours_libero_spatial_task_t7_s3_r1,ours,7,3,4,read_text_file,guides,pro_hybrid_guide.md,False,
20260817-14:38:12_ours_libero_spatial_task_t7_s3_r1,ours,7,3,5,read_text_file,guides,env_calibration.md,False,
20260817-14:38:12_ours_libero_spatial_task_t7_s3_r1,ours,7,3,6,list_dir,prior_results,results_spatial_pert,False,
20260817-14:38:12_ours_libero_spatial_task_t7_s3_r1,ours,7,3,7,read_text_file,prior_results,spatial_t7_s0.json,False,
20260817-14:38:12_ours_libero_spatial_task_t7_s3_r1,ours,7,3,8,read_text_file,prior_results,recipe_spatial_t7_s0.jsonl,False,
20260817-14:39:35_ours_libero_spatial_task_t7_s3_r2,ours,7,3,1,read_text_file,memory,MEMORY.md,True,
20260817-14:39:35_ours_libero_spatial_task_t7_s3_r2,ours,7,3,1,list_dir,other,memory,True,
20260817-14:39:35_ours_libero_spatial_task_t7_s3_r2,ours,7,3,2,list_dir,other,memory,True,
20260817-14:39:35_ours_libero_spatial_task_t7_s3_r2,ours,7,3,3,read_text_file,guides,strict_hybrid_guide.md,True,
20260817-14:39:35_ours_libero_spatial_task_t7_s3_r2,ours,7,3,3,read_text_file,guides,pro_hybrid_guide.md,True,
20260817-14:39:35_ours_libero_spatial_task_t7_s3_r2,ours,7,3,4,read_text_file,guides,pro_hybrid_guide.md,True,
20260817-14:39:35_ours_libero_spatial_task_t7_s3_r2,ours,7,3,5,read_text_file,guides,env_calibration.md,True,
20260817-14:39:35_ours_libero_spatial_task_t7_s3_r2,ours,7,3,5,list_dir,prior_results,results_spatial_pert,True,
20260817-14:39:35_ours_libero_spatial_task_t7_s3_r2,ours,7,3,6,list_dir,prior_results,results_spatial_pert,True,
20260817-14:39:35_ours_libero_spatial_task_t7_s3_r2,ours,7,3,7,read_text_file,prior_results,spatial_t7_s0.json,True,
20260817-14:39:35_ours_libero_spatial_task_t7_s3_r2,ours,7,3,8,read_text_file,prior_results,recipe_spatial_t7_s0.jsonl,True,
20260817-14:41:03_ours_libero_spatial_task_t7_s3_r3,ours,7,3,1,read_text_file,memory,MEMORY.md,False,
20260817-14:41:03_ours_libero_spatial_task_t7_s3_r3,ours,7,3,1,list_dir,other,memory,False,
20260817-14:41:03_ours_libero_spatial_task_t7_s3_r3,ours,7,3,1,list_dir,prior_results,results_spatial_pert,False,
20260817-14:41:03_ours_libero_spatial_task_t7_s3_r3,ours,7,3,2,list_dir,other,memory,False,
20260817-14:41:03_ours_libero_spatial_task_t7_s3_r3,ours,7,3,3,list_dir,prior_results,results_spatial_pert,False,
20260817-14:41:03_ours_libero_spatial_task_t7_s3_r3,ours,7,3,4,read_text_file,prior_results,spatial_t7_s0.json,False,
20260817-14:41:03_ours_libero_spatial_task_t7_s3_r3,ours,7,3,5,read_text_file,prior_results,recipe_spatial_t7_s0.jsonl,False,
20260817-14:41:03_ours_libero_spatial_task_t7_s3_r3,ours,7,3,6,read_text_file,guides,strict_hybrid_guide.md,False,
20260817-14:41:03_ours_libero_spatial_task_t7_s3_r3,ours,7,3,7,read_text_file,guides,pro_hybrid_guide.md,False,
20260817-14:41:03_ours_libero_spatial_task_t7_s3_r3,ours,7,3,8,read_text_file,guides,env_calibration.md,False,
20260817-14:45:05_ours_libero_spatial_task_t7_s4_r2,ours,7,4,1,read_text_file,memory,MEMORY.md,False,
20260817-14:45:05_ours_libero_spatial_task_t7_s4_r2,ours,7,4,1,list_dir,prior_results,results_spatial_pert,False,
20260817-14:45:05_ours_libero_spatial_task_t7_s4_r2,ours,7,4,3,list_dir,prior_results,results_spatial_pert,False,
20260817-14:45:05_ours_libero_spatial_task_t7_s4_r2,ours,7,4,3,list_dir,other,memory,False,
20260817-14:45:05_ours_libero_spatial_task_t7_s4_r2,ours,7,4,4,read_text_file,prior_results,spatial_t7_s0.json,False,
20260817-14:45:05_ours_libero_spatial_task_t7_s4_r2,ours,7,4,5,read_text_file,prior_results,recipe_spatial_t7_s0.jsonl,False,
20260817-14:45:05_ours_libero_spatial_task_t7_s4_r2,ours,7,4,6,read_text_file,guides,strict_hybrid_guide.md,False,
20260817-14:45:05_ours_libero_spatial_task_t7_s4_r2,ours,7,4,7,read_text_file,guides,pro_hybrid_guide.md,False,
20260817-14:45:05_ours_libero_spatial_task_t7_s4_r2,ours,7,4,7,list_dir,other,memory,False,
20260817-14:45:05_ours_libero_spatial_task_t7_s4_r2,ours,7,4,8,list_dir,other,memory,False,
20260817-14:45:05_ours_libero_spatial_task_t7_s4_r2,ours,7,4,9,read_text_file,guides,env_calibration.md,False,
20260817-14:44:41_ours_libero_spatial_task_t7_s4_r1,ours,7,4,1,read_text_file,memory,MEMORY.md,False,
20260817-14:44:41_ours_libero_spatial_task_t7_s4_r1,ours,7,4,1,read_text_file,guides,strict_hybrid_guide.md,False,
20260817-14:44:41_ours_libero_spatial_task_t7_s4_r1,ours,7,4,3,read_text_file,guides,strict_hybrid_guide.md,False,
20260817-14:44:41_ours_libero_spatial_task_t7_s4_r1,ours,7,4,4,read_text_file,guides,pro_hybrid_guide.md,False,
20260817-14:44:41_ours_libero_spatial_task_t7_s4_r1,ours,7,4,5,read_text_file,guides,env_calibration.md,False,
20260817-14:44:41_ours_libero_spatial_task_t7_s4_r1,ours,7,4,7,list_dir,prior_results,results_spatial_pert,False,
20260817-14:44:41_ours_libero_spatial_task_t7_s4_r1,ours,7,4,8,read_text_file,prior_results,spatial_t7_s0.json,False,
20260817-14:44:41_ours_libero_spatial_task_t7_s4_r1,ours,7,4,9,read_text_file,prior_results,recipe_spatial_t7_s0.jsonl,False,
20260817-14:48:17_ours_libero_spatial_task_t7_s5_r2,ours,7,5,1,read_text_file,memory,MEMORY.md,True,
20260817-14:48:17_ours_libero_spatial_task_t7_s5_r2,ours,7,5,2,list_dir,other,memory,True,
20260817-14:48:17_ours_libero_spatial_task_t7_s5_r2,ours,7,5,2,list_dir,other,libero,True,
20260817-14:48:17_ours_libero_spatial_task_t7_s5_r2,ours,7,5,3,list_dir,other,libero,True,
20260817-14:48:17_ours_libero_spatial_task_t7_s5_r2,ours,7,5,4,list_dir,prior_results,results_spatial_task_pert,True,
20260817-14:48:17_ours_libero_spatial_task_t7_s5_r2,ours,7,5,5,read_text_file,prior_results,spatial_task_t7_s0.json,True,
20260817-14:48:17_ours_libero_spatial_task_t7_s5_r2,ours,7,5,6,read_text_file,prior_results,recipe_spatial_task_t7_s0.jsonl,True,
20260817-14:48:17_ours_libero_spatial_task_t7_s5_r2,ours,7,5,7,read_text_file,guides,strict_hybrid_guide.md,True,
20260817-14:48:17_ours_libero_spatial_task_t7_s5_r2,ours,7,5,8,read_text_file,guides,pro_hybrid_guide.md,True,
20260817-14:48:17_ours_libero_spatial_task_t7_s5_r2,ours,7,5,9,read_text_file,guides,env_calibration.md,True,
20260817-14:45:45_ours_libero_spatial_task_t7_s4_r3,ours,7,4,1,read_text_file,memory,MEMORY.md,True,
20260817-14:45:45_ours_libero_spatial_task_t7_s4_r3,ours,7,4,1,read_text_file,guides,strict_hybrid_guide.md,True,
20260817-14:45:45_ours_libero_spatial_task_t7_s4_r3,ours,7,4,1,read_text_file,guides,pro_hybrid_guide.md,True,
20260817-14:45:45_ours_libero_spatial_task_t7_s4_r3,ours,7,4,1,read_text_file,guides,env_calibration.md,True,
20260817-14:45:45_ours_libero_spatial_task_t7_s4_r3,ours,7,4,2,read_text_file,guides,strict_hybrid_guide.md,True,
20260817-14:45:45_ours_libero_spatial_task_t7_s4_r3,ours,7,4,3,read_text_file,guides,pro_hybrid_guide.md,True,
20260817-14:47:25_ours_libero_spatial_task_t7_s5_r1,ours,7,5,1,read_text_file,memory,MEMORY.md,False,
20260817-14:47:25_ours_libero_spatial_task_t7_s5_r1,ours,7,5,3,read_text_file,guides,strict_hybrid_guide.md,False,
20260817-14:47:25_ours_libero_spatial_task_t7_s5_r1,ours,7,5,3,list_dir,prior_results,results_spatial_pert,False,
20260817-14:47:25_ours_libero_spatial_task_t7_s5_r1,ours,7,5,4,list_dir,prior_results,results_spatial_pert,False,
20260817-14:47:25_ours_libero_spatial_task_t7_s5_r1,ours,7,5,5,read_text_file,prior_results,spatial_t7_s0.json,False,
20260817-14:47:25_ours_libero_spatial_task_t7_s5_r1,ours,7,5,6,read_text_file,prior_results,recipe_spatial_t7_s0.jsonl,False,
20260817-14:47:25_ours_libero_spatial_task_t7_s5_r1,ours,7,5,7,read_text_file,guides,pro_hybrid_guide.md,False,
20260817-14:47:25_ours_libero_spatial_task_t7_s5_r1,ours,7,5,8,read_text_file,guides,env_calibration.md,False,
20260817-14:51:50_ours_libero_spatial_task_t7_s6_r1,ours,7,6,1,read_text_file,memory,MEMORY.md,False,
20260817-14:51:50_ours_libero_spatial_task_t7_s6_r1,ours,7,6,1,read_text_file,guides,strict_hybrid_guide.md,False,
20260817-14:51:50_ours_libero_spatial_task_t7_s6_r1,ours,7,6,2,read_text_file,guides,strict_hybrid_guide.md,False,
20260817-14:51:50_ours_libero_spatial_task_t7_s6_r1,ours,7,6,2,read_text_file,guides,pro_hybrid_guide.md,False,
20260817-14:51:50_ours_libero_spatial_task_t7_s6_r1,ours,7,6,3,read_text_file,guides,strict_hybrid_guide.md,False,
20260817-14:51:50_ours_libero_spatial_task_t7_s6_r1,ours,7,6,4,read_text_file,guides,env_calibration.md,False,
20260817-14:51:50_ours_libero_spatial_task_t7_s6_r1,ours,7,6,4,list_dir,prior_results,results_spatial_pert,False,
20260817-14:51:50_ours_libero_spatial_task_t7_s6_r1,ours,7,6,5,list_dir,prior_results,results_spatial_pert,False,
20260817-14:51:50_ours_libero_spatial_task_t7_s6_r1,ours,7,6,6,read_text_file,prior_results,spatial_t7_s0.json,False,
20260817-14:51:50_ours_libero_spatial_task_t7_s6_r1,ours,7,6,6,read_text_file,prior_results,recipe_spatial_t7_s0.jsonl,False,
20260817-14:51:50_ours_libero_spatial_task_t7_s6_r1,ours,7,6,7,read_text_file,prior_results,recipe_spatial_t7_s0.jsonl,False,
20260817-14:51:50_ours_libero_spatial_task_t7_s6_r1,ours,7,6,8,list_dir,other,memory,False,
20260817-14:51:36_ours_libero_spatial_task_t7_s5_r3,ours,7,5,1,read_text_file,memory,MEMORY.md,True,
20260817-14:51:36_ours_libero_spatial_task_t7_s5_r3,ours,7,5,3,read_text_file,guides,strict_hybrid_guide.md,True,
20260817-14:51:36_ours_libero_spatial_task_t7_s5_r3,ours,7,5,3,read_text_file,guides,pro_hybrid_guide.md,True,
20260817-14:51:36_ours_libero_spatial_task_t7_s5_r3,ours,7,5,4,read_text_file,guides,pro_hybrid_guide.md,True,
20260817-14:51:36_ours_libero_spatial_task_t7_s5_r3,ours,7,5,5,read_text_file,guides,env_calibration.md,True,
20260817-14:51:36_ours_libero_spatial_task_t7_s5_r3,ours,7,5,6,list_dir,prior_results,results_spatial_pert,True,
20260817-14:51:36_ours_libero_spatial_task_t7_s5_r3,ours,7,5,7,read_text_file,prior_results,spatial_t7_s0.json,True,
20260817-14:51:36_ours_libero_spatial_task_t7_s5_r3,ours,7,5,8,list_dir,other,memory,True,
20260817-14:52:58_ours_libero_spatial_task_t7_s6_r2,ours,7,6,1,read_text_file,memory,MEMORY.md,False,
20260817-14:52:58_ours_libero_spatial_task_t7_s6_r2,ours,7,6,1,list_dir,other,memory,False,
20260817-14:52:58_ours_libero_spatial_task_t7_s6_r2,ours,7,6,2,list_dir,other,memory,False,
20260817-14:52:58_ours_libero_spatial_task_t7_s6_r2,ours,7,6,2,read_text_file,guides,strict_hybrid_guide.md,False,
20260817-14:52:58_ours_libero_spatial_task_t7_s6_r2,ours,7,6,3,read_text_file,guides,strict_hybrid_guide.md,False,
20260817-14:52:58_ours_libero_spatial_task_t7_s6_r2,ours,7,6,4,read_text_file,guides,pro_hybrid_guide.md,False,
20260817-14:52:58_ours_libero_spatial_task_t7_s6_r2,ours,7,6,5,read_text_file,guides,env_calibration.md,False,
20260817-14:52:58_ours_libero_spatial_task_t7_s6_r2,ours,7,6,5,list_dir,prior_results,results_spatial_pert,False,
20260817-14:52:58_ours_libero_spatial_task_t7_s6_r2,ours,7,6,6,list_dir,prior_results,results_spatial_pert,False,
20260817-14:52:58_ours_libero_spatial_task_t7_s6_r2,ours,7,6,7,read_text_file,prior_results,spatial_t7_s0.json,False,
20260817-14:52:58_ours_libero_spatial_task_t7_s6_r2,ours,7,6,8,read_text_file,prior_results,recipe_spatial_t7_s0.jsonl,False,
20260817-14:56:26_ours_libero_spatial_task_t7_s6_r3,ours,7,6,1,read_text_file,memory,MEMORY.md,False,
20260817-14:56:26_ours_libero_spatial_task_t7_s6_r3,ours,7,6,2,read_text_file,guides,strict_hybrid_guide.md,False,
20260817-14:56:26_ours_libero_spatial_task_t7_s6_r3,ours,7,6,2,list_dir,prior_results,results_spatial_pert,False,
20260817-14:56:26_ours_libero_spatial_task_t7_s6_r3,ours,7,6,3,read_text_file,prior_results,spatial_t7_s0.json,False,
20260817-14:56:26_ours_libero_spatial_task_t7_s6_r3,ours,7,6,4,read_text_file,prior_results,recipe_spatial_t7_s0.jsonl,False,
20260817-14:57:49_ours_libero_spatial_task_t7_s7_r1,ours,7,7,1,read_text_file,memory,MEMORY.md,False,
20260817-14:57:49_ours_libero_spatial_task_t7_s7_r1,ours,7,7,1,list_dir,memory,,False,
20260817-14:57:49_ours_libero_spatial_task_t7_s7_r1,ours,7,7,2,list_dir,memory,,False,
20260817-14:57:49_ours_libero_spatial_task_t7_s7_r1,ours,7,7,2,read_text_file,guides,strict_hybrid_guide.md,False,
20260817-14:57:49_ours_libero_spatial_task_t7_s7_r1,ours,7,7,3,read_text_file,guides,strict_hybrid_guide.md,False,
20260817-14:57:49_ours_libero_spatial_task_t7_s7_r1,ours,7,7,4,read_text_file,guides,pro_hybrid_guide.md,False,
20260817-14:57:49_ours_libero_spatial_task_t7_s7_r1,ours,7,7,5,read_text_file,guides,env_calibration.md,False,
20260817-14:57:49_ours_libero_spatial_task_t7_s7_r1,ours,7,7,6,list_dir,prior_results,,False,
20260817-14:57:49_ours_libero_spatial_task_t7_s7_r1,ours,7,7,7,read_text_file,prior_results,spatial_t7_s0.json,False,
20260817-14:57:49_ours_libero_spatial_task_t7_s7_r1,ours,7,7,8,read_text_file,prior_results,recipe_spatial_t7_s0.jsonl,False,
20260817-14:59:35_ours_libero_spatial_task_t7_s7_r2,ours,7,7,1,read_text_file,memory,MEMORY.md,False,
20260817-14:59:35_ours_libero_spatial_task_t7_s7_r2,ours,7,7,1,read_text_file,guides,strict_hybrid_guide.md,False,
20260817-14:59:35_ours_libero_spatial_task_t7_s7_r2,ours,7,7,2,read_text_file,guides,strict_hybrid_guide.md,False,
20260817-14:59:35_ours_libero_spatial_task_t7_s7_r2,ours,7,7,4,read_text_file,guides,pro_hybrid_guide.md,False,
20260817-14:59:35_ours_libero_spatial_task_t7_s7_r2,ours,7,7,5,read_text_file,guides,env_calibration.md,False,
20260817-14:59:35_ours_libero_spatial_task_t7_s7_r2,ours,7,7,6,list_dir,prior_results,results_spatial_pert,False,
20260817-14:59:35_ours_libero_spatial_task_t7_s7_r2,ours,7,7,7,read_text_file,prior_results,spatial_t7_s0.json,False,
20260817-14:59:35_ours_libero_spatial_task_t7_s7_r2,ours,7,7,8,read_text_file,prior_results,recipe_spatial_t7_s0.jsonl,False,
20260817-14:59:35_ours_libero_spatial_task_t7_s7_r2,ours,7,7,29,read_text_file,memory,feedback_scripted_pick_limits.md,False,
20260817-14:59:35_ours_libero_spatial_task_t7_s7_r2,ours,7,7,30,list_dir,other,memory,False,
20260817-15:00:02_ours_libero_spatial_task_t7_s7_r3,ours,7,7,1,read_text_file,memory,MEMORY.md,False,
20260817-15:00:02_ours_libero_spatial_task_t7_s7_r3,ours,7,7,1,read_text_file,guides,strict_hybrid_guide.md,False,
20260817-15:00:02_ours_libero_spatial_task_t7_s7_r3,ours,7,7,2,read_text_file,guides,strict_hybrid_guide.md,False,
20260817-15:00:02_ours_libero_spatial_task_t7_s7_r3,ours,7,7,3,read_text_file,guides,pro_hybrid_guide.md,False,
20260817-15:00:02_ours_libero_spatial_task_t7_s7_r3,ours,7,7,4,read_text_file,guides,env_calibration.md,False,
20260817-15:00:02_ours_libero_spatial_task_t7_s7_r3,ours,7,7,5,list_dir,other,memory,False,
20260817-15:00:02_ours_libero_spatial_task_t7_s7_r3,ours,7,7,5,list_dir,prior_results,results_spatial_pert,False,
20260817-15:00:02_ours_libero_spatial_task_t7_s7_r3,ours,7,7,6,list_dir,prior_results,results_spatial_pert,False,
20260817-15:00:02_ours_libero_spatial_task_t7_s7_r3,ours,7,7,7,read_text_file,prior_results,spatial_t7_s0.json,False,
20260817-15:00:02_ours_libero_spatial_task_t7_s7_r3,ours,7,7,8,read_text_file,prior_results,recipe_spatial_t7_s0.jsonl,False,
20260817-15:00:23_ours_libero_spatial_task_t7_s8_r1,ours,7,8,1,read_text_file,memory,MEMORY.md,False,
20260817-15:00:23_ours_libero_spatial_task_t7_s8_r1,ours,7,8,1,read_text_file,guides,strict_hybrid_guide.md,False,
20260817-15:00:23_ours_libero_spatial_task_t7_s8_r1,ours,7,8,2,read_text_file,guides,strict_hybrid_guide.md,False,
20260817-15:00:23_ours_libero_spatial_task_t7_s8_r1,ours,7,8,3,read_text_file,guides,pro_hybrid_guide.md,False,
20260817-15:00:23_ours_libero_spatial_task_t7_s8_r1,ours,7,8,3,list_dir,prior_results,results_spatial_pert,False,
20260817-15:00:23_ours_libero_spatial_task_t7_s8_r1,ours,7,8,4,list_dir,prior_results,results_spatial_pert,False,
20260817-15:00:23_ours_libero_spatial_task_t7_s8_r1,ours,7,8,5,read_text_file,prior_results,spatial_t7_s0.json,False,
20260817-15:00:23_ours_libero_spatial_task_t7_s8_r1,ours,7,8,6,read_text_file,prior_results,recipe_spatial_t7_s0.jsonl,False,
20260817-15:00:23_ours_libero_spatial_task_t7_s8_r1,ours,7,8,9,read_text_file,guides,env_calibration.md,False,
20260817-15:01:47_ours_libero_spatial_task_t7_s8_r2,ours,7,8,1,read_text_file,memory,MEMORY.md,False,
20260817-15:01:47_ours_libero_spatial_task_t7_s8_r2,ours,7,8,1,list_dir,other,memory,False,
20260817-15:01:47_ours_libero_spatial_task_t7_s8_r2,ours,7,8,4,list_dir,prior_results,results_spatial_pert,False,
20260817-15:01:47_ours_libero_spatial_task_t7_s8_r2,ours,7,8,5,read_text_file,prior_results,spatial_t7_s0.json,False,
20260817-15:01:47_ours_libero_spatial_task_t7_s8_r2,ours,7,8,6,read_text_file,prior_results,recipe_spatial_t7_s0.jsonl,False,
20260817-15:01:47_ours_libero_spatial_task_t7_s8_r2,ours,7,8,16,read_text_file,guides,pro_hybrid_guide.md,False,
20260817-15:01:47_ours_libero_spatial_task_t7_s8_r2,ours,7,8,18,read_text_file,guides,strict_hybrid_guide.md,False,
20260817-15:07:40_ours_libero_spatial_task_t7_s9_r2,ours,7,9,1,read_text_file,memory,MEMORY.md,True,
20260817-15:07:40_ours_libero_spatial_task_t7_s9_r2,ours,7,9,1,list_dir,memory,,True,
20260817-15:07:40_ours_libero_spatial_task_t7_s9_r2,ours,7,9,3,list_dir,prior_results,,True,
20260817-15:07:40_ours_libero_spatial_task_t7_s9_r2,ours,7,9,4,read_text_file,prior_results,spatial_t7_s0.json,True,
20260817-15:07:40_ours_libero_spatial_task_t7_s9_r2,ours,7,9,4,read_text_file,prior_results,recipe_spatial_t7_s0.jsonl,True,
20260817-15:07:40_ours_libero_spatial_task_t7_s9_r2,ours,7,9,5,read_text_file,prior_results,recipe_spatial_t7_s0.jsonl,True,
20260817-15:07:40_ours_libero_spatial_task_t7_s9_r2,ours,7,9,6,read_text_file,guides,strict_hybrid_guide.md,True,
20260817-15:07:40_ours_libero_spatial_task_t7_s9_r2,ours,7,9,6,read_text_file,guides,pro_hybrid_guide.md,True,
20260817-15:07:40_ours_libero_spatial_task_t7_s9_r2,ours,7,9,7,read_text_file,guides,pro_hybrid_guide.md,True,
20260817-15:07:40_ours_libero_spatial_task_t7_s9_r2,ours,7,9,8,read_text_file,guides,env_calibration.md,True,
20260817-15:06:31_ours_libero_spatial_task_t7_s9_r1,ours,7,9,1,read_text_file,memory,MEMORY.md,False,
20260817-15:06:31_ours_libero_spatial_task_t7_s9_r1,ours,7,9,1,list_dir,memory,,False,
20260817-15:06:31_ours_libero_spatial_task_t7_s9_r1,ours,7,9,1,list_dir,prior_results,,False,
20260817-15:06:31_ours_libero_spatial_task_t7_s9_r1,ours,7,9,2,read_text_file,guides,strict_hybrid_guide.md,False,
20260817-15:06:31_ours_libero_spatial_task_t7_s9_r1,ours,7,9,2,read_text_file,guides,pro_hybrid_guide.md,False,
20260817-15:06:31_ours_libero_spatial_task_t7_s9_r1,ours,7,9,3,read_text_file,guides,pro_hybrid_guide.md,False,
20260817-15:06:31_ours_libero_spatial_task_t7_s9_r1,ours,7,9,4,read_text_file,guides,env_calibration.md,False,
20260817-15:06:31_ours_libero_spatial_task_t7_s9_r1,ours,7,9,7,read_text_file,other,camera_meta.json,False,
20260817-15:06:31_ours_libero_spatial_task_t7_s9_r1,ours,7,9,15,list_dir,prior_results,,False,
20260817-15:06:31_ours_libero_spatial_task_t7_s9_r1,ours,7,9,16,read_text_file,prior_results,spatial_t7_s0.json,False,
20260817-15:06:31_ours_libero_spatial_task_t7_s9_r1,ours,7,9,16,read_text_file,prior_results,recipe_spatial_t7_s0.jsonl,False,
20260817-15:06:31_ours_libero_spatial_task_t7_s9_r1,ours,7,9,17,read_text_file,prior_results,recipe_spatial_t7_s0.jsonl,False,
20260817-15:04:06_ours_libero_spatial_task_t7_s8_r3,ours,7,8,1,read_text_file,memory,MEMORY.md,False,
20260817-15:04:06_ours_libero_spatial_task_t7_s8_r3,ours,7,8,1,list_dir,memory,,False,
20260817-15:04:06_ours_libero_spatial_task_t7_s8_r3,ours,7,8,2,list_dir,memory,,False,
20260817-15:04:06_ours_libero_spatial_task_t7_s8_r3,ours,7,8,3,read_text_file,guides,strict_hybrid_guide.md,False,
20260817-15:04:06_ours_libero_spatial_task_t7_s8_r3,ours,7,8,4,read_text_file,guides,pro_hybrid_guide.md,False,
20260817-15:04:06_ours_libero_spatial_task_t7_s8_r3,ours,7,8,5,read_text_file,guides,env_calibration.md,False,
20260817-15:04:06_ours_libero_spatial_task_t7_s8_r3,ours,7,8,6,list_dir,prior_results,,False,
20260817-15:04:06_ours_libero_spatial_task_t7_s8_r3,ours,7,8,7,read_text_file,prior_results,spatial_t7_s0.json,False,
20260817-15:04:06_ours_libero_spatial_task_t7_s8_r3,ours,7,8,8,read_text_file,prior_results,recipe_spatial_t7_s0.jsonl,False,
20260817-15:07:54_ours_libero_spatial_task_t7_s9_r3,ours,7,9,1,read_text_file,memory,MEMORY.md,False,
20260817-15:07:54_ours_libero_spatial_task_t7_s9_r3,ours,7,9,1,list_dir,memory,,False,
20260817-15:07:54_ours_libero_spatial_task_t7_s9_r3,ours,7,9,2,list_dir,memory,,False,
20260817-15:07:54_ours_libero_spatial_task_t7_s9_r3,ours,7,9,4,list_dir,prior_results,,False,
20260817-15:07:54_ours_libero_spatial_task_t7_s9_r3,ours,7,9,5,read_text_file,prior_results,spatial_t7_s0.json,False,
20260817-15:07:54_ours_libero_spatial_task_t7_s9_r3,ours,7,9,5,read_text_file,prior_results,recipe_spatial_t7_s0.jsonl,False,
20260817-15:07:54_ours_libero_spatial_task_t7_s9_r3,ours,7,9,6,read_text_file,prior_results,recipe_spatial_t7_s0.jsonl,False,
20260817-15:07:54_ours_libero_spatial_task_t7_s9_r3,ours,7,9,6,read_text_file,guides,strict_hybrid_guide.md,False,
20260817-15:07:54_ours_libero_spatial_task_t7_s9_r3,ours,7,9,7,read_text_file,guides,strict_hybrid_guide.md,False,
20260817-15:07:54_ours_libero_spatial_task_t7_s9_r3,ours,7,9,8,read_text_file,guides,pro_hybrid_guide.md,False,
20260817-15:07:54_ours_libero_spatial_task_t7_s9_r3,ours,7,9,9,read_text_file,guides,env_calibration.md,False,
20260817-15:08:33_ours_libero_spatial_task_t7_s10_r1,ours,7,10,1,read_text_file,memory,MEMORY.md,False,
20260817-15:08:33_ours_libero_spatial_task_t7_s10_r1,ours,7,10,3,read_text_file,guides,strict_hybrid_guide.md,False,
20260817-15:08:33_ours_libero_spatial_task_t7_s10_r1,ours,7,10,3,read_text_file,guides,pro_hybrid_guide.md,False,
20260817-15:08:33_ours_libero_spatial_task_t7_s10_r1,ours,7,10,3,read_text_file,guides,env_calibration.md,False,
20260817-15:08:33_ours_libero_spatial_task_t7_s10_r1,ours,7,10,3,list_dir,prior_results,results_spatial_pert,False,
20260817-15:08:33_ours_libero_spatial_task_t7_s10_r1,ours,7,10,4,read_text_file,guides,pro_hybrid_guide.md,False,
20260817-15:08:33_ours_libero_spatial_task_t7_s10_r1,ours,7,10,4,read_text_file,guides,env_calibration.md,False,
20260817-15:08:33_ours_libero_spatial_task_t7_s10_r1,ours,7,10,4,list_dir,prior_results,results_spatial_pert,False,
20260817-15:08:33_ours_libero_spatial_task_t7_s10_r1,ours,7,10,5,read_text_file,guides,env_calibration.md,False,
20260817-15:08:33_ours_libero_spatial_task_t7_s10_r1,ours,7,10,5,list_dir,prior_results,results_spatial_pert,False,
20260817-15:08:33_ours_libero_spatial_task_t7_s10_r1,ours,7,10,6,read_text_file,prior_results,spatial_t7_s0.json,False,
20260817-15:08:33_ours_libero_spatial_task_t7_s10_r1,ours,7,10,6,read_text_file,guides,env_calibration.md,False,
20260817-15:08:33_ours_libero_spatial_task_t7_s10_r1,ours,7,10,7,read_text_file,prior_results,recipe_spatial_t7_s0.jsonl,False,
20260817-15:08:33_ours_libero_spatial_task_t7_s10_r1,ours,7,10,7,read_text_file,guides,env_calibration.md,False,
20260817-15:08:33_ours_libero_spatial_task_t7_s10_r1,ours,7,10,8,read_text_file,guides,env_calibration.md,False,
20260817-15:08:33_ours_libero_spatial_task_t7_s10_r1,ours,7,10,9,list_dir,other,memory,False,
20260817-15:11:28_ours_libero_spatial_task_t7_s10_r2,ours,7,10,1,read_text_file,memory,MEMORY.md,True,
20260817-15:11:28_ours_libero_spatial_task_t7_s10_r2,ours,7,10,1,read_text_file,guides,strict_hybrid_guide.md,True,
20260817-15:11:28_ours_libero_spatial_task_t7_s10_r2,ours,7,10,1,read_text_file,guides,pro_hybrid_guide.md,True,
20260817-15:11:28_ours_libero_spatial_task_t7_s10_r2,ours,7,10,1,read_text_file,guides,env_calibration.md,True,
20260817-15:11:28_ours_libero_spatial_task_t7_s10_r2,ours,7,10,2,read_text_file,guides,strict_hybrid_guide.md,True,
20260817-15:11:28_ours_libero_spatial_task_t7_s10_r2,ours,7,10,3,read_text_file,guides,pro_hybrid_guide.md,True,
20260817-15:11:28_ours_libero_spatial_task_t7_s10_r2,ours,7,10,4,read_text_file,guides,env_calibration.md,True,
20260817-15:11:28_ours_libero_spatial_task_t7_s10_r2,ours,7,10,5,list_dir,memory,,True,
20260817-15:11:28_ours_libero_spatial_task_t7_s10_r2,ours,7,10,6,list_dir,prior_results,,True,
20260817-15:11:28_ours_libero_spatial_task_t7_s10_r2,ours,7,10,7,read_text_file,prior_results,spatial_t7_s0.json,True,
20260817-15:11:28_ours_libero_spatial_task_t7_s10_r2,ours,7,10,8,read_text_file,prior_results,recipe_spatial_t7_s0.jsonl,True,
20260817-15:11:52_ours_libero_spatial_task_t7_s10_r3,ours,7,10,1,read_text_file,memory,MEMORY.md,False,
20260817-15:11:52_ours_libero_spatial_task_t7_s10_r3,ours,7,10,1,read_text_file,guides,strict_hybrid_guide.md,False,
20260817-15:11:52_ours_libero_spatial_task_t7_s10_r3,ours,7,10,2,read_text_file,guides,strict_hybrid_guide.md,False,
20260817-15:11:52_ours_libero_spatial_task_t7_s10_r3,ours,7,10,3,list_dir,other,memory,False,
20260817-15:11:52_ours_libero_spatial_task_t7_s10_r3,ours,7,10,4,read_text_file,guides,pro_hybrid_guide.md,False,
20260817-15:11:52_ours_libero_spatial_task_t7_s10_r3,ours,7,10,5,read_text_file,guides,env_calibration.md,False,
20260817-15:11:52_ours_libero_spatial_task_t7_s10_r3,ours,7,10,8,list_dir,prior_results,results_spatial_pert,False,
20260817-15:11:52_ours_libero_spatial_task_t7_s10_r3,ours,7,10,9,read_text_file,prior_results,spatial_t7_s0.json,False,
20260817-15:11:52_ours_libero_spatial_task_t7_s10_r3,ours,7,10,10,read_text_file,prior_results,recipe_spatial_t7_s0.jsonl,False,
20260817-15:13:52_ours_libero_spatial_task_t9_s1_r1,ours,9,1,1,read_text_file,memory,MEMORY.md,True,
20260817-15:13:52_ours_libero_spatial_task_t9_s1_r1,ours,9,1,1,list_dir,other,memory,True,
20260817-15:13:52_ours_libero_spatial_task_t9_s1_r1,ours,9,1,1,read_text_file,guides,strict_hybrid_guide.md,True,
20260817-15:13:52_ours_libero_spatial_task_t9_s1_r1,ours,9,1,2,list_dir,other,memory,True,
20260817-15:13:52_ours_libero_spatial_task_t9_s1_r1,ours,9,1,3,read_text_file,guides,strict_hybrid_guide.md,True,
20260817-15:13:52_ours_libero_spatial_task_t9_s1_r1,ours,9,1,4,read_text_file,guides,pro_hybrid_guide.md,True,
20260817-15:13:52_ours_libero_spatial_task_t9_s1_r1,ours,9,1,5,read_text_file,guides,env_calibration.md,True,
20260817-15:13:52_ours_libero_spatial_task_t9_s1_r1,ours,9,1,6,list_dir,prior_results,results_spatial_pert,True,
20260817-15:13:52_ours_libero_spatial_task_t9_s1_r1,ours,9,1,7,read_text_file,prior_results,spatial_t9_s0.json,True,
20260817-15:13:52_ours_libero_spatial_task_t9_s1_r1,ours,9,1,8,read_text_file,prior_results,recipe_spatial_t9_s0.jsonl,True,
20260817-15:18:31_ours_libero_spatial_task_t9_s1_r3,ours,9,1,1,read_text_file,memory,MEMORY.md,False,
20260817-15:18:31_ours_libero_spatial_task_t9_s1_r3,ours,9,1,1,list_dir,memory,,False,
20260817-15:18:31_ours_libero_spatial_task_t9_s1_r3,ours,9,1,2,list_dir,memory,,False,
20260817-15:18:31_ours_libero_spatial_task_t9_s1_r3,ours,9,1,3,read_text_file,guides,strict_hybrid_guide.md,False,
20260817-15:18:31_ours_libero_spatial_task_t9_s1_r3,ours,9,1,4,read_text_file,guides,pro_hybrid_guide.md,False,
20260817-15:18:31_ours_libero_spatial_task_t9_s1_r3,ours,9,1,5,read_text_file,guides,env_calibration.md,False,
20260817-15:18:31_ours_libero_spatial_task_t9_s1_r3,ours,9,1,5,list_dir,prior_results,,False,
20260817-15:18:31_ours_libero_spatial_task_t9_s1_r3,ours,9,1,6,list_dir,prior_results,,False,
20260817-15:18:31_ours_libero_spatial_task_t9_s1_r3,ours,9,1,7,read_text_file,prior_results,spatial_t9_s0.json,False,
20260817-15:19:00_ours_libero_spatial_task_t9_s2_r1,ours,9,2,1,read_text_file,memory,MEMORY.md,False,
20260817-15:19:00_ours_libero_spatial_task_t9_s2_r1,ours,9,2,1,read_text_file,guides,strict_hybrid_guide.md,False,
20260817-15:19:00_ours_libero_spatial_task_t9_s2_r1,ours,9,2,1,read_text_file,guides,pro_hybrid_guide.md,False,
20260817-15:19:00_ours_libero_spatial_task_t9_s2_r1,ours,9,2,3,read_text_file,guides,strict_hybrid_guide.md,False,
20260817-15:19:00_ours_libero_spatial_task_t9_s2_r1,ours,9,2,4,read_text_file,guides,pro_hybrid_guide.md,False,
20260817-15:19:00_ours_libero_spatial_task_t9_s2_r1,ours,9,2,5,read_text_file,guides,env_calibration.md,False,
20260817-15:19:00_ours_libero_spatial_task_t9_s2_r1,ours,9,2,6,list_dir,other,memory,False,
20260817-15:19:00_ours_libero_spatial_task_t9_s2_r1,ours,9,2,7,list_dir,prior_results,results_spatial_pert,False,
20260817-15:19:00_ours_libero_spatial_task_t9_s2_r1,ours,9,2,8,read_text_file,prior_results,spatial_t9_s0.json,False,
20260817-15:19:00_ours_libero_spatial_task_t9_s2_r1,ours,9,2,9,read_text_file,prior_results,recipe_spatial_t9_s0.jsonl,False,
20260817-15:16:46_ours_libero_spatial_task_t9_s1_r2,ours,9,1,1,read_text_file,memory,MEMORY.md,False,
20260817-15:16:46_ours_libero_spatial_task_t9_s1_r2,ours,9,1,1,list_dir,other,memory,False,
20260817-15:16:46_ours_libero_spatial_task_t9_s1_r2,ours,9,1,2,list_dir,other,memory,False,
20260817-15:16:46_ours_libero_spatial_task_t9_s1_r2,ours,9,1,4,read_text_file,guides,strict_hybrid_guide.md,False,
20260817-15:16:46_ours_libero_spatial_task_t9_s1_r2,ours,9,1,5,read_text_file,guides,pro_hybrid_guide.md,False,
20260817-15:16:46_ours_libero_spatial_task_t9_s1_r2,ours,9,1,6,read_text_file,guides,env_calibration.md,False,
20260817-15:16:46_ours_libero_spatial_task_t9_s1_r2,ours,9,1,7,list_dir,prior_results,results_spatial_pert,False,
20260817-15:16:46_ours_libero_spatial_task_t9_s1_r2,ours,9,1,8,read_text_file,prior_results,spatial_t9_s0.json,False,
20260817-15:16:46_ours_libero_spatial_task_t9_s1_r2,ours,9,1,9,read_text_file,prior_results,recipe_spatial_t9_s0.jsonl,False,
20260817-15:21:41_ours_libero_spatial_task_t9_s3_r1,ours,9,3,1,read_text_file,memory,MEMORY.md,False,
20260817-15:21:41_ours_libero_spatial_task_t9_s3_r1,ours,9,3,1,read_text_file,guides,strict_hybrid_guide.md,False,
20260817-15:21:41_ours_libero_spatial_task_t9_s3_r1,ours,9,3,2,read_text_file,guides,strict_hybrid_guide.md,False,
20260817-15:21:41_ours_libero_spatial_task_t9_s3_r1,ours,9,3,3,read_text_file,guides,pro_hybrid_guide.md,False,
20260817-15:21:41_ours_libero_spatial_task_t9_s3_r1,ours,9,3,4,read_text_file,guides,env_calibration.md,False,
20260817-15:21:41_ours_libero_spatial_task_t9_s3_r1,ours,9,3,7,list_dir,prior_results,results_spatial_pert,False,
20260817-15:21:41_ours_libero_spatial_task_t9_s3_r1,ours,9,3,8,read_text_file,prior_results,spatial_t9_s0.json,False,
20260817-15:20:00_ours_libero_spatial_task_t9_s2_r2,ours,9,2,1,read_text_file,memory,MEMORY.md,True,
20260817-15:20:00_ours_libero_spatial_task_t9_s2_r2,ours,9,2,1,read_text_file,guides,strict_hybrid_guide.md,True,
20260817-15:20:00_ours_libero_spatial_task_t9_s2_r2,ours,9,2,1,read_text_file,guides,pro_hybrid_guide.md,True,
20260817-15:20:00_ours_libero_spatial_task_t9_s2_r2,ours,9,2,1,read_text_file,guides,env_calibration.md,True,
20260817-15:20:00_ours_libero_spatial_task_t9_s2_r2,ours,9,2,2,list_dir,memory,,True,
20260817-15:20:00_ours_libero_spatial_task_t9_s2_r2,ours,9,2,3,read_text_file,guides,strict_hybrid_guide.md,True,
20260817-15:20:00_ours_libero_spatial_task_t9_s2_r2,ours,9,2,4,read_text_file,guides,pro_hybrid_guide.md,True,
20260817-15:20:00_ours_libero_spatial_task_t9_s2_r2,ours,9,2,5,read_text_file,guides,env_calibration.md,True,
20260817-15:20:00_ours_libero_spatial_task_t9_s2_r2,ours,9,2,7,list_dir,prior_results,,True,
20260817-15:20:00_ours_libero_spatial_task_t9_s2_r2,ours,9,2,8,read_text_file,prior_results,spatial_t9_s0.json,True,
20260817-15:20:00_ours_libero_spatial_task_t9_s2_r2,ours,9,2,9,read_text_file,prior_results,recipe_spatial_t9_s0.jsonl,True,
20260817-15:20:23_ours_libero_spatial_task_t9_s2_r3,ours,9,2,1,read_text_file,memory,MEMORY.md,True,
20260817-15:20:23_ours_libero_spatial_task_t9_s2_r3,ours,9,2,1,read_text_file,guides,strict_hybrid_guide.md,True,
20260817-15:20:23_ours_libero_spatial_task_t9_s2_r3,ours,9,2,3,read_text_file,guides,strict_hybrid_guide.md,True,
20260817-15:20:23_ours_libero_spatial_task_t9_s2_r3,ours,9,2,4,list_dir,memory,,True,
20260817-15:20:23_ours_libero_spatial_task_t9_s2_r3,ours,9,2,4,list_dir,prior_results,,True,
20260817-15:20:23_ours_libero_spatial_task_t9_s2_r3,ours,9,2,5,list_dir,prior_results,,True,
20260817-15:20:23_ours_libero_spatial_task_t9_s2_r3,ours,9,2,6,read_text_file,prior_results,spatial_t9_s0.json,True,
20260817-15:22:48_ours_libero_spatial_task_t9_s3_r2,ours,9,3,1,read_text_file,memory,MEMORY.md,False,
20260817-15:22:48_ours_libero_spatial_task_t9_s3_r2,ours,9,3,1,read_text_file,guides,strict_hybrid_guide.md,False,
20260817-15:22:48_ours_libero_spatial_task_t9_s3_r2,ours,9,3,2,list_dir,memory,,False,
20260817-15:22:48_ours_libero_spatial_task_t9_s3_r2,ours,9,3,3,read_text_file,guides,strict_hybrid_guide.md,False,
20260817-15:22:48_ours_libero_spatial_task_t9_s3_r2,ours,9,3,4,read_text_file,guides,pro_hybrid_guide.md,False,
20260817-15:22:48_ours_libero_spatial_task_t9_s3_r2,ours,9,3,5,read_text_file,guides,env_calibration.md,False,
20260817-15:22:48_ours_libero_spatial_task_t9_s3_r2,ours,9,3,6,list_dir,prior_results,,False,
20260817-15:22:48_ours_libero_spatial_task_t9_s3_r2,ours,9,3,7,read_text_file,prior_results,spatial_t9_s0.json,False,
20260817-15:22:48_ours_libero_spatial_task_t9_s3_r2,ours,9,3,8,read_text_file,prior_results,recipe_spatial_t9_s0.jsonl,False,
20260817-15:24:11_ours_libero_spatial_task_t9_s3_r3,ours,9,3,1,read_text_file,memory,MEMORY.md,True,
20260817-15:24:11_ours_libero_spatial_task_t9_s3_r3,ours,9,3,1,read_text_file,guides,strict_hybrid_guide.md,True,
20260817-15:24:11_ours_libero_spatial_task_t9_s3_r3,ours,9,3,3,read_text_file,guides,strict_hybrid_guide.md,True,
20260817-15:24:11_ours_libero_spatial_task_t9_s3_r3,ours,9,3,4,list_dir,prior_results,results_spatial_pert,True,
20260817-15:24:11_ours_libero_spatial_task_t9_s3_r3,ours,9,3,5,read_text_file,prior_results,spatial_t9_s0.json,True,
20260817-15:24:11_ours_libero_spatial_task_t9_s3_r3,ours,9,3,6,read_text_file,prior_results,recipe_spatial_t9_s0.jsonl,True,
20260817-15:24:11_ours_libero_spatial_task_t9_s3_r3,ours,9,3,6,list_dir,other,memory,True,
20260817-15:24:11_ours_libero_spatial_task_t9_s3_r3,ours,9,3,7,list_dir,other,memory,True,
20260817-15:27:21_ours_libero_spatial_task_t9_s4_r1,ours,9,4,1,read_text_file,memory,MEMORY.md,True,
20260817-15:27:21_ours_libero_spatial_task_t9_s4_r1,ours,9,4,1,read_text_file,guides,strict_hybrid_guide.md,True,
20260817-15:27:21_ours_libero_spatial_task_t9_s4_r1,ours,9,4,1,read_text_file,guides,pro_hybrid_guide.md,True,
20260817-15:27:21_ours_libero_spatial_task_t9_s4_r1,ours,9,4,1,read_text_file,guides,env_calibration.md,True,
20260817-15:27:21_ours_libero_spatial_task_t9_s4_r1,ours,9,4,2,read_text_file,guides,strict_hybrid_guide.md,True,
20260817-15:27:21_ours_libero_spatial_task_t9_s4_r1,ours,9,4,3,read_text_file,guides,pro_hybrid_guide.md,True,
20260817-15:27:21_ours_libero_spatial_task_t9_s4_r1,ours,9,4,4,read_text_file,guides,env_calibration.md,True,
20260817-15:29:54_ours_libero_spatial_task_t9_s4_r2,ours,9,4,1,read_text_file,memory,MEMORY.md,False,
20260817-15:29:54_ours_libero_spatial_task_t9_s4_r2,ours,9,4,1,read_text_file,guides,strict_hybrid_guide.md,False,
20260817-15:29:54_ours_libero_spatial_task_t9_s4_r2,ours,9,4,1,read_text_file,guides,pro_hybrid_guide.md,False,
20260817-15:29:54_ours_libero_spatial_task_t9_s4_r2,ours,9,4,1,read_text_file,guides,env_calibration.md,False,
20260817-15:29:54_ours_libero_spatial_task_t9_s4_r2,ours,9,4,3,read_text_file,guides,strict_hybrid_guide.md,False,
20260817-15:29:54_ours_libero_spatial_task_t9_s4_r2,ours,9,4,4,list_dir,prior_results,results_spatial_pert,False,
20260817-15:29:54_ours_libero_spatial_task_t9_s4_r2,ours,9,4,5,read_text_file,prior_results,spatial_t9_s0.json,False,
20260817-15:30:29_ours_libero_spatial_task_t9_s4_r3,ours,9,4,1,read_text_file,memory,MEMORY.md,True,
20260817-15:30:29_ours_libero_spatial_task_t9_s4_r3,ours,9,4,1,read_text_file,guides,strict_hybrid_guide.md,True,
20260817-15:30:29_ours_libero_spatial_task_t9_s4_r3,ours,9,4,1,read_text_file,guides,pro_hybrid_guide.md,True,
20260817-15:30:29_ours_libero_spatial_task_t9_s4_r3,ours,9,4,1,read_text_file,guides,env_calibration.md,True,
20260817-15:30:29_ours_libero_spatial_task_t9_s4_r3,ours,9,4,2,read_text_file,guides,strict_hybrid_guide.md,True,
20260817-15:30:29_ours_libero_spatial_task_t9_s4_r3,ours,9,4,3,read_text_file,guides,pro_hybrid_guide.md,True,
20260817-15:30:29_ours_libero_spatial_task_t9_s4_r3,ours,9,4,4,read_text_file,guides,env_calibration.md,True,
20260817-15:30:29_ours_libero_spatial_task_t9_s4_r3,ours,9,4,6,list_dir,prior_results,results_spatial_pert,True,
20260817-15:30:29_ours_libero_spatial_task_t9_s4_r3,ours,9,4,7,read_text_file,prior_results,spatial_t9_s0.json,True,
20260817-15:30:29_ours_libero_spatial_task_t9_s4_r3,ours,9,4,8,read_text_file,prior_results,recipe_spatial_t9_s0.jsonl,True,
20260817-15:31:54_ours_libero_spatial_task_t9_s5_r3,ours,9,5,1,read_text_file,memory,MEMORY.md,True,
20260817-15:31:54_ours_libero_spatial_task_t9_s5_r3,ours,9,5,1,list_dir,other,memory,True,
20260817-15:31:54_ours_libero_spatial_task_t9_s5_r3,ours,9,5,2,read_text_file,guides,strict_hybrid_guide.md,True,
20260817-15:31:54_ours_libero_spatial_task_t9_s5_r3,ours,9,5,2,read_text_file,guides,pro_hybrid_guide.md,True,
20260817-15:31:54_ours_libero_spatial_task_t9_s5_r3,ours,9,5,3,read_text_file,guides,pro_hybrid_guide.md,True,
20260817-15:31:54_ours_libero_spatial_task_t9_s5_r3,ours,9,5,4,read_text_file,guides,env_calibration.md,True,
20260817-15:31:54_ours_libero_spatial_task_t9_s5_r3,ours,9,5,5,list_dir,prior_results,results_spatial_pert,True,
20260817-15:31:54_ours_libero_spatial_task_t9_s5_r3,ours,9,5,6,read_text_file,prior_results,spatial_t9_s0.json,True,
20260817-15:31:54_ours_libero_spatial_task_t9_s5_r3,ours,9,5,7,read_text_file,prior_results,recipe_spatial_t9_s0.jsonl,True,
20260817-15:31:20_ours_libero_spatial_task_t9_s5_r1,ours,9,5,1,read_text_file,memory,MEMORY.md,False,
20260817-15:31:20_ours_libero_spatial_task_t9_s5_r1,ours,9,5,2,read_text_file,guides,strict_hybrid_guide.md,False,
20260817-15:31:20_ours_libero_spatial_task_t9_s5_r1,ours,9,5,2,read_text_file,guides,pro_hybrid_guide.md,False,
20260817-15:31:20_ours_libero_spatial_task_t9_s5_r1,ours,9,5,2,read_text_file,guides,env_calibration.md,False,
20260817-15:31:20_ours_libero_spatial_task_t9_s5_r1,ours,9,5,3,read_text_file,guides,pro_hybrid_guide.md,False,
20260817-15:31:20_ours_libero_spatial_task_t9_s5_r1,ours,9,5,4,read_text_file,guides,env_calibration.md,False,
20260817-15:31:20_ours_libero_spatial_task_t9_s5_r1,ours,9,5,5,list_dir,prior_results,results_spatial_pert,False,
20260817-15:31:20_ours_libero_spatial_task_t9_s5_r1,ours,9,5,6,read_text_file,prior_results,spatial_t9_s0.json,False,
20260817-15:31:20_ours_libero_spatial_task_t9_s5_r1,ours,9,5,7,read_text_file,prior_results,recipe_spatial_t9_s0.jsonl,False,
20260817-15:31:37_ours_libero_spatial_task_t9_s5_r2,ours,9,5,1,read_text_file,memory,MEMORY.md,False,
20260817-15:31:37_ours_libero_spatial_task_t9_s5_r2,ours,9,5,1,read_text_file,guides,strict_hybrid_guide.md,False,
20260817-15:31:37_ours_libero_spatial_task_t9_s5_r2,ours,9,5,1,read_text_file,guides,pro_hybrid_guide.md,False,
20260817-15:31:37_ours_libero_spatial_task_t9_s5_r2,ours,9,5,4,read_text_file,guides,strict_hybrid_guide.md,False,
20260817-15:31:37_ours_libero_spatial_task_t9_s5_r2,ours,9,5,5,list_dir,other,memory,False,
20260817-15:31:37_ours_libero_spatial_task_t9_s5_r2,ours,9,5,6,list_dir,prior_results,results_spatial_pert,False,
20260817-15:31:37_ours_libero_spatial_task_t9_s5_r2,ours,9,5,7,read_text_file,prior_results,spatial_t9_s0.json,False,
20260817-15:31:37_ours_libero_spatial_task_t9_s5_r2,ours,9,5,8,read_text_file,prior_results,recipe_spatial_t9_s0.jsonl,False,
20260817-15:33:11_ours_libero_spatial_task_t9_s6_r1,ours,9,6,1,read_text_file,memory,MEMORY.md,False,
20260817-15:33:11_ours_libero_spatial_task_t9_s6_r1,ours,9,6,1,list_dir,other,memory,False,
20260817-15:33:11_ours_libero_spatial_task_t9_s6_r1,ours,9,6,2,list_dir,other,memory,False,
20260817-15:33:11_ours_libero_spatial_task_t9_s6_r1,ours,9,6,3,read_text_file,guides,strict_hybrid_guide.md,False,
20260817-15:33:11_ours_libero_spatial_task_t9_s6_r1,ours,9,6,3,read_text_file,guides,pro_hybrid_guide.md,False,
20260817-15:33:11_ours_libero_spatial_task_t9_s6_r1,ours,9,6,3,read_text_file,guides,env_calibration.md,False,
20260817-15:33:11_ours_libero_spatial_task_t9_s6_r1,ours,9,6,4,read_text_file,guides,pro_hybrid_guide.md,False,
20260817-15:33:11_ours_libero_spatial_task_t9_s6_r1,ours,9,6,5,read_text_file,guides,env_calibration.md,False,
20260817-15:33:11_ours_libero_spatial_task_t9_s6_r1,ours,9,6,5,list_dir,prior_results,results_spatial_pert,False,
20260817-15:33:11_ours_libero_spatial_task_t9_s6_r1,ours,9,6,6,list_dir,prior_results,results_spatial_pert,False,
20260817-15:33:11_ours_libero_spatial_task_t9_s6_r1,ours,9,6,7,read_text_file,prior_results,spatial_t9_s0.json,False,
20260817-15:33:11_ours_libero_spatial_task_t9_s6_r1,ours,9,6,8,read_text_file,prior_results,recipe_spatial_t9_s0.jsonl,False,
20260817-15:35:40_ours_libero_spatial_task_t9_s6_r2,ours,9,6,1,read_text_file,memory,MEMORY.md,True,
20260817-15:35:40_ours_libero_spatial_task_t9_s6_r2,ours,9,6,1,read_text_file,guides,strict_hybrid_guide.md,True,
20260817-15:35:40_ours_libero_spatial_task_t9_s6_r2,ours,9,6,2,read_text_file,guides,strict_hybrid_guide.md,True,
20260817-15:35:40_ours_libero_spatial_task_t9_s6_r2,ours,9,6,3,read_text_file,guides,pro_hybrid_guide.md,True,
20260817-15:35:40_ours_libero_spatial_task_t9_s6_r2,ours,9,6,4,read_text_file,guides,env_calibration.md,True,
20260817-15:35:40_ours_libero_spatial_task_t9_s6_r2,ours,9,6,6,list_dir,prior_results,results_spatial_pert,True,
20260817-15:35:40_ours_libero_spatial_task_t9_s6_r2,ours,9,6,7,read_text_file,prior_results,spatial_t9_s0.json,True,
20260817-15:35:40_ours_libero_spatial_task_t9_s6_r2,ours,9,6,8,read_text_file,prior_results,recipe_spatial_t9_s0.jsonl,True,
20260817-15:36:02_ours_libero_spatial_task_t9_s6_r3,ours,9,6,1,read_text_file,memory,MEMORY.md,False,
20260817-15:36:02_ours_libero_spatial_task_t9_s6_r3,ours,9,6,1,read_text_file,guides,strict_hybrid_guide.md,False,
20260817-15:36:02_ours_libero_spatial_task_t9_s6_r3,ours,9,6,1,read_text_file,guides,pro_hybrid_guide.md,False,
20260817-15:36:02_ours_libero_spatial_task_t9_s6_r3,ours,9,6,3,read_text_file,guides,strict_hybrid_guide.md,False,
20260817-15:36:02_ours_libero_spatial_task_t9_s6_r3,ours,9,6,4,read_text_file,guides,pro_hybrid_guide.md,False,
20260817-15:36:02_ours_libero_spatial_task_t9_s6_r3,ours,9,6,5,read_text_file,guides,env_calibration.md,False,
20260817-15:36:02_ours_libero_spatial_task_t9_s6_r3,ours,9,6,5,list_dir,prior_results,,False,
20260817-15:36:02_ours_libero_spatial_task_t9_s6_r3,ours,9,6,7,list_dir,prior_results,,False,
20260817-15:36:02_ours_libero_spatial_task_t9_s6_r3,ours,9,6,8,read_text_file,prior_results,spatial_t9_s0.json,False,
20260817-15:36:02_ours_libero_spatial_task_t9_s6_r3,ours,9,6,8,read_text_file,prior_results,recipe_spatial_t9_s0.jsonl,False,
20260817-15:36:02_ours_libero_spatial_task_t9_s6_r3,ours,9,6,9,read_text_file,prior_results,recipe_spatial_t9_s0.jsonl,False,
20260817-15:41:08_ours_libero_spatial_task_t9_s7_r1,ours,9,7,1,read_text_file,memory,MEMORY.md,True,
20260817-15:41:08_ours_libero_spatial_task_t9_s7_r1,ours,9,7,1,read_text_file,guides,strict_hybrid_guide.md,True,
20260817-15:41:08_ours_libero_spatial_task_t9_s7_r1,ours,9,7,1,read_text_file,guides,pro_hybrid_guide.md,True,
20260817-15:41:08_ours_libero_spatial_task_t9_s7_r1,ours,9,7,1,read_text_file,guides,env_calibration.md,True,
20260817-15:41:08_ours_libero_spatial_task_t9_s7_r1,ours,9,7,2,read_text_file,guides,strict_hybrid_guide.md,True,
20260817-15:41:08_ours_libero_spatial_task_t9_s7_r1,ours,9,7,3,read_text_file,guides,pro_hybrid_guide.md,True,
20260817-15:41:08_ours_libero_spatial_task_t9_s7_r1,ours,9,7,4,read_text_file,guides,env_calibration.md,True,
20260817-15:41:08_ours_libero_spatial_task_t9_s7_r1,ours,9,7,7,list_dir,prior_results,results_spatial_pert,True,
20260817-15:41:08_ours_libero_spatial_task_t9_s7_r1,ours,9,7,8,read_text_file,prior_results,spatial_t9_s0.json,True,
20260817-15:41:08_ours_libero_spatial_task_t9_s7_r1,ours,9,7,9,read_text_file,prior_results,recipe_spatial_t9_s0.jsonl,True,
20260817-15:42:46_ours_libero_spatial_task_t9_s7_r3,ours,9,7,1,read_text_file,memory,MEMORY.md,True,
20260817-15:42:46_ours_libero_spatial_task_t9_s7_r3,ours,9,7,1,read_text_file,guides,strict_hybrid_guide.md,True,
20260817-15:42:46_ours_libero_spatial_task_t9_s7_r3,ours,9,7,1,read_text_file,guides,pro_hybrid_guide.md,True,
20260817-15:42:46_ours_libero_spatial_task_t9_s7_r3,ours,9,7,3,read_text_file,guides,strict_hybrid_guide.md,True,
20260817-15:42:46_ours_libero_spatial_task_t9_s7_r3,ours,9,7,4,read_text_file,guides,pro_hybrid_guide.md,True,
20260817-15:42:46_ours_libero_spatial_task_t9_s7_r3,ours,9,7,5,read_text_file,guides,env_calibration.md,True,
20260817-15:42:46_ours_libero_spatial_task_t9_s7_r3,ours,9,7,5,list_dir,memory,,True,
20260817-15:42:46_ours_libero_spatial_task_t9_s7_r3,ours,9,7,6,list_dir,memory,,True,
20260817-15:42:46_ours_libero_spatial_task_t9_s7_r3,ours,9,7,7,list_dir,prior_results,,True,
20260817-15:42:46_ours_libero_spatial_task_t9_s7_r3,ours,9,7,8,read_text_file,prior_results,spatial_t9_s0.json,True,
20260817-15:42:46_ours_libero_spatial_task_t9_s7_r3,ours,9,7,9,read_text_file,prior_results,recipe_spatial_t9_s0.jsonl,True,
20260817-15:42:00_ours_libero_spatial_task_t9_s7_r2,ours,9,7,1,read_text_file,memory,MEMORY.md,True,
20260817-15:42:00_ours_libero_spatial_task_t9_s7_r2,ours,9,7,1,list_dir,other,memory,True,
20260817-15:42:00_ours_libero_spatial_task_t9_s7_r2,ours,9,7,2,list_dir,other,memory,True,
20260817-15:42:00_ours_libero_spatial_task_t9_s7_r2,ours,9,7,2,read_text_file,guides,strict_hybrid_guide.md,True,
20260817-15:42:00_ours_libero_spatial_task_t9_s7_r2,ours,9,7,3,read_text_file,guides,strict_hybrid_guide.md,True,
20260817-15:42:00_ours_libero_spatial_task_t9_s7_r2,ours,9,7,4,read_text_file,guides,pro_hybrid_guide.md,True,
20260817-15:42:00_ours_libero_spatial_task_t9_s7_r2,ours,9,7,5,read_text_file,guides,env_calibration.md,True,
20260817-15:42:00_ours_libero_spatial_task_t9_s7_r2,ours,9,7,5,list_dir,prior_results,results_spatial_pert,True,
20260817-15:42:00_ours_libero_spatial_task_t9_s7_r2,ours,9,7,6,list_dir,prior_results,results_spatial_pert,True,
20260817-15:42:00_ours_libero_spatial_task_t9_s7_r2,ours,9,7,7,read_text_file,prior_results,spatial_t9_s0.json,True,
20260817-15:42:00_ours_libero_spatial_task_t9_s7_r2,ours,9,7,8,read_text_file,prior_results,recipe_spatial_t9_s0.jsonl,True,
20260817-15:46:00_ours_libero_spatial_task_t9_s9_r1,ours,9,9,1,read_text_file,memory,MEMORY.md,True,
20260817-15:46:00_ours_libero_spatial_task_t9_s9_r1,ours,9,9,1,read_text_file,guides,strict_hybrid_guide.md,True,
20260817-15:46:00_ours_libero_spatial_task_t9_s9_r1,ours,9,9,3,read_text_file,guides,strict_hybrid_guide.md,True,
20260817-15:46:00_ours_libero_spatial_task_t9_s9_r1,ours,9,9,4,read_text_file,guides,pro_hybrid_guide.md,True,
20260817-15:46:00_ours_libero_spatial_task_t9_s9_r1,ours,9,9,5,read_text_file,guides,env_calibration.md,True,
20260817-15:46:00_ours_libero_spatial_task_t9_s9_r1,ours,9,9,6,list_dir,prior_results,results_spatial_pert,True,
20260817-15:46:00_ours_libero_spatial_task_t9_s9_r1,ours,9,9,7,read_text_file,prior_results,spatial_t9_s0.json,True,
20260817-15:46:00_ours_libero_spatial_task_t9_s9_r1,ours,9,9,8,read_text_file,prior_results,recipe_spatial_t9_s0.jsonl,True,
20260817-15:43:57_ours_libero_spatial_task_t9_s8_r2,ours,9,8,1,read_text_file,memory,MEMORY.md,True,
20260817-15:43:57_ours_libero_spatial_task_t9_s8_r2,ours,9,8,3,read_text_file,guides,strict_hybrid_guide.md,True,
20260817-15:43:44_ours_libero_spatial_task_t9_s8_r1,ours,9,8,1,read_text_file,memory,MEMORY.md,False,
20260817-15:43:44_ours_libero_spatial_task_t9_s8_r1,ours,9,8,1,read_text_file,guides,strict_hybrid_guide.md,False,
20260817-15:43:44_ours_libero_spatial_task_t9_s8_r1,ours,9,8,4,read_text_file,guides,strict_hybrid_guide.md,False,
20260817-15:43:44_ours_libero_spatial_task_t9_s8_r1,ours,9,8,5,list_dir,prior_results,results_spatial_pert,False,
20260817-15:43:44_ours_libero_spatial_task_t9_s8_r1,ours,9,8,6,read_text_file,prior_results,spatial_t9_s0.json,False,
20260817-15:43:44_ours_libero_spatial_task_t9_s8_r1,ours,9,8,7,read_text_file,prior_results,recipe_spatial_t9_s0.jsonl,False,
20260817-15:44:36_ours_libero_spatial_task_t9_s8_r3,ours,9,8,1,read_text_file,memory,MEMORY.md,False,
20260817-15:44:36_ours_libero_spatial_task_t9_s8_r3,ours,9,8,1,read_text_file,guides,strict_hybrid_guide.md,False,
20260817-15:44:36_ours_libero_spatial_task_t9_s8_r3,ours,9,8,1,read_text_file,guides,pro_hybrid_guide.md,False,
20260817-15:44:36_ours_libero_spatial_task_t9_s8_r3,ours,9,8,1,read_text_file,guides,env_calibration.md,False,
20260817-15:44:36_ours_libero_spatial_task_t9_s8_r3,ours,9,8,2,read_text_file,guides,strict_hybrid_guide.md,False,
20260817-15:44:36_ours_libero_spatial_task_t9_s8_r3,ours,9,8,3,read_text_file,guides,pro_hybrid_guide.md,False,
20260817-15:44:36_ours_libero_spatial_task_t9_s8_r3,ours,9,8,4,read_text_file,guides,env_calibration.md,False,
20260817-15:44:36_ours_libero_spatial_task_t9_s8_r3,ours,9,8,5,list_dir,prior_results,results_spatial_pert,False,
20260817-15:44:36_ours_libero_spatial_task_t9_s8_r3,ours,9,8,6,read_text_file,prior_results,spatial_t9_s0.json,False,
20260817-15:44:36_ours_libero_spatial_task_t9_s8_r3,ours,9,8,7,read_text_file,prior_results,recipe_spatial_t9_s0.jsonl,False,
20260817-15:47:15_ours_libero_spatial_task_t9_s9_r2,ours,9,9,1,read_text_file,memory,MEMORY.md,False,
20260817-15:47:15_ours_libero_spatial_task_t9_s9_r2,ours,9,9,2,list_dir,other,memory,False,
20260817-15:47:15_ours_libero_spatial_task_t9_s9_r2,ours,9,9,3,list_dir,prior_results,results_spatial_pert,False,
20260817-15:47:15_ours_libero_spatial_task_t9_s9_r2,ours,9,9,4,read_text_file,prior_results,spatial_t9_s0.json,False,
20260817-15:47:15_ours_libero_spatial_task_t9_s9_r2,ours,9,9,5,read_text_file,prior_results,recipe_spatial_t9_s0.jsonl,False,
20260817-15:47:15_ours_libero_spatial_task_t9_s9_r2,ours,9,9,6,read_text_file,guides,strict_hybrid_guide.md,False,
20260817-15:47:15_ours_libero_spatial_task_t9_s9_r2,ours,9,9,7,read_text_file,guides,pro_hybrid_guide.md,False,
20260817-15:47:15_ours_libero_spatial_task_t9_s9_r2,ours,9,9,8,read_text_file,guides,env_calibration.md,False,
20260817-15:53:23_ours_libero_spatial_task_t9_s10_r1,ours,9,10,1,read_text_file,memory,MEMORY.md,True,
20260817-15:53:23_ours_libero_spatial_task_t9_s10_r1,ours,9,10,1,list_dir,other,memory,True,
20260817-15:53:23_ours_libero_spatial_task_t9_s10_r1,ours,9,10,2,list_dir,other,memory,True,
20260817-15:53:23_ours_libero_spatial_task_t9_s10_r1,ours,9,10,3,read_text_file,guides,strict_hybrid_guide.md,True,
20260817-15:53:23_ours_libero_spatial_task_t9_s10_r1,ours,9,10,3,list_dir,prior_results,results_spatial_pert,True,
20260817-15:53:23_ours_libero_spatial_task_t9_s10_r1,ours,9,10,4,list_dir,prior_results,results_spatial_pert,True,
20260817-15:53:23_ours_libero_spatial_task_t9_s10_r1,ours,9,10,5,read_text_file,prior_results,spatial_t9_s0.json,True,
20260817-15:53:23_ours_libero_spatial_task_t9_s10_r1,ours,9,10,6,read_text_file,prior_results,recipe_spatial_t9_s0.jsonl,True,
20260817-15:53:23_ours_libero_spatial_task_t9_s10_r1,ours,9,10,7,read_text_file,guides,pro_hybrid_guide.md,True,
20260817-15:53:23_ours_libero_spatial_task_t9_s10_r1,ours,9,10,7,read_text_file,guides,env_calibration.md,True,
20260817-15:53:23_ours_libero_spatial_task_t9_s10_r1,ours,9,10,8,read_text_file,guides,env_calibration.md,True,
20260817-15:54:16_ours_libero_spatial_task_t9_s10_r3,ours,9,10,1,read_text_file,memory,MEMORY.md,False,
20260817-15:54:16_ours_libero_spatial_task_t9_s10_r3,ours,9,10,1,read_text_file,guides,strict_hybrid_guide.md,False,
20260817-15:54:16_ours_libero_spatial_task_t9_s10_r3,ours,9,10,1,read_text_file,guides,pro_hybrid_guide.md,False,
20260817-15:54:16_ours_libero_spatial_task_t9_s10_r3,ours,9,10,1,read_text_file,guides,env_calibration.md,False,
20260817-15:54:16_ours_libero_spatial_task_t9_s10_r3,ours,9,10,2,read_text_file,guides,strict_hybrid_guide.md,False,
20260817-15:54:16_ours_libero_spatial_task_t9_s10_r3,ours,9,10,3,read_text_file,guides,pro_hybrid_guide.md,False,
20260817-15:54:16_ours_libero_spatial_task_t9_s10_r3,ours,9,10,4,read_text_file,guides,env_calibration.md,False,
20260817-15:54:16_ours_libero_spatial_task_t9_s10_r3,ours,9,10,5,list_dir,prior_results,results_spatial_pert,False,
20260817-15:54:16_ours_libero_spatial_task_t9_s10_r3,ours,9,10,6,read_text_file,prior_results,spatial_t9_s0.json,False,
20260817-15:54:16_ours_libero_spatial_task_t9_s10_r3,ours,9,10,7,read_text_file,prior_results,recipe_spatial_t9_s0.jsonl,False,
20260817-15:54:16_ours_libero_spatial_task_t9_s10_r3,ours,9,10,9,read_text_file,prior_results,transcript_spatial_t9_s0.json,False,
20260817-15:54:16_ours_libero_spatial_task_t9_s10_r3,ours,9,10,18,list_dir,memory,,False,
20260817-15:52:26_ours_libero_spatial_task_t9_s9_r3,ours,9,9,1,read_text_file,memory,MEMORY.md,False,
20260817-15:52:26_ours_libero_spatial_task_t9_s9_r3,ours,9,9,1,read_text_file,guides,strict_hybrid_guide.md,False,
20260817-15:52:26_ours_libero_spatial_task_t9_s9_r3,ours,9,9,1,read_text_file,guides,pro_hybrid_guide.md,False,
20260817-15:52:26_ours_libero_spatial_task_t9_s9_r3,ours,9,9,1,read_text_file,guides,env_calibration.md,False,
20260817-15:52:26_ours_libero_spatial_task_t9_s9_r3,ours,9,9,2,read_text_file,guides,strict_hybrid_guide.md,False,
20260817-15:52:26_ours_libero_spatial_task_t9_s9_r3,ours,9,9,3,read_text_file,guides,pro_hybrid_guide.md,False,
20260817-15:52:26_ours_libero_spatial_task_t9_s9_r3,ours,9,9,4,read_text_file,guides,env_calibration.md,False,
20260817-15:53:55_ours_libero_spatial_task_t9_s10_r2,ours,9,10,1,read_text_file,memory,MEMORY.md,True,
20260817-15:53:55_ours_libero_spatial_task_t9_s10_r2,ours,9,10,3,list_dir,other,libero,True,
20260817-15:53:55_ours_libero_spatial_task_t9_s10_r2,ours,9,10,4,list_dir,prior_results,results_spatial_task_pert,True,
20260817-15:53:55_ours_libero_spatial_task_t9_s10_r2,ours,9,10,4,list_dir,other,memory,True,
20260817-15:53:55_ours_libero_spatial_task_t9_s10_r2,ours,9,10,5,list_dir,other,memory,True,
20260817-15:53:55_ours_libero_spatial_task_t9_s10_r2,ours,9,10,6,read_text_file,guides,strict_hybrid_guide.md,True,
20260817-15:53:55_ours_libero_spatial_task_t9_s10_r2,ours,9,10,6,read_text_file,guides,pro_hybrid_guide.md,True,
20260817-15:53:55_ours_libero_spatial_task_t9_s10_r2,ours,9,10,7,read_text_file,guides,pro_hybrid_guide.md,True,
20260817-15:53:55_ours_libero_spatial_task_t9_s10_r2,ours,9,10,8,read_text_file,guides,env_calibration.md,True,
20260817-16:09:57_hardcap_libero_spatial_task_t0_s3_r1,hardcap,0,3,1,read_text_file,memory,MEMORY.md,True,
20260817-16:09:57_hardcap_libero_spatial_task_t0_s3_r1,hardcap,0,3,1,list_dir,other,libero,True,
20260817-16:09:57_hardcap_libero_spatial_task_t0_s3_r1,hardcap,0,3,3,read_text_file,guides,strict_hybrid_guide.md,True,
20260817-16:09:57_hardcap_libero_spatial_task_t0_s3_r1,hardcap,0,3,4,read_text_file,guides,pro_hybrid_guide.md,True,
20260817-16:09:57_hardcap_libero_spatial_task_t0_s3_r1,hardcap,0,3,4,read_text_file,guides,env_calibration.md,True,
20260817-16:09:57_hardcap_libero_spatial_task_t0_s3_r1,hardcap,0,3,4,list_dir,prior_results,results_spatial_pert,True,
20260817-16:09:57_hardcap_libero_spatial_task_t0_s3_r1,hardcap,0,3,5,list_dir,prior_results,results_spatial_pert,True,
20260817-16:09:57_hardcap_libero_spatial_task_t0_s3_r1,hardcap,0,3,6,read_text_file,prior_results,spatial_t0_s0.json,True,
20260817-16:09:57_hardcap_libero_spatial_task_t0_s3_r1,hardcap,0,3,7,read_text_file,prior_results,recipe_spatial_t0_s0.jsonl,True,
20260817-16:09:57_hardcap_libero_spatial_task_t0_s1_r2,hardcap,0,1,1,read_text_file,memory,MEMORY.md,False,
20260817-16:09:57_hardcap_libero_spatial_task_t0_s1_r2,hardcap,0,1,1,list_dir,other,memory,False,
20260817-16:09:57_hardcap_libero_spatial_task_t0_s1_r2,hardcap,0,1,2,list_dir,other,memory,False,
20260817-16:09:57_hardcap_libero_spatial_task_t0_s1_r2,hardcap,0,1,2,read_text_file,guides,strict_hybrid_guide.md,False,
20260817-16:09:57_hardcap_libero_spatial_task_t0_s1_r2,hardcap,0,1,3,read_text_file,guides,pro_hybrid_guide.md,False,
20260817-16:09:57_hardcap_libero_spatial_task_t0_s1_r2,hardcap,0,1,3,read_text_file,guides,env_calibration.md,False,
20260817-16:09:57_hardcap_libero_spatial_task_t0_s1_r2,hardcap,0,1,3,list_dir,prior_results,results_spatial_pert,False,
20260817-16:09:57_hardcap_libero_spatial_task_t0_s1_r2,hardcap,0,1,4,read_text_file,guides,env_calibration.md,False,
20260817-16:09:57_hardcap_libero_spatial_task_t0_s1_r2,hardcap,0,1,5,list_dir,prior_results,results_spatial_pert,False,
20260817-16:09:57_hardcap_libero_spatial_task_t0_s1_r2,hardcap,0,1,6,read_text_file,prior_results,spatial_t0_s0.json,False,
20260817-16:09:57_hardcap_libero_spatial_task_t0_s1_r2,hardcap,0,1,7,read_text_file,prior_results,recipe_spatial_t0_s0.jsonl,False,
20260817-16:09:57_hardcap_libero_spatial_task_t0_s2_r1,hardcap,0,2,1,read_text_file,memory,MEMORY.md,True,
20260817-16:09:57_hardcap_libero_spatial_task_t0_s2_r1,hardcap,0,2,1,read_text_file,guides,strict_hybrid_guide.md,True,
20260817-16:09:57_hardcap_libero_spatial_task_t0_s2_r1,hardcap,0,2,2,read_text_file,guides,strict_hybrid_guide.md,True,
20260817-16:09:57_hardcap_libero_spatial_task_t0_s2_r1,hardcap,0,2,3,read_text_file,guides,pro_hybrid_guide.md,True,
20260817-16:09:57_hardcap_libero_spatial_task_t0_s2_r1,hardcap,0,2,3,list_dir,prior_results,results_spatial_pert,True,
20260817-16:09:57_hardcap_libero_spatial_task_t0_s2_r1,hardcap,0,2,4,list_dir,prior_results,results_spatial_pert,True,
20260817-16:09:57_hardcap_libero_spatial_task_t0_s2_r1,hardcap,0,2,5,read_text_file,prior_results,spatial_t0_s0.json,True,
20260817-16:09:57_hardcap_libero_spatial_task_t0_s2_r1,hardcap,0,2,5,read_text_file,prior_results,recipe_spatial_t0_s0.jsonl,True,
20260817-16:09:57_hardcap_libero_spatial_task_t0_s2_r1,hardcap,0,2,6,read_text_file,prior_results,recipe_spatial_t0_s0.jsonl,True,
20260817-16:09:57_hardcap_libero_spatial_task_t0_s3_r2,hardcap,0,3,1,read_text_file,memory,MEMORY.md,True,
20260817-16:09:57_hardcap_libero_spatial_task_t0_s3_r2,hardcap,0,3,1,list_dir,memory,,True,
20260817-16:09:57_hardcap_libero_spatial_task_t0_s3_r2,hardcap,0,3,2,list_dir,memory,,True,
20260817-16:09:57_hardcap_libero_spatial_task_t0_s3_r2,hardcap,0,3,2,list_dir,prior_results,,True,
20260817-16:09:57_hardcap_libero_spatial_task_t0_s3_r2,hardcap,0,3,3,list_dir,prior_results,,True,
20260817-16:09:57_hardcap_libero_spatial_task_t0_s3_r2,hardcap,0,3,4,read_text_file,prior_results,spatial_t0_s0.json,True,
20260817-16:09:57_hardcap_libero_spatial_task_t0_s3_r2,hardcap,0,3,4,read_text_file,prior_results,recipe_spatial_t0_s0.jsonl,True,
20260817-16:09:57_hardcap_libero_spatial_task_t0_s3_r2,hardcap,0,3,5,read_text_file,prior_results,recipe_spatial_t0_s0.jsonl,True,
20260817-16:09:57_hardcap_libero_spatial_task_t0_s3_r2,hardcap,0,3,8,read_text_file,guides,strict_hybrid_guide.md,True,
20260817-16:09:57_hardcap_libero_spatial_task_t0_s2_r3,hardcap,0,2,1,read_text_file,memory,MEMORY.md,True,
20260817-16:09:57_hardcap_libero_spatial_task_t0_s2_r3,hardcap,0,2,1,list_dir,other,memory,True,
20260817-16:09:57_hardcap_libero_spatial_task_t0_s2_r3,hardcap,0,2,2,list_dir,other,memory,True,
20260817-16:09:57_hardcap_libero_spatial_task_t0_s2_r3,hardcap,0,2,3,read_text_file,guides,strict_hybrid_guide.md,True,
20260817-16:09:57_hardcap_libero_spatial_task_t0_s2_r3,hardcap,0,2,3,read_text_file,guides,pro_hybrid_guide.md,True,
20260817-16:09:57_hardcap_libero_spatial_task_t0_s2_r3,hardcap,0,2,4,read_text_file,guides,pro_hybrid_guide.md,True,
20260817-16:09:57_hardcap_libero_spatial_task_t0_s2_r3,hardcap,0,2,5,read_text_file,guides,env_calibration.md,True,
20260817-16:09:57_hardcap_libero_spatial_task_t0_s2_r3,hardcap,0,2,5,list_dir,prior_results,results_spatial_pert,True,
20260817-16:09:57_hardcap_libero_spatial_task_t0_s2_r3,hardcap,0,2,6,list_dir,prior_results,results_spatial_pert,True,
20260817-16:09:57_hardcap_libero_spatial_task_t0_s2_r3,hardcap,0,2,7,read_text_file,prior_results,spatial_t0_s0.json,True,
20260817-16:09:57_hardcap_libero_spatial_task_t0_s2_r3,hardcap,0,2,8,read_text_file,prior_results,recipe_spatial_t0_s0.jsonl,True,
20260817-16:09:57_hardcap_libero_spatial_task_t0_s2_r2,hardcap,0,2,1,read_text_file,memory,MEMORY.md,False,
20260817-16:09:57_hardcap_libero_spatial_task_t0_s2_r2,hardcap,0,2,3,read_text_file,guides,strict_hybrid_guide.md,False,
20260817-16:09:57_hardcap_libero_spatial_task_t0_s2_r2,hardcap,0,2,3,read_text_file,guides,pro_hybrid_guide.md,False,
20260817-16:09:57_hardcap_libero_spatial_task_t0_s2_r2,hardcap,0,2,3,read_text_file,guides,env_calibration.md,False,
20260817-16:09:57_hardcap_libero_spatial_task_t0_s2_r2,hardcap,0,2,3,list_dir,prior_results,results_spatial_pert,False,
20260817-16:09:57_hardcap_libero_spatial_task_t0_s2_r2,hardcap,0,2,4,read_text_file,guides,pro_hybrid_guide.md,False,
20260817-16:09:57_hardcap_libero_spatial_task_t0_s2_r2,hardcap,0,2,5,read_text_file,guides,env_calibration.md,False,
20260817-16:09:57_hardcap_libero_spatial_task_t0_s2_r2,hardcap,0,2,6,list_dir,prior_results,results_spatial_pert,False,
20260817-16:09:57_hardcap_libero_spatial_task_t0_s2_r2,hardcap,0,2,7,read_text_file,prior_results,spatial_t0_s0.json,False,
20260817-16:09:57_hardcap_libero_spatial_task_t0_s2_r2,hardcap,0,2,8,read_text_file,prior_results,recipe_spatial_t0_s0.jsonl,False,
20260817-16:09:57_hardcap_libero_spatial_task_t0_s2_r2,hardcap,0,2,9,list_dir,other,memory,False,
20260817-16:09:57_hardcap_libero_spatial_task_t0_s1_r3,hardcap,0,1,1,read_text_file,memory,MEMORY.md,True,
20260817-16:09:57_hardcap_libero_spatial_task_t0_s1_r3,hardcap,0,1,1,read_text_file,guides,strict_hybrid_guide.md,True,
20260817-16:09:57_hardcap_libero_spatial_task_t0_s1_r3,hardcap,0,1,1,read_text_file,guides,pro_hybrid_guide.md,True,
20260817-16:09:57_hardcap_libero_spatial_task_t0_s1_r3,hardcap,0,1,1,read_text_file,guides,env_calibration.md,True,
20260817-16:09:57_hardcap_libero_spatial_task_t0_s1_r3,hardcap,0,1,2,read_text_file,guides,strict_hybrid_guide.md,True,
20260817-16:09:57_hardcap_libero_spatial_task_t0_s1_r3,hardcap,0,1,3,read_text_file,guides,pro_hybrid_guide.md,True,
20260817-16:09:57_hardcap_libero_spatial_task_t0_s1_r3,hardcap,0,1,4,read_text_file,guides,env_calibration.md,True,
20260817-16:09:57_hardcap_libero_spatial_task_t0_s1_r3,hardcap,0,1,7,list_dir,prior_results,results_spatial_pert,True,
20260817-16:09:57_hardcap_libero_spatial_task_t0_s1_r3,hardcap,0,1,8,read_text_file,prior_results,spatial_t0_s0.json,True,
20260817-16:09:57_hardcap_libero_spatial_task_t0_s1_r3,hardcap,0,1,9,read_text_file,prior_results,recipe_spatial_t0_s0.jsonl,True,
20260817-16:09:57_hardcap_libero_spatial_task_t0_s1_r1,hardcap,0,1,1,read_text_file,memory,MEMORY.md,False,
20260817-16:09:57_hardcap_libero_spatial_task_t0_s1_r1,hardcap,0,1,1,read_text_file,guides,strict_hybrid_guide.md,False,
20260817-16:09:57_hardcap_libero_spatial_task_t0_s1_r1,hardcap,0,1,1,read_text_file,guides,pro_hybrid_guide.md,False,
20260817-16:09:57_hardcap_libero_spatial_task_t0_s1_r1,hardcap,0,1,1,read_text_file,guides,env_calibration.md,False,
20260817-16:09:57_hardcap_libero_spatial_task_t0_s1_r1,hardcap,0,1,2,read_text_file,guides,strict_hybrid_guide.md,False,
20260817-16:09:57_hardcap_libero_spatial_task_t0_s1_r1,hardcap,0,1,3,read_text_file,guides,pro_hybrid_guide.md,False,
20260817-16:09:57_hardcap_libero_spatial_task_t0_s1_r1,hardcap,0,1,4,read_text_file,guides,env_calibration.md,False,
20260817-16:09:57_hardcap_libero_spatial_task_t0_s1_r1,hardcap,0,1,5,list_dir,prior_results,results_spatial_pert,False,
20260817-16:09:57_hardcap_libero_spatial_task_t0_s1_r1,hardcap,0,1,6,read_text_file,prior_results,spatial_t0_s0.json,False,
20260817-16:09:57_hardcap_libero_spatial_task_t0_s1_r1,hardcap,0,1,7,read_text_file,prior_results,recipe_spatial_t0_s0.jsonl,False,
20260817-16:20:16_hardcap_libero_spatial_task_t0_s3_r3,hardcap,0,3,1,read_text_file,memory,MEMORY.md,True,
20260817-16:20:16_hardcap_libero_spatial_task_t0_s3_r3,hardcap,0,3,1,read_text_file,guides,strict_hybrid_guide.md,True,
20260817-16:20:16_hardcap_libero_spatial_task_t0_s3_r3,hardcap,0,3,2,read_text_file,guides,strict_hybrid_guide.md,True,
20260817-16:20:16_hardcap_libero_spatial_task_t0_s3_r3,hardcap,0,3,3,read_text_file,guides,pro_hybrid_guide.md,True,
20260817-16:20:16_hardcap_libero_spatial_task_t0_s3_r3,hardcap,0,3,4,read_text_file,guides,env_calibration.md,True,
20260817-16:20:16_hardcap_libero_spatial_task_t0_s3_r3,hardcap,0,3,5,list_dir,prior_results,results_spatial_pert,True,
20260817-16:20:16_hardcap_libero_spatial_task_t0_s3_r3,hardcap,0,3,6,read_text_file,prior_results,spatial_t0_s0.json,True,
20260817-16:20:16_hardcap_libero_spatial_task_t0_s3_r3,hardcap,0,3,7,read_text_file,prior_results,recipe_spatial_t0_s0.jsonl,True,
20260817-16:22:28_hardcap_libero_spatial_task_t0_s4_r1,hardcap,0,4,1,read_text_file,memory,MEMORY.md,False,
20260817-16:22:28_hardcap_libero_spatial_task_t0_s4_r1,hardcap,0,4,2,read_text_file,guides,strict_hybrid_guide.md,False,
20260817-16:22:28_hardcap_libero_spatial_task_t0_s4_r1,hardcap,0,4,2,read_text_file,guides,pro_hybrid_guide.md,False,
20260817-16:22:28_hardcap_libero_spatial_task_t0_s4_r1,hardcap,0,4,2,read_text_file,guides,env_calibration.md,False,
20260817-16:22:28_hardcap_libero_spatial_task_t0_s4_r1,hardcap,0,4,3,read_text_file,guides,pro_hybrid_guide.md,False,
20260817-16:22:28_hardcap_libero_spatial_task_t0_s4_r1,hardcap,0,4,4,read_text_file,guides,env_calibration.md,False,
20260817-16:22:28_hardcap_libero_spatial_task_t0_s4_r1,hardcap,0,4,6,list_dir,prior_results,results_spatial_pert,False,
20260817-16:22:28_hardcap_libero_spatial_task_t0_s4_r1,hardcap,0,4,7,read_text_file,prior_results,spatial_t0_s0.json,False,
20260817-16:26:34_hardcap_libero_spatial_task_t0_s6_r1,hardcap,0,6,1,read_text_file,memory,MEMORY.md,True,
20260817-16:26:34_hardcap_libero_spatial_task_t0_s6_r1,hardcap,0,6,1,list_dir,memory,,True,
20260817-16:26:34_hardcap_libero_spatial_task_t0_s6_r1,hardcap,0,6,2,list_dir,memory,,True,
20260817-16:26:34_hardcap_libero_spatial_task_t0_s6_r1,hardcap,0,6,3,read_text_file,guides,strict_hybrid_guide.md,True,
20260817-16:26:34_hardcap_libero_spatial_task_t0_s6_r1,hardcap,0,6,4,read_text_file,guides,pro_hybrid_guide.md,True,
20260817-16:26:34_hardcap_libero_spatial_task_t0_s6_r1,hardcap,0,6,5,read_text_file,guides,env_calibration.md,True,
20260817-16:26:34_hardcap_libero_spatial_task_t0_s6_r1,hardcap,0,6,6,list_dir,prior_results,,True,
20260817-16:26:34_hardcap_libero_spatial_task_t0_s6_r1,hardcap,0,6,7,read_text_file,prior_results,spatial_t0_s0.json,True,
20260817-16:26:34_hardcap_libero_spatial_task_t0_s6_r1,hardcap,0,6,8,read_text_file,prior_results,recipe_spatial_t0_s0.jsonl,True,
20260817-16:24:39_hardcap_libero_spatial_task_t0_s4_r3,hardcap,0,4,1,read_text_file,memory,MEMORY.md,False,
20260817-16:24:39_hardcap_libero_spatial_task_t0_s4_r3,hardcap,0,4,2,read_text_file,guides,strict_hybrid_guide.md,False,
20260817-16:24:39_hardcap_libero_spatial_task_t0_s4_r3,hardcap,0,4,3,read_text_file,guides,pro_hybrid_guide.md,False,
20260817-16:24:39_hardcap_libero_spatial_task_t0_s4_r3,hardcap,0,4,4,read_text_file,guides,env_calibration.md,False,
20260817-16:24:39_hardcap_libero_spatial_task_t0_s4_r3,hardcap,0,4,4,list_dir,other,memory,False,
20260817-16:24:39_hardcap_libero_spatial_task_t0_s4_r3,hardcap,0,4,5,list_dir,other,memory,False,
20260817-16:24:39_hardcap_libero_spatial_task_t0_s4_r3,hardcap,0,4,6,list_dir,prior_results,results_spatial_pert,False,
20260817-16:24:39_hardcap_libero_spatial_task_t0_s4_r3,hardcap,0,4,7,read_text_file,prior_results,spatial_t0_s0.json,False,
20260817-16:24:39_hardcap_libero_spatial_task_t0_s4_r3,hardcap,0,4,8,read_text_file,prior_results,recipe_spatial_t0_s0.jsonl,False,
20260817-16:26:02_hardcap_libero_spatial_task_t0_s5_r3,hardcap,0,5,1,read_text_file,memory,MEMORY.md,True,
20260817-16:26:02_hardcap_libero_spatial_task_t0_s5_r3,hardcap,0,5,1,list_dir,other,memory,True,
20260817-16:26:02_hardcap_libero_spatial_task_t0_s5_r3,hardcap,0,5,4,read_text_file,guides,strict_hybrid_guide.md,True,
20260817-16:26:02_hardcap_libero_spatial_task_t0_s5_r3,hardcap,0,5,5,list_dir,prior_results,results_spatial_pert,True,
20260817-16:26:02_hardcap_libero_spatial_task_t0_s5_r3,hardcap,0,5,6,read_text_file,prior_results,spatial_t0_s0.json,True,
20260817-16:26:02_hardcap_libero_spatial_task_t0_s5_r3,hardcap,0,5,7,read_text_file,prior_results,recipe_spatial_t0_s0.jsonl,True,
20260817-16:26:02_hardcap_libero_spatial_task_t0_s5_r3,hardcap,0,5,8,read_text_file,guides,pro_hybrid_guide.md,True,
20260817-16:26:02_hardcap_libero_spatial_task_t0_s5_r3,hardcap,0,5,9,read_text_file,guides,env_calibration.md,True,
20260817-16:24:41_hardcap_libero_spatial_task_t0_s5_r1,hardcap,0,5,1,read_text_file,memory,MEMORY.md,False,
20260817-16:24:41_hardcap_libero_spatial_task_t0_s5_r1,hardcap,0,5,1,read_text_file,guides,strict_hybrid_guide.md,False,
20260817-16:24:41_hardcap_libero_spatial_task_t0_s5_r1,hardcap,0,5,1,read_text_file,guides,pro_hybrid_guide.md,False,
20260817-16:24:41_hardcap_libero_spatial_task_t0_s5_r1,hardcap,0,5,1,read_text_file,guides,env_calibration.md,False,
20260817-16:24:41_hardcap_libero_spatial_task_t0_s5_r1,hardcap,0,5,2,read_text_file,guides,strict_hybrid_guide.md,False,
20260817-16:24:41_hardcap_libero_spatial_task_t0_s5_r1,hardcap,0,5,3,read_text_file,guides,pro_hybrid_guide.md,False,
20260817-16:24:41_hardcap_libero_spatial_task_t0_s5_r1,hardcap,0,5,4,read_text_file,guides,env_calibration.md,False,
20260817-16:24:41_hardcap_libero_spatial_task_t0_s5_r1,hardcap,0,5,6,list_dir,prior_results,results_spatial_pert,False,
20260817-16:24:41_hardcap_libero_spatial_task_t0_s5_r1,hardcap,0,5,7,read_text_file,prior_results,spatial_t0_s0.json,False,
20260817-16:24:41_hardcap_libero_spatial_task_t0_s5_r1,hardcap,0,5,8,read_text_file,prior_results,recipe_spatial_t0_s0.jsonl,False,
20260817-16:24:41_hardcap_libero_spatial_task_t0_s5_r1,hardcap,0,5,9,list_dir,other,memory,False,
20260817-16:26:02_hardcap_libero_spatial_task_t0_s5_r2,hardcap,0,5,1,read_text_file,memory,MEMORY.md,False,
20260817-16:26:02_hardcap_libero_spatial_task_t0_s5_r2,hardcap,0,5,1,read_text_file,guides,strict_hybrid_guide.md,False,
20260817-16:26:02_hardcap_libero_spatial_task_t0_s5_r2,hardcap,0,5,3,read_text_file,guides,strict_hybrid_guide.md,False,
20260817-16:26:02_hardcap_libero_spatial_task_t0_s5_r2,hardcap,0,5,4,read_text_file,guides,pro_hybrid_guide.md,False,
20260817-16:24:25_hardcap_libero_spatial_task_t0_s4_r2,hardcap,0,4,1,read_text_file,memory,MEMORY.md,False,
20260817-16:24:25_hardcap_libero_spatial_task_t0_s4_r2,hardcap,0,4,2,list_dir,other,memory,False,
20260817-16:24:25_hardcap_libero_spatial_task_t0_s4_r2,hardcap,0,4,3,read_text_file,guides,strict_hybrid_guide.md,False,
20260817-16:24:25_hardcap_libero_spatial_task_t0_s4_r2,hardcap,0,4,4,read_text_file,guides,pro_hybrid_guide.md,False,
20260817-16:24:25_hardcap_libero_spatial_task_t0_s4_r2,hardcap,0,4,4,list_dir,prior_results,results_spatial_pert,False,
20260817-16:24:25_hardcap_libero_spatial_task_t0_s4_r2,hardcap,0,4,5,list_dir,prior_results,results_spatial_pert,False,
20260817-16:24:25_hardcap_libero_spatial_task_t0_s4_r2,hardcap,0,4,6,read_text_file,prior_results,spatial_t0_s0.json,False,
20260817-16:24:25_hardcap_libero_spatial_task_t0_s4_r2,hardcap,0,4,7,read_text_file,guides,env_calibration.md,False,
20260817-16:31:05_hardcap_libero_spatial_task_t0_s6_r2,hardcap,0,6,1,read_text_file,memory,MEMORY.md,True,
20260817-16:31:05_hardcap_libero_spatial_task_t0_s6_r2,hardcap,0,6,1,list_dir,prior_results,results_spatial_pert,True,
20260817-16:31:05_hardcap_libero_spatial_task_t0_s6_r2,hardcap,0,6,4,list_dir,prior_results,results_spatial_pert,True,
20260817-16:31:05_hardcap_libero_spatial_task_t0_s6_r2,hardcap,0,6,5,read_text_file,prior_results,spatial_t0_s0.json,True,
20260817-16:31:05_hardcap_libero_spatial_task_t0_s6_r2,hardcap,0,6,6,read_text_file,guides,strict_hybrid_guide.md,True,
20260817-16:37:43_hardcap_libero_spatial_task_t0_s7_r1,hardcap,0,7,1,read_text_file,memory,MEMORY.md,False,
20260817-16:37:43_hardcap_libero_spatial_task_t0_s7_r1,hardcap,0,7,2,list_dir,memory,,False,
20260817-16:37:43_hardcap_libero_spatial_task_t0_s7_r1,hardcap,0,7,4,read_text_file,guides,strict_hybrid_guide.md,False,
20260817-16:37:43_hardcap_libero_spatial_task_t0_s7_r1,hardcap,0,7,5,read_text_file,guides,pro_hybrid_guide.md,False,
20260817-16:37:43_hardcap_libero_spatial_task_t0_s7_r1,hardcap,0,7,6,read_text_file,guides,env_calibration.md,False,
20260817-16:37:43_hardcap_libero_spatial_task_t0_s7_r1,hardcap,0,7,7,list_dir,prior_results,results_spatial_pert,False,
20260817-16:37:43_hardcap_libero_spatial_task_t0_s7_r1,hardcap,0,7,8,read_text_file,prior_results,spatial_t0_s0.json,False,
20260817-16:33:01_hardcap_libero_spatial_task_t0_s6_r3,hardcap,0,6,1,read_text_file,memory,MEMORY.md,False,
20260817-16:33:01_hardcap_libero_spatial_task_t0_s6_r3,hardcap,0,6,1,read_text_file,guides,strict_hybrid_guide.md,False,
20260817-16:33:01_hardcap_libero_spatial_task_t0_s6_r3,hardcap,0,6,1,read_text_file,guides,pro_hybrid_guide.md,False,
20260817-16:33:01_hardcap_libero_spatial_task_t0_s6_r3,hardcap,0,6,1,read_text_file,guides,env_calibration.md,False,
20260817-16:33:01_hardcap_libero_spatial_task_t0_s6_r3,hardcap,0,6,3,read_text_file,guides,strict_hybrid_guide.md,False,
20260817-16:33:01_hardcap_libero_spatial_task_t0_s6_r3,hardcap,0,6,4,read_text_file,guides,pro_hybrid_guide.md,False,
20260817-16:33:01_hardcap_libero_spatial_task_t0_s6_r3,hardcap,0,6,5,read_text_file,guides,env_calibration.md,False,
20260817-16:40:36_hardcap_libero_spatial_task_t0_s8_r2,hardcap,0,8,1,read_text_file,memory,MEMORY.md,True,
20260817-16:40:36_hardcap_libero_spatial_task_t0_s8_r2,hardcap,0,8,1,read_text_file,guides,strict_hybrid_guide.md,True,
20260817-16:40:36_hardcap_libero_spatial_task_t0_s8_r2,hardcap,0,8,1,read_text_file,guides,pro_hybrid_guide.md,True,
20260817-16:40:36_hardcap_libero_spatial_task_t0_s8_r2,hardcap,0,8,2,read_text_file,guides,strict_hybrid_guide.md,True,
20260817-16:40:36_hardcap_libero_spatial_task_t0_s8_r2,hardcap,0,8,3,read_text_file,guides,pro_hybrid_guide.md,True,
20260817-16:40:36_hardcap_libero_spatial_task_t0_s8_r2,hardcap,0,8,4,read_text_file,guides,env_calibration.md,True,
20260817-16:40:36_hardcap_libero_spatial_task_t0_s8_r2,hardcap,0,8,5,list_dir,other,memory,True,
20260817-16:40:36_hardcap_libero_spatial_task_t0_s8_r2,hardcap,0,8,6,list_dir,prior_results,results_spatial_pert,True,
20260817-16:40:36_hardcap_libero_spatial_task_t0_s8_r2,hardcap,0,8,7,read_text_file,prior_results,spatial_t0_s0.json,True,
20260817-16:40:36_hardcap_libero_spatial_task_t0_s8_r2,hardcap,0,8,8,read_text_file,prior_results,recipe_spatial_t0_s0.jsonl,True,
20260817-16:38:36_hardcap_libero_spatial_task_t0_s7_r2,hardcap,0,7,1,read_text_file,memory,MEMORY.md,False,
20260817-16:38:36_hardcap_libero_spatial_task_t0_s7_r2,hardcap,0,7,1,read_text_file,guides,strict_hybrid_guide.md,False,
20260817-16:38:36_hardcap_libero_spatial_task_t0_s7_r2,hardcap,0,7,1,read_text_file,guides,pro_hybrid_guide.md,False,
20260817-16:38:36_hardcap_libero_spatial_task_t0_s7_r2,hardcap,0,7,2,read_text_file,guides,strict_hybrid_guide.md,False,
20260817-16:38:36_hardcap_libero_spatial_task_t0_s7_r2,hardcap,0,7,3,read_text_file,guides,pro_hybrid_guide.md,False,
20260817-16:38:36_hardcap_libero_spatial_task_t0_s7_r2,hardcap,0,7,4,read_text_file,guides,env_calibration.md,False,
20260817-16:38:36_hardcap_libero_spatial_task_t0_s7_r2,hardcap,0,7,6,list_dir,prior_results,results_spatial_pert,False,
20260817-16:38:36_hardcap_libero_spatial_task_t0_s7_r2,hardcap,0,7,7,read_text_file,prior_results,spatial_t0_s0.json,False,
20260817-16:40:06_hardcap_libero_spatial_task_t0_s8_r1,hardcap,0,8,1,read_text_file,memory,MEMORY.md,True,
20260817-16:40:06_hardcap_libero_spatial_task_t0_s8_r1,hardcap,0,8,1,read_text_file,guides,strict_hybrid_guide.md,True,
20260817-16:40:06_hardcap_libero_spatial_task_t0_s8_r1,hardcap,0,8,2,read_text_file,guides,strict_hybrid_guide.md,True,
20260817-16:41:52_hardcap_libero_spatial_task_t0_s8_r3,hardcap,0,8,1,read_text_file,memory,MEMORY.md,False,
20260817-16:41:52_hardcap_libero_spatial_task_t0_s8_r3,hardcap,0,8,2,read_text_file,guides,strict_hybrid_guide.md,False,
20260817-16:41:52_hardcap_libero_spatial_task_t0_s8_r3,hardcap,0,8,2,read_text_file,guides,pro_hybrid_guide.md,False,
20260817-16:41:52_hardcap_libero_spatial_task_t0_s8_r3,hardcap,0,8,2,read_text_file,guides,env_calibration.md,False,
20260817-16:41:52_hardcap_libero_spatial_task_t0_s8_r3,hardcap,0,8,3,read_text_file,guides,pro_hybrid_guide.md,False,
20260817-16:41:52_hardcap_libero_spatial_task_t0_s8_r3,hardcap,0,8,3,read_text_file,guides,env_calibration.md,False,
20260817-16:41:52_hardcap_libero_spatial_task_t0_s8_r3,hardcap,0,8,4,read_text_file,guides,pro_hybrid_guide.md,False,
20260817-16:41:52_hardcap_libero_spatial_task_t0_s8_r3,hardcap,0,8,5,list_dir,other,memory,False,
20260817-16:41:52_hardcap_libero_spatial_task_t0_s8_r3,hardcap,0,8,5,list_dir,prior_results,results_spatial_pert,False,
20260817-16:41:52_hardcap_libero_spatial_task_t0_s8_r3,hardcap,0,8,6,list_dir,prior_results,results_spatial_pert,False,
20260817-16:41:52_hardcap_libero_spatial_task_t0_s8_r3,hardcap,0,8,7,read_text_file,prior_results,spatial_t0_s0.json,False,
20260817-16:41:52_hardcap_libero_spatial_task_t0_s8_r3,hardcap,0,8,8,read_text_file,prior_results,recipe_spatial_t0_s0.jsonl,False,
20260817-16:41:55_hardcap_libero_spatial_task_t0_s9_r1,hardcap,0,9,1,read_text_file,memory,MEMORY.md,False,
20260817-16:41:55_hardcap_libero_spatial_task_t0_s9_r1,hardcap,0,9,2,read_text_file,guides,strict_hybrid_guide.md,False,
20260817-16:41:55_hardcap_libero_spatial_task_t0_s9_r1,hardcap,0,9,5,list_dir,prior_results,results_spatial_pert,False,
20260817-16:41:55_hardcap_libero_spatial_task_t0_s9_r1,hardcap,0,9,5,read_text_file,guides,pro_hybrid_guide.md,False,
20260817-16:41:55_hardcap_libero_spatial_task_t0_s9_r1,hardcap,0,9,6,read_text_file,prior_results,spatial_t0_s0.json,False,
20260817-16:41:55_hardcap_libero_spatial_task_t0_s9_r1,hardcap,0,9,7,read_text_file,prior_results,recipe_spatial_t0_s0.jsonl,False,
20260817-16:47:33_hardcap_libero_spatial_task_t0_s9_r2,hardcap,0,9,1,read_text_file,memory,MEMORY.md,True,
20260817-16:47:33_hardcap_libero_spatial_task_t0_s9_r2,hardcap,0,9,1,read_text_file,guides,strict_hybrid_guide.md,True,
20260817-16:47:33_hardcap_libero_spatial_task_t0_s9_r2,hardcap,0,9,1,read_text_file,guides,pro_hybrid_guide.md,True,
20260817-16:47:33_hardcap_libero_spatial_task_t0_s9_r2,hardcap,0,9,2,read_text_file,guides,strict_hybrid_guide.md,True,
20260817-16:47:33_hardcap_libero_spatial_task_t0_s9_r2,hardcap,0,9,3,read_text_file,guides,pro_hybrid_guide.md,True,
20260817-16:47:33_hardcap_libero_spatial_task_t0_s9_r2,hardcap,0,9,4,read_text_file,guides,env_calibration.md,True,
20260817-16:47:33_hardcap_libero_spatial_task_t0_s9_r2,hardcap,0,9,4,list_dir,memory,,True,
20260817-16:47:33_hardcap_libero_spatial_task_t0_s9_r2,hardcap,0,9,5,list_dir,memory,,True,
20260817-16:47:33_hardcap_libero_spatial_task_t0_s9_r2,hardcap,0,9,6,list_dir,prior_results,,True,
20260817-16:47:33_hardcap_libero_spatial_task_t0_s9_r2,hardcap,0,9,7,read_text_file,prior_results,spatial_t0_s0.json,True,
20260817-16:47:33_hardcap_libero_spatial_task_t0_s9_r2,hardcap,0,9,8,read_text_file,prior_results,recipe_spatial_t0_s0.jsonl,True,
20260817-16:48:50_hardcap_libero_spatial_task_t0_s9_r3,hardcap,0,9,1,read_text_file,memory,MEMORY.md,True,
20260817-16:48:50_hardcap_libero_spatial_task_t0_s9_r3,hardcap,0,9,1,list_dir,other,memory,True,
20260817-16:48:50_hardcap_libero_spatial_task_t0_s9_r3,hardcap,0,9,2,list_dir,other,memory,True,
20260817-16:48:50_hardcap_libero_spatial_task_t0_s9_r3,hardcap,0,9,3,read_text_file,guides,strict_hybrid_guide.md,True,
20260817-16:48:50_hardcap_libero_spatial_task_t0_s9_r3,hardcap,0,9,3,read_text_file,guides,pro_hybrid_guide.md,True,
20260817-16:48:50_hardcap_libero_spatial_task_t0_s9_r3,hardcap,0,9,3,read_text_file,guides,env_calibration.md,True,
20260817-16:48:50_hardcap_libero_spatial_task_t0_s9_r3,hardcap,0,9,4,read_text_file,guides,pro_hybrid_guide.md,True,
20260817-16:48:50_hardcap_libero_spatial_task_t0_s9_r3,hardcap,0,9,5,read_text_file,guides,env_calibration.md,True,
20260817-16:48:50_hardcap_libero_spatial_task_t0_s9_r3,hardcap,0,9,6,list_dir,prior_results,results_spatial_pert,True,
20260817-16:48:50_hardcap_libero_spatial_task_t0_s9_r3,hardcap,0,9,7,read_text_file,prior_results,spatial_t0_s0.json,True,
20260817-16:48:50_hardcap_libero_spatial_task_t0_s9_r3,hardcap,0,9,8,read_text_file,prior_results,recipe_spatial_t0_s0.jsonl,True,
20260817-16:50:31_hardcap_libero_spatial_task_t0_s10_r1,hardcap,0,10,1,read_text_file,memory,MEMORY.md,True,
20260817-16:50:31_hardcap_libero_spatial_task_t0_s10_r1,hardcap,0,10,2,read_text_file,guides,strict_hybrid_guide.md,True,
20260817-16:50:31_hardcap_libero_spatial_task_t0_s10_r1,hardcap,0,10,4,list_dir,prior_results,results_spatial_pert,True,
20260817-16:50:31_hardcap_libero_spatial_task_t0_s10_r1,hardcap,0,10,5,read_text_file,prior_results,spatial_t0_s0.json,True,
20260817-16:51:56_hardcap_libero_spatial_task_t0_s10_r3,hardcap,0,10,1,read_text_file,memory,MEMORY.md,False,
20260817-16:51:56_hardcap_libero_spatial_task_t0_s10_r3,hardcap,0,10,1,list_dir,memory,,False,
20260817-16:51:56_hardcap_libero_spatial_task_t0_s10_r3,hardcap,0,10,1,read_text_file,guides,strict_hybrid_guide.md,False,
20260817-16:51:56_hardcap_libero_spatial_task_t0_s10_r3,hardcap,0,10,1,read_text_file,guides,pro_hybrid_guide.md,False,
20260817-16:51:56_hardcap_libero_spatial_task_t0_s10_r3,hardcap,0,10,2,read_text_file,guides,strict_hybrid_guide.md,False,
20260817-16:51:56_hardcap_libero_spatial_task_t0_s10_r3,hardcap,0,10,3,read_text_file,guides,pro_hybrid_guide.md,False,
20260817-16:51:56_hardcap_libero_spatial_task_t0_s10_r3,hardcap,0,10,4,read_text_file,guides,env_calibration.md,False,
20260817-16:51:56_hardcap_libero_spatial_task_t0_s10_r3,hardcap,0,10,4,list_dir,prior_results,,False,
20260817-16:51:56_hardcap_libero_spatial_task_t0_s10_r3,hardcap,0,10,5,list_dir,prior_results,,False,
20260817-16:51:56_hardcap_libero_spatial_task_t0_s10_r3,hardcap,0,10,6,read_text_file,prior_results,spatial_t0_s0.json,False,
20260817-16:51:56_hardcap_libero_spatial_task_t0_s10_r3,hardcap,0,10,7,read_text_file,prior_results,recipe_spatial_t0_s0.jsonl,False,
20260817-16:39:26_hardcap_libero_spatial_task_t0_s7_r3,hardcap,0,7,1,read_text_file,memory,MEMORY.md,False,
20260817-16:39:26_hardcap_libero_spatial_task_t0_s7_r3,hardcap,0,7,1,read_text_file,guides,strict_hybrid_guide.md,False,
20260817-16:39:26_hardcap_libero_spatial_task_t0_s7_r3,hardcap,0,7,9,read_text_file,guides,strict_hybrid_guide.md,False,
20260817-16:39:26_hardcap_libero_spatial_task_t0_s7_r3,hardcap,0,7,10,list_dir,other,memory,False,
20260817-16:39:26_hardcap_libero_spatial_task_t0_s7_r3,hardcap,0,7,11,list_dir,prior_results,results_spatial_pert,False,
20260817-16:39:26_hardcap_libero_spatial_task_t0_s7_r3,hardcap,0,7,12,read_text_file,prior_results,spatial_t0_s0.json,False,
20260817-16:51:54_hardcap_libero_spatial_task_t0_s10_r2,hardcap,0,10,1,read_text_file,memory,MEMORY.md,False,
20260817-16:51:54_hardcap_libero_spatial_task_t0_s10_r2,hardcap,0,10,1,list_dir,prior_results,results_spatial_pert,False,
20260817-16:51:54_hardcap_libero_spatial_task_t0_s10_r2,hardcap,0,10,3,list_dir,prior_results,results_spatial_pert,False,
20260817-16:51:54_hardcap_libero_spatial_task_t0_s10_r2,hardcap,0,10,4,read_text_file,prior_results,spatial_t0_s0.json,False,
20260817-16:51:54_hardcap_libero_spatial_task_t0_s10_r2,hardcap,0,10,5,read_text_file,prior_results,recipe_spatial_t0_s0.jsonl,False,
20260817-16:51:54_hardcap_libero_spatial_task_t0_s10_r2,hardcap,0,10,6,read_text_file,guides,strict_hybrid_guide.md,False,
20260817-16:51:54_hardcap_libero_spatial_task_t0_s10_r2,hardcap,0,10,7,read_text_file,guides,pro_hybrid_guide.md,False,
20260817-16:51:54_hardcap_libero_spatial_task_t0_s10_r2,hardcap,0,10,8,read_text_file,guides,env_calibration.md,False,
20260817-16:55:37_hardcap_libero_spatial_task_t7_s1_r1,hardcap,7,1,1,read_text_file,memory,MEMORY.md,False,
20260817-16:55:37_hardcap_libero_spatial_task_t7_s1_r1,hardcap,7,1,1,read_text_file,guides,strict_hybrid_guide.md,False,
20260817-16:55:37_hardcap_libero_spatial_task_t7_s1_r1,hardcap,7,1,4,read_text_file,guides,pro_hybrid_guide.md,False,
20260817-16:55:37_hardcap_libero_spatial_task_t7_s1_r1,hardcap,7,1,5,read_text_file,guides,strict_hybrid_guide.md,False,
20260817-16:55:37_hardcap_libero_spatial_task_t7_s1_r1,hardcap,7,1,6,list_dir,prior_results,results_spatial_pert,False,
20260817-16:55:37_hardcap_libero_spatial_task_t7_s1_r1,hardcap,7,1,7,read_text_file,prior_results,spatial_t7_s0.json,False,
20260817-16:55:37_hardcap_libero_spatial_task_t7_s1_r1,hardcap,7,1,8,read_text_file,memory,feedback_bowl_eef_y_offset.md,False,
20260817-16:55:37_hardcap_libero_spatial_task_t7_s1_r1,hardcap,7,1,9,list_dir,other,memory,False,
20260817-16:55:37_hardcap_libero_spatial_task_t7_s1_r1,hardcap,7,1,14,read_text_file,prior_results,recipe_spatial_t7_s0.jsonl,False,
20260817-16:55:37_hardcap_libero_spatial_task_t7_s1_r1,hardcap,7,1,39,read_text_file,guides,env_calibration.md,False,
20260817-16:58:22_hardcap_libero_spatial_task_t7_s1_r3,hardcap,7,1,1,read_text_file,memory,MEMORY.md,False,
20260817-16:58:22_hardcap_libero_spatial_task_t7_s1_r3,hardcap,7,1,1,read_text_file,guides,strict_hybrid_guide.md,False,
20260817-16:58:22_hardcap_libero_spatial_task_t7_s1_r3,hardcap,7,1,1,read_text_file,guides,pro_hybrid_guide.md,False,
20260817-16:58:22_hardcap_libero_spatial_task_t7_s1_r3,hardcap,7,1,1,read_text_file,guides,env_calibration.md,False,
20260817-16:58:22_hardcap_libero_spatial_task_t7_s1_r3,hardcap,7,1,2,read_text_file,guides,strict_hybrid_guide.md,False,
20260817-16:58:22_hardcap_libero_spatial_task_t7_s1_r3,hardcap,7,1,3,read_text_file,guides,pro_hybrid_guide.md,False,
20260817-16:58:22_hardcap_libero_spatial_task_t7_s1_r3,hardcap,7,1,4,read_text_file,guides,env_calibration.md,False,
20260817-16:58:22_hardcap_libero_spatial_task_t7_s1_r3,hardcap,7,1,6,list_dir,prior_results,results_spatial_pert,False,
20260817-16:58:22_hardcap_libero_spatial_task_t7_s1_r3,hardcap,7,1,7,read_text_file,prior_results,spatial_t7_s0.json,False,
20260817-16:58:22_hardcap_libero_spatial_task_t7_s1_r3,hardcap,7,1,8,read_text_file,prior_results,recipe_spatial_t7_s0.jsonl,False,
20260817-16:58:22_hardcap_libero_spatial_task_t7_s1_r3,hardcap,7,1,10,list_dir,other,memory,False,
20260817-16:56:36_hardcap_libero_spatial_task_t7_s1_r2,hardcap,7,1,1,read_text_file,memory,MEMORY.md,True,
20260817-16:56:36_hardcap_libero_spatial_task_t7_s1_r2,hardcap,7,1,3,read_text_file,guides,strict_hybrid_guide.md,True,
20260817-16:56:36_hardcap_libero_spatial_task_t7_s1_r2,hardcap,7,1,3,read_text_file,guides,pro_hybrid_guide.md,True,
20260817-16:56:36_hardcap_libero_spatial_task_t7_s1_r2,hardcap,7,1,3,list_dir,prior_results,results_spatial_pert,True,
20260817-16:56:36_hardcap_libero_spatial_task_t7_s1_r2,hardcap,7,1,4,read_text_file,guides,pro_hybrid_guide.md,True,
20260817-16:56:36_hardcap_libero_spatial_task_t7_s1_r2,hardcap,7,1,5,read_text_file,guides,env_calibration.md,True,
20260817-16:56:36_hardcap_libero_spatial_task_t7_s1_r2,hardcap,7,1,6,list_dir,prior_results,results_spatial_pert,True,
20260817-16:56:36_hardcap_libero_spatial_task_t7_s1_r2,hardcap,7,1,7,read_text_file,prior_results,spatial_t7_s0.json,True,
20260817-16:56:36_hardcap_libero_spatial_task_t7_s1_r2,hardcap,7,1,8,read_text_file,prior_results,recipe_spatial_t7_s0.jsonl,True,
20260817-16:59:57_hardcap_libero_spatial_task_t7_s2_r1,hardcap,7,2,1,read_text_file,memory,MEMORY.md,True,
20260817-16:59:57_hardcap_libero_spatial_task_t7_s2_r1,hardcap,7,2,1,read_text_file,guides,strict_hybrid_guide.md,True,
20260817-16:59:57_hardcap_libero_spatial_task_t7_s2_r1,hardcap,7,2,2,read_text_file,guides,strict_hybrid_guide.md,True,
20260817-16:59:57_hardcap_libero_spatial_task_t7_s2_r1,hardcap,7,2,3,read_text_file,guides,pro_hybrid_guide.md,True,
20260817-16:59:57_hardcap_libero_spatial_task_t7_s2_r1,hardcap,7,2,4,read_text_file,guides,env_calibration.md,True,
20260817-17:03:49_hardcap_libero_spatial_task_t7_s2_r2,hardcap,7,2,1,read_text_file,memory,MEMORY.md,False,
20260817-17:03:49_hardcap_libero_spatial_task_t7_s2_r2,hardcap,7,2,1,read_text_file,guides,strict_hybrid_guide.md,False,
20260817-17:03:49_hardcap_libero_spatial_task_t7_s2_r2,hardcap,7,2,1,read_text_file,guides,pro_hybrid_guide.md,False,
20260817-17:03:49_hardcap_libero_spatial_task_t7_s2_r2,hardcap,7,2,1,read_text_file,guides,env_calibration.md,False,
20260817-17:03:49_hardcap_libero_spatial_task_t7_s2_r2,hardcap,7,2,2,read_text_file,guides,strict_hybrid_guide.md,False,
20260817-17:03:49_hardcap_libero_spatial_task_t7_s2_r2,hardcap,7,2,3,read_text_file,guides,pro_hybrid_guide.md,False,
20260817-17:03:49_hardcap_libero_spatial_task_t7_s2_r2,hardcap,7,2,4,read_text_file,guides,env_calibration.md,False,
20260817-17:05:04_hardcap_libero_spatial_task_t7_s2_r3,hardcap,7,2,1,read_text_file,memory,MEMORY.md,False,
20260817-17:05:04_hardcap_libero_spatial_task_t7_s2_r3,hardcap,7,2,3,read_text_file,guides,strict_hybrid_guide.md,False,
20260817-17:05:04_hardcap_libero_spatial_task_t7_s2_r3,hardcap,7,2,3,read_text_file,guides,pro_hybrid_guide.md,False,
20260817-17:05:04_hardcap_libero_spatial_task_t7_s2_r3,hardcap,7,2,4,read_text_file,guides,pro_hybrid_guide.md,False,
20260817-17:05:04_hardcap_libero_spatial_task_t7_s2_r3,hardcap,7,2,5,list_dir,prior_results,results_spatial_pert,False,
20260817-17:05:04_hardcap_libero_spatial_task_t7_s2_r3,hardcap,7,2,6,read_text_file,prior_results,spatial_t7_s0.json,False,
20260817-17:05:04_hardcap_libero_spatial_task_t7_s2_r3,hardcap,7,2,6,read_text_file,prior_results,recipe_spatial_t7_s0.jsonl,False,
20260817-17:05:04_hardcap_libero_spatial_task_t7_s2_r3,hardcap,7,2,7,read_text_file,prior_results,recipe_spatial_t7_s0.jsonl,False,
20260817-17:05:04_hardcap_libero_spatial_task_t7_s2_r3,hardcap,7,2,8,list_dir,other,memory,False,
20260817-17:05:04_hardcap_libero_spatial_task_t7_s2_r3,hardcap,7,2,9,read_text_file,guides,env_calibration.md,False,
20260817-17:06:51_hardcap_libero_spatial_task_t7_s3_r1,hardcap,7,3,1,read_text_file,memory,MEMORY.md,False,
20260817-17:06:51_hardcap_libero_spatial_task_t7_s3_r1,hardcap,7,3,1,read_text_file,guides,strict_hybrid_guide.md,False,
20260817-17:06:51_hardcap_libero_spatial_task_t7_s3_r1,hardcap,7,3,1,read_text_file,guides,pro_hybrid_guide.md,False,
20260817-17:06:51_hardcap_libero_spatial_task_t7_s3_r1,hardcap,7,3,1,read_text_file,guides,env_calibration.md,False,
20260817-17:06:51_hardcap_libero_spatial_task_t7_s3_r1,hardcap,7,3,2,read_text_file,guides,strict_hybrid_guide.md,False,
20260817-17:06:51_hardcap_libero_spatial_task_t7_s3_r1,hardcap,7,3,3,read_text_file,guides,pro_hybrid_guide.md,False,
20260817-17:06:51_hardcap_libero_spatial_task_t7_s3_r1,hardcap,7,3,4,read_text_file,guides,env_calibration.md,False,
20260817-17:06:51_hardcap_libero_spatial_task_t7_s3_r1,hardcap,7,3,6,list_dir,memory,,False,
20260817-17:06:51_hardcap_libero_spatial_task_t7_s3_r1,hardcap,7,3,7,list_dir,prior_results,,False,
20260817-17:06:51_hardcap_libero_spatial_task_t7_s3_r1,hardcap,7,3,8,read_text_file,prior_results,spatial_t7_s0.json,False,
20260817-17:06:51_hardcap_libero_spatial_task_t7_s3_r1,hardcap,7,3,8,read_text_file,prior_results,recipe_spatial_t7_s0.jsonl,False,
20260817-17:06:51_hardcap_libero_spatial_task_t7_s3_r1,hardcap,7,3,9,read_text_file,prior_results,recipe_spatial_t7_s0.jsonl,False,
20260817-17:10:27_hardcap_libero_spatial_task_t7_s4_r1,hardcap,7,4,1,read_text_file,memory,MEMORY.md,True,
20260817-17:10:27_hardcap_libero_spatial_task_t7_s4_r1,hardcap,7,4,1,list_dir,prior_results,results_spatial_pert,True,
20260817-17:10:27_hardcap_libero_spatial_task_t7_s4_r1,hardcap,7,4,3,read_text_file,guides,strict_hybrid_guide.md,True,
20260817-17:10:27_hardcap_libero_spatial_task_t7_s4_r1,hardcap,7,4,5,list_dir,prior_results,results_spatial_pert,True,
20260817-17:10:27_hardcap_libero_spatial_task_t7_s4_r1,hardcap,7,4,6,read_text_file,prior_results,spatial_t7_s0.json,True,
20260817-17:10:27_hardcap_libero_spatial_task_t7_s4_r1,hardcap,7,4,7,read_text_file,prior_results,recipe_spatial_t7_s0.jsonl,True,
20260817-17:08:48_hardcap_libero_spatial_task_t7_s3_r3,hardcap,7,3,1,read_text_file,memory,MEMORY.md,True,
20260817-17:08:48_hardcap_libero_spatial_task_t7_s3_r3,hardcap,7,3,1,list_dir,memory,,True,
20260817-17:08:48_hardcap_libero_spatial_task_t7_s3_r3,hardcap,7,3,2,list_dir,memory,,True,
20260817-17:08:48_hardcap_libero_spatial_task_t7_s3_r3,hardcap,7,3,3,read_text_file,guides,strict_hybrid_guide.md,True,
20260817-17:08:48_hardcap_libero_spatial_task_t7_s3_r3,hardcap,7,3,4,read_text_file,guides,pro_hybrid_guide.md,True,
20260817-17:08:48_hardcap_libero_spatial_task_t7_s3_r3,hardcap,7,3,4,read_text_file,guides,env_calibration.md,True,
20260817-17:08:48_hardcap_libero_spatial_task_t7_s3_r3,hardcap,7,3,5,read_text_file,guides,env_calibration.md,True,
20260817-17:08:48_hardcap_libero_spatial_task_t7_s3_r3,hardcap,7,3,6,list_dir,prior_results,,True,
20260817-17:08:48_hardcap_libero_spatial_task_t7_s3_r3,hardcap,7,3,7,read_text_file,prior_results,spatial_t7_s0.json,True,
20260817-17:08:48_hardcap_libero_spatial_task_t7_s3_r3,hardcap,7,3,8,read_text_file,prior_results,recipe_spatial_t7_s0.jsonl,True,
20260817-17:08:00_hardcap_libero_spatial_task_t7_s3_r2,hardcap,7,3,1,read_text_file,memory,MEMORY.md,False,
20260817-17:08:00_hardcap_libero_spatial_task_t7_s3_r2,hardcap,7,3,1,read_text_file,guides,strict_hybrid_guide.md,False,
20260817-17:08:00_hardcap_libero_spatial_task_t7_s3_r2,hardcap,7,3,2,read_text_file,guides,strict_hybrid_guide.md,False,
20260817-17:08:00_hardcap_libero_spatial_task_t7_s3_r2,hardcap,7,3,3,read_text_file,guides,pro_hybrid_guide.md,False,
20260817-17:08:00_hardcap_libero_spatial_task_t7_s3_r2,hardcap,7,3,3,read_text_file,guides,env_calibration.md,False,
20260817-17:08:00_hardcap_libero_spatial_task_t7_s3_r2,hardcap,7,3,4,read_text_file,guides,env_calibration.md,False,
20260817-17:08:00_hardcap_libero_spatial_task_t7_s3_r2,hardcap,7,3,5,list_dir,prior_results,results_spatial_pert,False,
20260817-17:08:00_hardcap_libero_spatial_task_t7_s3_r2,hardcap,7,3,6,list_dir,prior_results,results_spatial_pert,False,
20260817-17:08:00_hardcap_libero_spatial_task_t7_s3_r2,hardcap,7,3,7,read_text_file,prior_results,spatial_t7_s0.json,False,
20260817-17:08:00_hardcap_libero_spatial_task_t7_s3_r2,hardcap,7,3,7,read_text_file,prior_results,recipe_spatial_t7_s0.jsonl,False,
20260817-17:08:00_hardcap_libero_spatial_task_t7_s3_r2,hardcap,7,3,8,read_text_file,prior_results,recipe_spatial_t7_s0.jsonl,False,
20260817-17:12:07_hardcap_libero_spatial_task_t7_s4_r2,hardcap,7,4,1,read_text_file,memory,MEMORY.md,True,
20260817-17:12:07_hardcap_libero_spatial_task_t7_s4_r2,hardcap,7,4,2,list_dir,other,memory,True,
20260817-17:12:07_hardcap_libero_spatial_task_t7_s4_r2,hardcap,7,4,2,list_dir,prior_results,results_spatial_pert,True,
20260817-17:12:07_hardcap_libero_spatial_task_t7_s4_r2,hardcap,7,4,4,read_text_file,guides,strict_hybrid_guide.md,True,
20260817-17:12:07_hardcap_libero_spatial_task_t7_s4_r2,hardcap,7,4,5,list_dir,prior_results,results_spatial_pert,True,
20260817-17:12:07_hardcap_libero_spatial_task_t7_s4_r2,hardcap,7,4,6,read_text_file,prior_results,spatial_t7_s0.json,True,
20260817-17:12:07_hardcap_libero_spatial_task_t7_s4_r2,hardcap,7,4,7,read_text_file,prior_results,recipe_spatial_t7_s0.jsonl,True,
20260817-17:12:07_hardcap_libero_spatial_task_t7_s4_r2,hardcap,7,4,8,read_text_file,guides,env_calibration.md,True,
20260817-17:13:09_hardcap_libero_spatial_task_t7_s4_r3,hardcap,7,4,1,read_text_file,memory,MEMORY.md,True,
20260817-17:13:09_hardcap_libero_spatial_task_t7_s4_r3,hardcap,7,4,3,read_text_file,guides,strict_hybrid_guide.md,True,
20260817-17:13:09_hardcap_libero_spatial_task_t7_s4_r3,hardcap,7,4,3,read_text_file,guides,pro_hybrid_guide.md,True,
20260817-17:13:09_hardcap_libero_spatial_task_t7_s4_r3,hardcap,7,4,3,read_text_file,guides,env_calibration.md,True,
20260817-17:13:09_hardcap_libero_spatial_task_t7_s4_r3,hardcap,7,4,3,list_dir,prior_results,results_spatial_pert,True,
20260817-17:13:09_hardcap_libero_spatial_task_t7_s4_r3,hardcap,7,4,3,list_dir,other,memory,True,
20260817-17:13:09_hardcap_libero_spatial_task_t7_s4_r3,hardcap,7,4,4,read_text_file,guides,pro_hybrid_guide.md,True,
20260817-17:13:09_hardcap_libero_spatial_task_t7_s4_r3,hardcap,7,4,4,list_dir,prior_results,results_spatial_pert,True,
20260817-17:13:09_hardcap_libero_spatial_task_t7_s4_r3,hardcap,7,4,5,read_text_file,guides,env_calibration.md,True,
20260817-17:13:09_hardcap_libero_spatial_task_t7_s4_r3,hardcap,7,4,6,list_dir,prior_results,results_spatial_pert,True,
20260817-17:13:09_hardcap_libero_spatial_task_t7_s4_r3,hardcap,7,4,6,list_dir,other,memory,True,
20260817-17:13:09_hardcap_libero_spatial_task_t7_s4_r3,hardcap,7,4,7,read_text_file,prior_results,spatial_t7_s0.json,True,
20260817-17:13:09_hardcap_libero_spatial_task_t7_s4_r3,hardcap,7,4,8,read_text_file,prior_results,recipe_spatial_t7_s0.jsonl,True,
20260817-17:13:09_hardcap_libero_spatial_task_t7_s4_r3,hardcap,7,4,9,list_dir,other,memory,True,
20260817-17:15:31_hardcap_libero_spatial_task_t7_s5_r2,hardcap,7,5,1,read_text_file,memory,MEMORY.md,True,
20260817-17:15:31_hardcap_libero_spatial_task_t7_s5_r2,hardcap,7,5,3,read_text_file,guides,strict_hybrid_guide.md,True,
20260817-17:15:31_hardcap_libero_spatial_task_t7_s5_r2,hardcap,7,5,3,read_text_file,guides,pro_hybrid_guide.md,True,
20260817-17:15:31_hardcap_libero_spatial_task_t7_s5_r2,hardcap,7,5,3,read_text_file,guides,env_calibration.md,True,
20260817-17:15:31_hardcap_libero_spatial_task_t7_s5_r2,hardcap,7,5,4,read_text_file,guides,pro_hybrid_guide.md,True,
20260817-17:15:31_hardcap_libero_spatial_task_t7_s5_r2,hardcap,7,5,4,read_text_file,guides,env_calibration.md,True,
20260817-17:15:31_hardcap_libero_spatial_task_t7_s5_r2,hardcap,7,5,5,list_dir,prior_results,results_spatial_pert,True,
20260817-17:15:31_hardcap_libero_spatial_task_t7_s5_r2,hardcap,7,5,6,read_text_file,prior_results,spatial_t7_s0.json,True,
20260817-17:15:31_hardcap_libero_spatial_task_t7_s5_r2,hardcap,7,5,6,read_text_file,prior_results,recipe_spatial_t7_s0.jsonl,True,
20260817-17:15:31_hardcap_libero_spatial_task_t7_s5_r2,hardcap,7,5,7,read_text_file,prior_results,recipe_spatial_t7_s0.jsonl,True,
20260817-17:15:31_hardcap_libero_spatial_task_t7_s5_r2,hardcap,7,5,7,read_text_file,prior_results,spatial_t6_s0.json,True,
20260817-17:15:31_hardcap_libero_spatial_task_t7_s5_r2,hardcap,7,5,8,read_text_file,prior_results,recipe_spatial_t7_s0.jsonl,True,
20260817-17:19:50_hardcap_libero_spatial_task_t7_s5_r3,hardcap,7,5,1,read_text_file,memory,MEMORY.md,True,
20260817-17:19:50_hardcap_libero_spatial_task_t7_s5_r3,hardcap,7,5,3,read_text_file,guides,strict_hybrid_guide.md,True,
20260817-17:19:50_hardcap_libero_spatial_task_t7_s5_r3,hardcap,7,5,4,read_text_file,guides,pro_hybrid_guide.md,True,
20260817-17:19:50_hardcap_libero_spatial_task_t7_s5_r3,hardcap,7,5,4,read_text_file,guides,env_calibration.md,True,
20260817-17:19:50_hardcap_libero_spatial_task_t7_s5_r3,hardcap,7,5,4,list_dir,prior_results,results_spatial_pert,True,
20260817-17:19:50_hardcap_libero_spatial_task_t7_s5_r3,hardcap,7,5,5,read_text_file,guides,env_calibration.md,True,
20260817-17:19:50_hardcap_libero_spatial_task_t7_s5_r3,hardcap,7,5,6,list_dir,prior_results,results_spatial_pert,True,
20260817-17:19:50_hardcap_libero_spatial_task_t7_s5_r3,hardcap,7,5,7,read_text_file,prior_results,spatial_t7_s0.json,True,
20260817-17:15:07_hardcap_libero_spatial_task_t7_s5_r1,hardcap,7,5,1,read_text_file,memory,MEMORY.md,False,
20260817-17:15:07_hardcap_libero_spatial_task_t7_s5_r1,hardcap,7,5,1,read_text_file,guides,strict_hybrid_guide.md,False,
20260817-17:15:07_hardcap_libero_spatial_task_t7_s5_r1,hardcap,7,5,1,read_text_file,guides,pro_hybrid_guide.md,False,
20260817-17:15:07_hardcap_libero_spatial_task_t7_s5_r1,hardcap,7,5,2,read_text_file,guides,strict_hybrid_guide.md,False,
20260817-17:15:07_hardcap_libero_spatial_task_t7_s5_r1,hardcap,7,5,3,read_text_file,guides,pro_hybrid_guide.md,False,
20260817-17:15:07_hardcap_libero_spatial_task_t7_s5_r1,hardcap,7,5,4,read_text_file,guides,env_calibration.md,False,
20260817-17:15:07_hardcap_libero_spatial_task_t7_s5_r1,hardcap,7,5,7,list_dir,prior_results,results_spatial_pert,False,
20260817-17:15:07_hardcap_libero_spatial_task_t7_s5_r1,hardcap,7,5,8,read_text_file,prior_results,spatial_t7_s0.json,False,
20260817-17:15:07_hardcap_libero_spatial_task_t7_s5_r1,hardcap,7,5,9,read_text_file,prior_results,recipe_spatial_t7_s0.jsonl,False,
20260817-17:22:09_hardcap_libero_spatial_task_t7_s6_r1,hardcap,7,6,1,read_text_file,memory,MEMORY.md,False,
20260817-17:22:09_hardcap_libero_spatial_task_t7_s6_r1,hardcap,7,6,1,read_text_file,guides,strict_hybrid_guide.md,False,
20260817-17:22:09_hardcap_libero_spatial_task_t7_s6_r1,hardcap,7,6,2,read_text_file,guides,strict_hybrid_guide.md,False,
20260817-17:22:09_hardcap_libero_spatial_task_t7_s6_r1,hardcap,7,6,3,read_text_file,guides,pro_hybrid_guide.md,False,
20260817-17:22:09_hardcap_libero_spatial_task_t7_s6_r1,hardcap,7,6,4,read_text_file,guides,env_calibration.md,False,
20260817-17:22:09_hardcap_libero_spatial_task_t7_s6_r1,hardcap,7,6,7,list_dir,prior_results,results_spatial_pert,False,
20260817-17:22:09_hardcap_libero_spatial_task_t7_s6_r1,hardcap,7,6,8,read_text_file,prior_results,spatial_t7_s0.json,False,
20260817-17:22:09_hardcap_libero_spatial_task_t7_s6_r1,hardcap,7,6,9,read_text_file,prior_results,recipe_spatial_t7_s0.jsonl,False,
20260817-17:25:15_hardcap_libero_spatial_task_t7_s7_r2,hardcap,7,7,1,read_text_file,memory,MEMORY.md,True,
20260817-17:25:15_hardcap_libero_spatial_task_t7_s7_r2,hardcap,7,7,2,list_dir,other,memory,True,
20260817-17:25:15_hardcap_libero_spatial_task_t7_s7_r2,hardcap,7,7,2,read_text_file,guides,strict_hybrid_guide.md,True,
20260817-17:25:15_hardcap_libero_spatial_task_t7_s7_r2,hardcap,7,7,3,read_text_file,guides,strict_hybrid_guide.md,True,
20260817-17:25:15_hardcap_libero_spatial_task_t7_s7_r2,hardcap,7,7,4,read_text_file,guides,pro_hybrid_guide.md,True,
20260817-17:25:15_hardcap_libero_spatial_task_t7_s7_r2,hardcap,7,7,5,read_text_file,guides,env_calibration.md,True,
20260817-17:25:15_hardcap_libero_spatial_task_t7_s7_r2,hardcap,7,7,6,list_dir,prior_results,results_spatial_pert,True,
20260817-17:25:15_hardcap_libero_spatial_task_t7_s7_r2,hardcap,7,7,7,read_text_file,prior_results,spatial_t7_s0.json,True,
20260817-17:25:15_hardcap_libero_spatial_task_t7_s7_r2,hardcap,7,7,8,read_text_file,prior_results,recipe_spatial_t7_s0.jsonl,True,
20260817-17:22:52_hardcap_libero_spatial_task_t7_s7_r1,hardcap,7,7,1,read_text_file,memory,MEMORY.md,True,
20260817-17:22:52_hardcap_libero_spatial_task_t7_s7_r1,hardcap,7,7,1,read_text_file,guides,strict_hybrid_guide.md,True,
20260817-17:22:52_hardcap_libero_spatial_task_t7_s7_r1,hardcap,7,7,2,read_text_file,guides,strict_hybrid_guide.md,True,
20260817-17:22:52_hardcap_libero_spatial_task_t7_s7_r1,hardcap,7,7,3,read_text_file,guides,pro_hybrid_guide.md,True,
20260817-17:22:52_hardcap_libero_spatial_task_t7_s7_r1,hardcap,7,7,4,read_text_file,guides,env_calibration.md,True,
20260817-17:22:52_hardcap_libero_spatial_task_t7_s7_r1,hardcap,7,7,5,list_dir,prior_results,results_spatial_pert,True,
20260817-17:22:52_hardcap_libero_spatial_task_t7_s7_r1,hardcap,7,7,6,read_text_file,prior_results,spatial_t7_s0.json,True,
20260817-17:22:52_hardcap_libero_spatial_task_t7_s7_r1,hardcap,7,7,7,read_text_file,prior_results,recipe_spatial_t7_s0.jsonl,True,
20260817-17:22:36_hardcap_libero_spatial_task_t7_s6_r2,hardcap,7,6,1,read_text_file,memory,MEMORY.md,False,
20260817-17:22:36_hardcap_libero_spatial_task_t7_s6_r2,hardcap,7,6,2,read_text_file,guides,strict_hybrid_guide.md,False,
20260817-17:22:36_hardcap_libero_spatial_task_t7_s6_r2,hardcap,7,6,4,read_text_file,guides,pro_hybrid_guide.md,False,
20260817-17:22:36_hardcap_libero_spatial_task_t7_s6_r2,hardcap,7,6,5,read_text_file,guides,env_calibration.md,False,
20260817-17:22:36_hardcap_libero_spatial_task_t7_s6_r2,hardcap,7,6,5,list_dir,prior_results,results_spatial_pert,False,
20260817-17:22:36_hardcap_libero_spatial_task_t7_s6_r2,hardcap,7,6,6,list_dir,prior_results,results_spatial_pert,False,
20260817-17:22:36_hardcap_libero_spatial_task_t7_s6_r2,hardcap,7,6,7,read_text_file,prior_results,spatial_t7_s0.json,False,
20260817-17:22:36_hardcap_libero_spatial_task_t7_s6_r2,hardcap,7,6,7,read_text_file,prior_results,recipe_spatial_t7_s0.jsonl,False,
20260817-17:22:36_hardcap_libero_spatial_task_t7_s6_r2,hardcap,7,6,8,read_text_file,prior_results,recipe_spatial_t7_s0.jsonl,False,
20260817-17:22:42_hardcap_libero_spatial_task_t7_s6_r3,hardcap,7,6,1,read_text_file,memory,MEMORY.md,False,
20260817-17:22:42_hardcap_libero_spatial_task_t7_s6_r3,hardcap,7,6,2,read_text_file,guides,strict_hybrid_guide.md,False,
20260817-17:22:42_hardcap_libero_spatial_task_t7_s6_r3,hardcap,7,6,2,read_text_file,guides,pro_hybrid_guide.md,False,
20260817-17:22:42_hardcap_libero_spatial_task_t7_s6_r3,hardcap,7,6,2,read_text_file,guides,env_calibration.md,False,
20260817-17:22:42_hardcap_libero_spatial_task_t7_s6_r3,hardcap,7,6,3,read_text_file,guides,strict_hybrid_guide.md,False,
20260817-17:22:42_hardcap_libero_spatial_task_t7_s6_r3,hardcap,7,6,3,read_text_file,guides,pro_hybrid_guide.md,False,
20260817-17:22:42_hardcap_libero_spatial_task_t7_s6_r3,hardcap,7,6,3,read_text_file,guides,env_calibration.md,False,
20260817-17:22:42_hardcap_libero_spatial_task_t7_s6_r3,hardcap,7,6,4,read_text_file,guides,pro_hybrid_guide.md,False,
20260817-17:22:42_hardcap_libero_spatial_task_t7_s6_r3,hardcap,7,6,4,read_text_file,guides,env_calibration.md,False,
20260817-17:22:42_hardcap_libero_spatial_task_t7_s6_r3,hardcap,7,6,4,list_dir,prior_results,results_spatial_pert,False,
20260817-17:22:42_hardcap_libero_spatial_task_t7_s6_r3,hardcap,7,6,5,read_text_file,guides,env_calibration.md,False,
20260817-17:22:42_hardcap_libero_spatial_task_t7_s6_r3,hardcap,7,6,5,list_dir,prior_results,results_spatial_pert,False,
20260817-17:22:42_hardcap_libero_spatial_task_t7_s6_r3,hardcap,7,6,6,read_text_file,prior_results,spatial_t7_s0.json,False,
20260817-17:22:42_hardcap_libero_spatial_task_t7_s6_r3,hardcap,7,6,6,read_text_file,prior_results,recipe_spatial_t7_s0.jsonl,False,
20260817-17:22:42_hardcap_libero_spatial_task_t7_s6_r3,hardcap,7,6,7,read_text_file,prior_results,recipe_spatial_t7_s0.jsonl,False,
20260817-17:22:42_hardcap_libero_spatial_task_t7_s6_r3,hardcap,7,6,7,read_text_file,guides,env_calibration.md,False,
20260817-17:22:42_hardcap_libero_spatial_task_t7_s6_r3,hardcap,7,6,8,read_text_file,guides,env_calibration.md,False,
20260817-17:29:33_hardcap_libero_spatial_task_t7_s8_r1,hardcap,7,8,1,read_text_file,memory,MEMORY.md,True,
20260817-17:29:33_hardcap_libero_spatial_task_t7_s8_r1,hardcap,7,8,1,read_text_file,guides,strict_hybrid_guide.md,True,
20260817-17:29:33_hardcap_libero_spatial_task_t7_s8_r1,hardcap,7,8,1,read_text_file,guides,pro_hybrid_guide.md,True,
20260817-17:29:33_hardcap_libero_spatial_task_t7_s8_r1,hardcap,7,8,3,read_text_file,guides,strict_hybrid_guide.md,True,
20260817-17:29:33_hardcap_libero_spatial_task_t7_s8_r1,hardcap,7,8,4,read_text_file,guides,env_calibration.md,True,
20260817-17:25:58_hardcap_libero_spatial_task_t7_s7_r3,hardcap,7,7,1,read_text_file,memory,MEMORY.md,False,
20260817-17:25:58_hardcap_libero_spatial_task_t7_s7_r3,hardcap,7,7,3,list_dir,other,memory,False,
20260817-17:25:58_hardcap_libero_spatial_task_t7_s7_r3,hardcap,7,7,4,read_text_file,guides,strict_hybrid_guide.md,False,
20260817-17:25:58_hardcap_libero_spatial_task_t7_s7_r3,hardcap,7,7,4,read_text_file,guides,pro_hybrid_guide.md,False,
20260817-17:25:58_hardcap_libero_spatial_task_t7_s7_r3,hardcap,7,7,5,read_text_file,guides,pro_hybrid_guide.md,False,
20260817-17:25:58_hardcap_libero_spatial_task_t7_s7_r3,hardcap,7,7,6,read_text_file,guides,env_calibration.md,False,
20260817-17:25:58_hardcap_libero_spatial_task_t7_s7_r3,hardcap,7,7,6,list_dir,prior_results,results_spatial_pert,False,
20260817-17:25:58_hardcap_libero_spatial_task_t7_s7_r3,hardcap,7,7,7,list_dir,prior_results,results_spatial_pert,False,
20260817-17:25:58_hardcap_libero_spatial_task_t7_s7_r3,hardcap,7,7,8,read_text_file,prior_results,spatial_t7_s0.json,False,
20260817-17:35:56_hardcap_libero_spatial_task_t7_s9_r1,hardcap,7,9,1,read_text_file,memory,MEMORY.md,False,
20260817-17:35:56_hardcap_libero_spatial_task_t7_s9_r1,hardcap,7,9,1,read_text_file,guides,strict_hybrid_guide.md,False,
20260817-17:35:56_hardcap_libero_spatial_task_t7_s9_r1,hardcap,7,9,1,read_text_file,guides,pro_hybrid_guide.md,False,
20260817-17:35:56_hardcap_libero_spatial_task_t7_s9_r1,hardcap,7,9,1,read_text_file,guides,env_calibration.md,False,
20260817-17:35:56_hardcap_libero_spatial_task_t7_s9_r1,hardcap,7,9,2,read_text_file,guides,strict_hybrid_guide.md,False,
20260817-17:35:56_hardcap_libero_spatial_task_t7_s9_r1,hardcap,7,9,3,read_text_file,guides,pro_hybrid_guide.md,False,
20260817-17:35:56_hardcap_libero_spatial_task_t7_s9_r1,hardcap,7,9,4,read_text_file,guides,env_calibration.md,False,
20260817-17:35:56_hardcap_libero_spatial_task_t7_s9_r1,hardcap,7,9,6,list_dir,prior_results,results_spatial_pert,False,
20260817-17:35:56_hardcap_libero_spatial_task_t7_s9_r1,hardcap,7,9,7,read_text_file,prior_results,spatial_t7_s0.json,False,
20260817-17:35:56_hardcap_libero_spatial_task_t7_s9_r1,hardcap,7,9,8,read_text_file,prior_results,recipe_spatial_t7_s0.jsonl,False,
20260817-17:34:58_hardcap_libero_spatial_task_t7_s8_r3,hardcap,7,8,1,read_text_file,memory,MEMORY.md,False,
20260817-17:34:58_hardcap_libero_spatial_task_t7_s8_r3,hardcap,7,8,3,read_text_file,guides,strict_hybrid_guide.md,False,
20260817-17:34:58_hardcap_libero_spatial_task_t7_s8_r3,hardcap,7,8,3,read_text_file,guides,pro_hybrid_guide.md,False,
20260817-17:34:58_hardcap_libero_spatial_task_t7_s8_r3,hardcap,7,8,3,list_dir,prior_results,results_spatial_pert,False,
20260817-17:34:58_hardcap_libero_spatial_task_t7_s8_r3,hardcap,7,8,4,list_dir,prior_results,results_spatial_pert,False,
20260817-17:34:58_hardcap_libero_spatial_task_t7_s8_r3,hardcap,7,8,5,read_text_file,prior_results,spatial_t7_s0.json,False,
20260817-17:34:58_hardcap_libero_spatial_task_t7_s8_r3,hardcap,7,8,6,read_text_file,prior_results,recipe_spatial_t7_s0.jsonl,False,
20260817-17:38:14_hardcap_libero_spatial_task_t7_s10_r1,hardcap,7,10,1,read_text_file,memory,MEMORY.md,False,
20260817-17:38:14_hardcap_libero_spatial_task_t7_s10_r1,hardcap,7,10,3,list_dir,other,memory,False,
20260817-17:38:14_hardcap_libero_spatial_task_t7_s10_r1,hardcap,7,10,3,read_text_file,guides,strict_hybrid_guide.md,False,
20260817-17:38:14_hardcap_libero_spatial_task_t7_s10_r1,hardcap,7,10,3,list_dir,prior_results,results_spatial_pert,False,
20260817-17:38:14_hardcap_libero_spatial_task_t7_s10_r1,hardcap,7,10,4,read_text_file,guides,strict_hybrid_guide.md,False,
20260817-17:38:14_hardcap_libero_spatial_task_t7_s10_r1,hardcap,7,10,5,read_text_file,guides,pro_hybrid_guide.md,False,
20260817-17:38:14_hardcap_libero_spatial_task_t7_s10_r1,hardcap,7,10,6,read_text_file,guides,env_calibration.md,False,
20260817-17:38:14_hardcap_libero_spatial_task_t7_s10_r1,hardcap,7,10,7,list_dir,prior_results,results_spatial_pert,False,
20260817-17:38:14_hardcap_libero_spatial_task_t7_s10_r1,hardcap,7,10,8,read_text_file,prior_results,spatial_t7_s0.json,False,
20260817-17:38:14_hardcap_libero_spatial_task_t7_s10_r1,hardcap,7,10,9,read_text_file,prior_results,recipe_spatial_t7_s0.jsonl,False,
20260817-17:36:24_hardcap_libero_spatial_task_t7_s9_r2,hardcap,7,9,1,read_text_file,memory,MEMORY.md,True,
20260817-17:36:24_hardcap_libero_spatial_task_t7_s9_r2,hardcap,7,9,2,read_text_file,guides,strict_hybrid_guide.md,True,
20260817-17:31:19_hardcap_libero_spatial_task_t7_s8_r2,hardcap,7,8,1,read_text_file,memory,MEMORY.md,True,
20260817-17:31:19_hardcap_libero_spatial_task_t7_s8_r2,hardcap,7,8,1,list_dir,other,memory,True,
20260817-17:31:19_hardcap_libero_spatial_task_t7_s8_r2,hardcap,7,8,3,list_dir,prior_results,results_spatial_pert,True,
20260817-17:31:19_hardcap_libero_spatial_task_t7_s8_r2,hardcap,7,8,4,read_text_file,prior_results,spatial_t7_s0.json,True,
20260817-17:31:19_hardcap_libero_spatial_task_t7_s8_r2,hardcap,7,8,4,read_text_file,prior_results,recipe_spatial_t7_s0.jsonl,True,
20260817-17:31:19_hardcap_libero_spatial_task_t7_s8_r2,hardcap,7,8,5,read_text_file,prior_results,recipe_spatial_t7_s0.jsonl,True,
20260817-17:31:19_hardcap_libero_spatial_task_t7_s8_r2,hardcap,7,8,6,read_text_file,guides,strict_hybrid_guide.md,True,
20260817-17:31:19_hardcap_libero_spatial_task_t7_s8_r2,hardcap,7,8,7,read_text_file,guides,env_calibration.md,True,
20260817-17:37:21_hardcap_libero_spatial_task_t7_s9_r3,hardcap,7,9,1,read_text_file,memory,MEMORY.md,True,
20260817-17:37:21_hardcap_libero_spatial_task_t7_s9_r3,hardcap,7,9,2,read_text_file,guides,strict_hybrid_guide.md,True,
20260817-17:37:21_hardcap_libero_spatial_task_t7_s9_r3,hardcap,7,9,2,read_text_file,guides,pro_hybrid_guide.md,True,
20260817-17:37:21_hardcap_libero_spatial_task_t7_s9_r3,hardcap,7,9,4,read_text_file,guides,pro_hybrid_guide.md,True,
20260817-17:37:21_hardcap_libero_spatial_task_t7_s9_r3,hardcap,7,9,5,read_text_file,guides,env_calibration.md,True,
20260817-17:37:21_hardcap_libero_spatial_task_t7_s9_r3,hardcap,7,9,6,list_dir,prior_results,results_spatial_pert,True,
20260817-17:37:21_hardcap_libero_spatial_task_t7_s9_r3,hardcap,7,9,7,read_text_file,prior_results,spatial_t7_s0.json,True,
20260817-17:37:21_hardcap_libero_spatial_task_t7_s9_r3,hardcap,7,9,8,read_text_file,prior_results,recipe_spatial_t7_s0.jsonl,True,
20260817-17:39:05_hardcap_libero_spatial_task_t7_s10_r2,hardcap,7,10,1,read_text_file,memory,MEMORY.md,False,
20260817-17:39:05_hardcap_libero_spatial_task_t7_s10_r2,hardcap,7,10,1,list_dir,other,memory,False,
20260817-17:39:05_hardcap_libero_spatial_task_t7_s10_r2,hardcap,7,10,3,list_dir,prior_results,results_spatial_pert,False,
20260817-17:39:05_hardcap_libero_spatial_task_t7_s10_r2,hardcap,7,10,4,read_text_file,prior_results,spatial_t7_s0.json,False,
20260817-17:39:05_hardcap_libero_spatial_task_t7_s10_r2,hardcap,7,10,5,read_text_file,prior_results,recipe_spatial_t7_s0.jsonl,False,
20260817-17:39:05_hardcap_libero_spatial_task_t7_s10_r2,hardcap,7,10,6,read_text_file,guides,strict_hybrid_guide.md,False,
20260817-17:39:05_hardcap_libero_spatial_task_t7_s10_r2,hardcap,7,10,7,read_text_file,guides,pro_hybrid_guide.md,False,
20260817-17:39:05_hardcap_libero_spatial_task_t7_s10_r2,hardcap,7,10,8,read_text_file,guides,env_calibration.md,False,
20260817-17:42:02_hardcap_libero_spatial_task_t7_s10_r3,hardcap,7,10,1,read_text_file,memory,MEMORY.md,True,
20260817-17:42:02_hardcap_libero_spatial_task_t7_s10_r3,hardcap,7,10,1,list_dir,memory,,True,
20260817-17:42:02_hardcap_libero_spatial_task_t7_s10_r3,hardcap,7,10,2,list_dir,memory,,True,
20260817-17:42:02_hardcap_libero_spatial_task_t7_s10_r3,hardcap,7,10,2,read_text_file,guides,strict_hybrid_guide.md,True,
20260817-17:42:02_hardcap_libero_spatial_task_t7_s10_r3,hardcap,7,10,3,read_text_file,guides,pro_hybrid_guide.md,True,
20260817-17:42:02_hardcap_libero_spatial_task_t7_s10_r3,hardcap,7,10,4,read_text_file,guides,env_calibration.md,True,
20260817-17:42:02_hardcap_libero_spatial_task_t7_s10_r3,hardcap,7,10,5,list_dir,prior_results,,True,
20260817-17:42:02_hardcap_libero_spatial_task_t7_s10_r3,hardcap,7,10,6,read_text_file,prior_results,spatial_t7_s0.json,True,
20260817-17:42:02_hardcap_libero_spatial_task_t7_s10_r3,hardcap,7,10,7,read_text_file,prior_results,recipe_spatial_t7_s0.jsonl,True,
20260818-10:06:51_hardcap_libero_spatial_task_t9_s1_r1,hardcap,9,1,1,read_text_file,memory,MEMORY.md,False,
20260818-10:06:51_hardcap_libero_spatial_task_t9_s1_r1,hardcap,9,1,1,list_dir,other,memory,False,
20260818-10:06:51_hardcap_libero_spatial_task_t9_s1_r1,hardcap,9,1,2,list_dir,other,memory,False,
20260818-10:06:51_hardcap_libero_spatial_task_t9_s1_r1,hardcap,9,1,4,read_text_file,guides,strict_hybrid_guide.md,False,
20260818-10:06:51_hardcap_libero_spatial_task_t9_s1_r1,hardcap,9,1,5,read_text_file,guides,pro_hybrid_guide.md,False,
20260818-10:06:51_hardcap_libero_spatial_task_t9_s1_r1,hardcap,9,1,6,read_text_file,guides,env_calibration.md,False,
20260818-10:06:51_hardcap_libero_spatial_task_t9_s1_r1,hardcap,9,1,8,list_dir,prior_results,results_spatial_pert,False,
20260818-10:06:51_hardcap_libero_spatial_task_t9_s1_r1,hardcap,9,1,9,read_text_file,prior_results,spatial_t9_s0.json,False,
20260818-10:06:51_hardcap_libero_spatial_task_t9_s2_r2,hardcap,9,2,1,read_text_file,memory,MEMORY.md,False,
20260818-10:06:51_hardcap_libero_spatial_task_t9_s2_r2,hardcap,9,2,1,read_text_file,guides,strict_hybrid_guide.md,False,
20260818-10:06:51_hardcap_libero_spatial_task_t9_s2_r2,hardcap,9,2,1,read_text_file,guides,pro_hybrid_guide.md,False,
20260818-10:06:51_hardcap_libero_spatial_task_t9_s2_r2,hardcap,9,2,1,read_text_file,guides,env_calibration.md,False,
20260818-10:06:51_hardcap_libero_spatial_task_t9_s2_r2,hardcap,9,2,2,read_text_file,guides,strict_hybrid_guide.md,False,
20260818-10:06:51_hardcap_libero_spatial_task_t9_s2_r2,hardcap,9,2,3,read_text_file,guides,pro_hybrid_guide.md,False,
20260818-10:06:51_hardcap_libero_spatial_task_t9_s2_r2,hardcap,9,2,4,read_text_file,guides,env_calibration.md,False,
20260818-10:06:51_hardcap_libero_spatial_task_t9_s2_r2,hardcap,9,2,5,list_dir,prior_results,results_spatial_pert,False,
20260818-10:06:51_hardcap_libero_spatial_task_t9_s2_r2,hardcap,9,2,6,read_text_file,prior_results,spatial_t9_s0.json,False,
20260818-10:06:51_hardcap_libero_spatial_task_t9_s2_r2,hardcap,9,2,7,read_text_file,prior_results,recipe_spatial_t9_s0.jsonl,False,
20260818-10:06:51_hardcap_libero_spatial_task_t9_s1_r3,hardcap,9,1,1,read_text_file,memory,MEMORY.md,False,
20260818-10:06:51_hardcap_libero_spatial_task_t9_s1_r3,hardcap,9,1,1,read_text_file,guides,strict_hybrid_guide.md,False,
20260818-10:06:51_hardcap_libero_spatial_task_t9_s1_r3,hardcap,9,1,1,read_text_file,guides,pro_hybrid_guide.md,False,
20260818-10:06:51_hardcap_libero_spatial_task_t9_s1_r3,hardcap,9,1,2,read_text_file,guides,strict_hybrid_guide.md,False,
20260818-10:06:51_hardcap_libero_spatial_task_t9_s1_r3,hardcap,9,1,3,read_text_file,guides,pro_hybrid_guide.md,False,
20260818-10:06:51_hardcap_libero_spatial_task_t9_s1_r3,hardcap,9,1,3,read_text_file,guides,env_calibration.md,False,
20260818-10:06:51_hardcap_libero_spatial_task_t9_s1_r3,hardcap,9,1,4,read_text_file,guides,pro_hybrid_guide.md,False,
20260818-10:06:51_hardcap_libero_spatial_task_t9_s1_r3,hardcap,9,1,6,list_dir,prior_results,results_spatial_pert,False,
20260818-10:06:51_hardcap_libero_spatial_task_t9_s1_r3,hardcap,9,1,7,read_text_file,prior_results,spatial_t9_s0.json,False,
20260818-10:06:51_hardcap_libero_spatial_task_t9_s1_r3,hardcap,9,1,7,read_text_file,prior_results,recipe_spatial_t9_s0.jsonl,False,
20260818-10:06:51_hardcap_libero_spatial_task_t9_s1_r3,hardcap,9,1,8,read_text_file,prior_results,recipe_spatial_t9_s0.jsonl,False,
20260818-10:06:51_hardcap_libero_spatial_task_t9_s3_r1,hardcap,9,3,1,read_text_file,memory,MEMORY.md,True,
20260818-10:06:51_hardcap_libero_spatial_task_t9_s3_r1,hardcap,9,3,1,list_dir,memory,,True,
20260818-10:06:51_hardcap_libero_spatial_task_t9_s3_r1,hardcap,9,3,2,list_dir,memory,,True,
20260818-10:06:51_hardcap_libero_spatial_task_t9_s3_r1,hardcap,9,3,2,read_text_file,guides,strict_hybrid_guide.md,True,
20260818-10:06:51_hardcap_libero_spatial_task_t9_s3_r1,hardcap,9,3,3,read_text_file,guides,pro_hybrid_guide.md,True,
20260818-10:06:51_hardcap_libero_spatial_task_t9_s3_r1,hardcap,9,3,3,read_text_file,guides,env_calibration.md,True,
20260818-10:06:51_hardcap_libero_spatial_task_t9_s3_r1,hardcap,9,3,4,read_text_file,guides,env_calibration.md,True,
20260818-10:06:51_hardcap_libero_spatial_task_t9_s3_r1,hardcap,9,3,5,list_dir,prior_results,,True,
20260818-10:06:51_hardcap_libero_spatial_task_t9_s3_r1,hardcap,9,3,6,list_dir,prior_results,,True,
20260818-10:06:51_hardcap_libero_spatial_task_t9_s3_r1,hardcap,9,3,7,read_text_file,prior_results,spatial_t9_s0.json,True,
20260818-10:06:51_hardcap_libero_spatial_task_t9_s3_r1,hardcap,9,3,7,read_text_file,prior_results,recipe_spatial_t9_s0.jsonl,True,
20260818-10:06:51_hardcap_libero_spatial_task_t9_s3_r1,hardcap,9,3,8,read_text_file,prior_results,recipe_spatial_t9_s0.jsonl,True,
20260818-10:06:51_hardcap_libero_spatial_task_t9_s3_r2,hardcap,9,3,1,read_text_file,memory,MEMORY.md,False,
20260818-10:06:51_hardcap_libero_spatial_task_t9_s3_r2,hardcap,9,3,1,read_text_file,guides,strict_hybrid_guide.md,False,
20260818-10:06:51_hardcap_libero_spatial_task_t9_s3_r2,hardcap,9,3,1,read_text_file,guides,pro_hybrid_guide.md,False,
20260818-10:06:51_hardcap_libero_spatial_task_t9_s3_r2,hardcap,9,3,1,read_text_file,guides,env_calibration.md,False,
20260818-10:06:51_hardcap_libero_spatial_task_t9_s3_r2,hardcap,9,3,2,read_text_file,guides,strict_hybrid_guide.md,False,
20260818-10:06:51_hardcap_libero_spatial_task_t9_s3_r2,hardcap,9,3,3,read_text_file,guides,pro_hybrid_guide.md,False,
20260818-10:06:51_hardcap_libero_spatial_task_t9_s3_r2,hardcap,9,3,4,read_text_file,guides,env_calibration.md,False,
20260818-10:06:51_hardcap_libero_spatial_task_t9_s3_r2,hardcap,9,3,7,list_dir,prior_results,,False,
20260818-10:06:51_hardcap_libero_spatial_task_t9_s3_r2,hardcap,9,3,8,read_text_file,prior_results,spatial_t9_s0.json,False,
20260818-10:06:51_hardcap_libero_spatial_task_t9_s3_r2,hardcap,9,3,9,read_text_file,prior_results,recipe_spatial_t9_s0.jsonl,False,
20260818-10:06:51_hardcap_libero_spatial_task_t9_s2_r3,hardcap,9,2,1,read_text_file,memory,MEMORY.md,False,
20260818-10:06:51_hardcap_libero_spatial_task_t9_s2_r3,hardcap,9,2,1,read_text_file,guides,strict_hybrid_guide.md,False,
20260818-10:06:51_hardcap_libero_spatial_task_t9_s2_r3,hardcap,9,2,2,read_text_file,guides,strict_hybrid_guide.md,False,
20260818-10:06:51_hardcap_libero_spatial_task_t9_s2_r3,hardcap,9,2,3,read_text_file,guides,pro_hybrid_guide.md,False,
20260818-10:06:51_hardcap_libero_spatial_task_t9_s2_r3,hardcap,9,2,4,read_text_file,guides,env_calibration.md,False,
20260818-10:06:51_hardcap_libero_spatial_task_t9_s2_r3,hardcap,9,2,7,list_dir,prior_results,results_spatial_pert,False,
20260818-10:06:51_hardcap_libero_spatial_task_t9_s2_r3,hardcap,9,2,8,read_text_file,prior_results,spatial_t9_s0.json,False,
20260818-10:06:51_hardcap_libero_spatial_task_t9_s2_r3,hardcap,9,2,9,read_text_file,prior_results,transcript_spatial_t9_s0.json,False,
20260818-10:06:51_hardcap_libero_spatial_task_t9_s2_r1,hardcap,9,2,1,read_text_file,memory,MEMORY.md,False,
20260818-10:06:51_hardcap_libero_spatial_task_t9_s2_r1,hardcap,9,2,1,read_text_file,guides,strict_hybrid_guide.md,False,
20260818-10:06:51_hardcap_libero_spatial_task_t9_s2_r1,hardcap,9,2,1,read_text_file,guides,pro_hybrid_guide.md,False,
20260818-10:06:51_hardcap_libero_spatial_task_t9_s2_r1,hardcap,9,2,3,read_text_file,guides,strict_hybrid_guide.md,False,
20260818-10:06:51_hardcap_libero_spatial_task_t9_s2_r1,hardcap,9,2,4,read_text_file,guides,pro_hybrid_guide.md,False,
20260818-10:06:51_hardcap_libero_spatial_task_t9_s2_r1,hardcap,9,2,5,read_text_file,guides,env_calibration.md,False,
20260818-10:06:51_hardcap_libero_spatial_task_t9_s2_r1,hardcap,9,2,6,list_dir,other,memory,False,
20260818-10:06:51_hardcap_libero_spatial_task_t9_s2_r1,hardcap,9,2,7,list_dir,prior_results,results_spatial_pert,False,
20260818-10:06:51_hardcap_libero_spatial_task_t9_s2_r1,hardcap,9,2,8,read_text_file,prior_results,spatial_t9_s0.json,False,
20260818-10:06:51_hardcap_libero_spatial_task_t9_s2_r1,hardcap,9,2,9,read_text_file,prior_results,recipe_spatial_t9_s0.jsonl,False,
20260818-10:06:51_hardcap_libero_spatial_task_t9_s1_r2,hardcap,9,1,1,read_text_file,memory,MEMORY.md,False,
20260818-10:06:51_hardcap_libero_spatial_task_t9_s1_r2,hardcap,9,1,1,read_text_file,guides,strict_hybrid_guide.md,False,
20260818-10:06:51_hardcap_libero_spatial_task_t9_s1_r2,hardcap,9,1,1,read_text_file,guides,pro_hybrid_guide.md,False,
20260818-10:06:51_hardcap_libero_spatial_task_t9_s1_r2,hardcap,9,1,1,read_text_file,guides,env_calibration.md,False,
20260818-10:06:51_hardcap_libero_spatial_task_t9_s1_r2,hardcap,9,1,2,read_text_file,guides,strict_hybrid_guide.md,False,
20260818-10:06:51_hardcap_libero_spatial_task_t9_s1_r2,hardcap,9,1,3,read_text_file,guides,pro_hybrid_guide.md,False,
20260818-10:06:51_hardcap_libero_spatial_task_t9_s1_r2,hardcap,9,1,4,read_text_file,guides,env_calibration.md,False,
20260818-10:06:51_hardcap_libero_spatial_task_t9_s1_r2,hardcap,9,1,6,list_dir,prior_results,results_spatial_pert,False,
20260818-10:06:51_hardcap_libero_spatial_task_t9_s1_r2,hardcap,9,1,6,list_dir,other,memory,False,
20260818-10:06:51_hardcap_libero_spatial_task_t9_s1_r2,hardcap,9,1,7,read_text_file,prior_results,spatial_t9_s0.json,False,
20260818-10:06:51_hardcap_libero_spatial_task_t9_s1_r2,hardcap,9,1,7,list_dir,other,memory,False,
20260818-10:06:51_hardcap_libero_spatial_task_t9_s1_r2,hardcap,9,1,8,list_dir,other,memory,False,
20260818-10:15:13_hardcap_libero_spatial_task_t9_s3_r3,hardcap,9,3,1,read_text_file,memory,MEMORY.md,False,
20260818-10:15:13_hardcap_libero_spatial_task_t9_s3_r3,hardcap,9,3,1,list_dir,memory,,False,
20260818-10:15:13_hardcap_libero_spatial_task_t9_s3_r3,hardcap,9,3,2,list_dir,other,libero,False,
20260818-10:15:13_hardcap_libero_spatial_task_t9_s3_r3,hardcap,9,3,4,list_dir,prior_results,results_spatial_task_pert,False,
20260818-10:15:13_hardcap_libero_spatial_task_t9_s3_r3,hardcap,9,3,5,list_dir,prior_results,results_spatial_pert,False,
20260818-10:15:13_hardcap_libero_spatial_task_t9_s3_r3,hardcap,9,3,6,read_text_file,prior_results,spatial_t9_s0.json,False,
20260818-10:15:13_hardcap_libero_spatial_task_t9_s3_r3,hardcap,9,3,7,read_text_file,guides,strict_hybrid_guide.md,False,
20260818-10:15:13_hardcap_libero_spatial_task_t9_s3_r3,hardcap,9,3,8,read_text_file,guides,pro_hybrid_guide.md,False,
20260818-10:15:13_hardcap_libero_spatial_task_t9_s3_r3,hardcap,9,3,9,read_text_file,guides,env_calibration.md,False,
20260818-10:15:25_hardcap_libero_spatial_task_t9_s4_r1,hardcap,9,4,1,read_text_file,memory,MEMORY.md,False,
20260818-10:15:25_hardcap_libero_spatial_task_t9_s4_r1,hardcap,9,4,2,read_text_file,guides,strict_hybrid_guide.md,False,
20260818-10:15:25_hardcap_libero_spatial_task_t9_s4_r1,hardcap,9,4,2,read_text_file,guides,pro_hybrid_guide.md,False,
20260818-10:15:25_hardcap_libero_spatial_task_t9_s4_r1,hardcap,9,4,3,read_text_file,guides,env_calibration.md,False,
20260818-10:15:25_hardcap_libero_spatial_task_t9_s4_r1,hardcap,9,4,4,list_dir,prior_results,results_spatial_pert,False,
20260818-10:15:25_hardcap_libero_spatial_task_t9_s4_r1,hardcap,9,4,5,read_text_file,prior_results,spatial_t9_s0.json,False,
20260818-10:15:25_hardcap_libero_spatial_task_t9_s4_r1,hardcap,9,4,6,read_text_file,prior_results,recipe_spatial_t9_s0.jsonl,False,
20260818-10:15:36_hardcap_libero_spatial_task_t9_s4_r2,hardcap,9,4,1,read_text_file,memory,MEMORY.md,False,
20260818-10:15:36_hardcap_libero_spatial_task_t9_s4_r2,hardcap,9,4,1,read_text_file,guides,strict_hybrid_guide.md,False,
20260818-10:15:36_hardcap_libero_spatial_task_t9_s4_r2,hardcap,9,4,2,read_text_file,guides,strict_hybrid_guide.md,False,
20260818-10:15:36_hardcap_libero_spatial_task_t9_s4_r2,hardcap,9,4,2,read_text_file,guides,pro_hybrid_guide.md,False,
20260818-10:15:36_hardcap_libero_spatial_task_t9_s4_r2,hardcap,9,4,3,read_text_file,guides,pro_hybrid_guide.md,False,
20260818-10:15:36_hardcap_libero_spatial_task_t9_s4_r2,hardcap,9,4,4,read_text_file,guides,env_calibration.md,False,
20260818-10:15:36_hardcap_libero_spatial_task_t9_s4_r2,hardcap,9,4,4,list_dir,other,memory,False,
20260818-10:15:36_hardcap_libero_spatial_task_t9_s4_r2,hardcap,9,4,5,list_dir,other,memory,False,
20260818-10:15:36_hardcap_libero_spatial_task_t9_s4_r2,hardcap,9,4,6,list_dir,prior_results,results_spatial_pert,False,
20260818-10:15:36_hardcap_libero_spatial_task_t9_s4_r2,hardcap,9,4,7,read_text_file,prior_results,spatial_t9_s0.json,False,
20260818-10:15:36_hardcap_libero_spatial_task_t9_s4_r2,hardcap,9,4,8,read_text_file,prior_results,recipe_spatial_t9_s0.jsonl,False,
20260818-10:19:49_hardcap_libero_spatial_task_t9_s6_r1,hardcap,9,6,1,read_text_file,memory,MEMORY.md,False,
20260818-10:19:49_hardcap_libero_spatial_task_t9_s6_r1,hardcap,9,6,1,list_dir,memory,,False,
20260818-10:19:49_hardcap_libero_spatial_task_t9_s6_r1,hardcap,9,6,2,read_text_file,guides,strict_hybrid_guide.md,False,
20260818-10:19:49_hardcap_libero_spatial_task_t9_s6_r1,hardcap,9,6,2,read_text_file,guides,pro_hybrid_guide.md,False,
20260818-10:19:49_hardcap_libero_spatial_task_t9_s6_r1,hardcap,9,6,3,read_text_file,guides,strict_hybrid_guide.md,False,
20260818-10:19:49_hardcap_libero_spatial_task_t9_s6_r1,hardcap,9,6,4,read_text_file,guides,env_calibration.md,False,
20260818-10:19:49_hardcap_libero_spatial_task_t9_s6_r1,hardcap,9,6,5,list_dir,prior_results,,False,
20260818-10:19:49_hardcap_libero_spatial_task_t9_s6_r1,hardcap,9,6,7,read_text_file,prior_results,spatial_t9_s0.json,False,
20260818-10:19:49_hardcap_libero_spatial_task_t9_s6_r1,hardcap,9,6,7,read_text_file,prior_results,recipe_spatial_t9_s0.jsonl,False,
20260818-10:19:49_hardcap_libero_spatial_task_t9_s6_r1,hardcap,9,6,8,read_text_file,prior_results,recipe_spatial_t9_s0.jsonl,False,
20260818-10:17:46_hardcap_libero_spatial_task_t9_s4_r3,hardcap,9,4,1,read_text_file,memory,MEMORY.md,False,
20260818-10:17:46_hardcap_libero_spatial_task_t9_s4_r3,hardcap,9,4,1,list_dir,memory,,False,
20260818-10:17:46_hardcap_libero_spatial_task_t9_s4_r3,hardcap,9,4,2,list_dir,memory,,False,
20260818-10:17:46_hardcap_libero_spatial_task_t9_s4_r3,hardcap,9,4,3,read_text_file,guides,strict_hybrid_guide.md,False,
20260818-10:17:46_hardcap_libero_spatial_task_t9_s4_r3,hardcap,9,4,4,read_text_file,guides,pro_hybrid_guide.md,False,
20260818-10:17:46_hardcap_libero_spatial_task_t9_s4_r3,hardcap,9,4,5,read_text_file,guides,env_calibration.md,False,
20260818-10:19:24_hardcap_libero_spatial_task_t9_s5_r2,hardcap,9,5,1,read_text_file,memory,MEMORY.md,False,
20260818-10:19:24_hardcap_libero_spatial_task_t9_s5_r2,hardcap,9,5,1,read_text_file,guides,strict_hybrid_guide.md,False,
20260818-10:19:24_hardcap_libero_spatial_task_t9_s5_r2,hardcap,9,5,3,read_text_file,guides,strict_hybrid_guide.md,False,
20260818-10:19:24_hardcap_libero_spatial_task_t9_s5_r2,hardcap,9,5,4,read_text_file,guides,pro_hybrid_guide.md,False,
20260818-10:19:24_hardcap_libero_spatial_task_t9_s5_r2,hardcap,9,5,5,list_dir,memory,,False,
20260818-10:19:24_hardcap_libero_spatial_task_t9_s5_r2,hardcap,9,5,6,list_dir,prior_results,,False,
20260818-10:19:24_hardcap_libero_spatial_task_t9_s5_r2,hardcap,9,5,7,read_text_file,prior_results,spatial_t9_s0.json,False,
20260818-10:19:24_hardcap_libero_spatial_task_t9_s5_r2,hardcap,9,5,9,read_text_file,guides,env_calibration.md,False,
20260818-10:19:24_hardcap_libero_spatial_task_t9_s5_r2,hardcap,9,5,15,read_text_file,prior_results,transcript_spatial_t9_s0.json,False,
20260818-10:18:53_hardcap_libero_spatial_task_t9_s5_r1,hardcap,9,5,1,read_text_file,memory,MEMORY.md,False,
20260818-10:18:53_hardcap_libero_spatial_task_t9_s5_r1,hardcap,9,5,1,read_text_file,guides,strict_hybrid_guide.md,False,
20260818-10:18:53_hardcap_libero_spatial_task_t9_s5_r1,hardcap,9,5,1,read_text_file,guides,pro_hybrid_guide.md,False,
20260818-10:18:53_hardcap_libero_spatial_task_t9_s5_r1,hardcap,9,5,4,read_text_file,guides,strict_hybrid_guide.md,False,
20260818-10:18:53_hardcap_libero_spatial_task_t9_s5_r1,hardcap,9,5,5,read_text_file,guides,pro_hybrid_guide.md,False,
20260818-10:18:53_hardcap_libero_spatial_task_t9_s5_r1,hardcap,9,5,6,read_text_file,guides,env_calibration.md,False,
20260818-10:18:53_hardcap_libero_spatial_task_t9_s5_r1,hardcap,9,5,7,list_dir,prior_results,results_spatial_pert,False,
20260818-10:18:53_hardcap_libero_spatial_task_t9_s5_r1,hardcap,9,5,8,read_text_file,prior_results,spatial_t9_s0.json,False,
20260818-10:18:53_hardcap_libero_spatial_task_t9_s5_r1,hardcap,9,5,9,read_text_file,prior_results,recipe_spatial_t9_s0.jsonl,False,
20260818-10:18:53_hardcap_libero_spatial_task_t9_s5_r1,hardcap,9,5,10,list_dir,other,memory,False,
20260818-10:19:45_hardcap_libero_spatial_task_t9_s5_r3,hardcap,9,5,1,read_text_file,memory,MEMORY.md,False,
20260818-10:19:45_hardcap_libero_spatial_task_t9_s5_r3,hardcap,9,5,1,read_text_file,guides,strict_hybrid_guide.md,False,
20260818-10:19:45_hardcap_libero_spatial_task_t9_s5_r3,hardcap,9,5,2,read_text_file,guides,strict_hybrid_guide.md,False,
20260818-10:19:45_hardcap_libero_spatial_task_t9_s5_r3,hardcap,9,5,4,list_dir,memory,,False,
20260818-10:19:45_hardcap_libero_spatial_task_t9_s5_r3,hardcap,9,5,5,read_text_file,guides,pro_hybrid_guide.md,False,
20260818-10:19:45_hardcap_libero_spatial_task_t9_s5_r3,hardcap,9,5,5,list_dir,prior_results,,False,
20260818-10:19:45_hardcap_libero_spatial_task_t9_s5_r3,hardcap,9,5,7,list_dir,prior_results,,False,
20260818-10:19:45_hardcap_libero_spatial_task_t9_s5_r3,hardcap,9,5,8,read_text_file,prior_results,spatial_t9_s0.json,False,
20260818-10:19:45_hardcap_libero_spatial_task_t9_s5_r3,hardcap,9,5,9,read_text_file,prior_results,recipe_spatial_t9_s0.jsonl,False,
20260818-10:24:06_hardcap_libero_spatial_task_t9_s6_r3,hardcap,9,6,1,read_text_file,memory,MEMORY.md,True,
20260818-10:24:06_hardcap_libero_spatial_task_t9_s6_r3,hardcap,9,6,2,list_dir,other,memory,True,
20260818-10:24:06_hardcap_libero_spatial_task_t9_s6_r3,hardcap,9,6,3,read_text_file,guides,strict_hybrid_guide.md,True,
20260818-10:24:06_hardcap_libero_spatial_task_t9_s6_r3,hardcap,9,6,3,read_text_file,guides,pro_hybrid_guide.md,True,
20260818-10:24:06_hardcap_libero_spatial_task_t9_s6_r3,hardcap,9,6,4,read_text_file,guides,pro_hybrid_guide.md,True,
20260818-10:24:06_hardcap_libero_spatial_task_t9_s6_r3,hardcap,9,6,5,read_text_file,guides,env_calibration.md,True,
20260818-10:24:06_hardcap_libero_spatial_task_t9_s6_r3,hardcap,9,6,6,list_dir,prior_results,results_spatial_pert,True,
20260818-10:24:06_hardcap_libero_spatial_task_t9_s6_r3,hardcap,9,6,7,read_text_file,prior_results,spatial_t9_s0.json,True,
20260818-10:24:06_hardcap_libero_spatial_task_t9_s6_r3,hardcap,9,6,8,read_text_file,prior_results,recipe_spatial_t9_s0.jsonl,True,
20260818-10:27:39_hardcap_libero_spatial_task_t9_s7_r3,hardcap,9,7,1,read_text_file,memory,MEMORY.md,True,
20260818-10:27:39_hardcap_libero_spatial_task_t9_s7_r3,hardcap,9,7,1,list_dir,other,libero,True,
20260818-10:27:39_hardcap_libero_spatial_task_t9_s7_r3,hardcap,9,7,3,list_dir,other,libero,True,
20260818-10:27:39_hardcap_libero_spatial_task_t9_s7_r3,hardcap,9,7,4,list_dir,prior_results,results_spatial_task_pert,True,
20260818-10:27:39_hardcap_libero_spatial_task_t9_s7_r3,hardcap,9,7,5,list_dir,prior_results,results_spatial_pert,True,
20260818-10:27:39_hardcap_libero_spatial_task_t9_s7_r3,hardcap,9,7,6,read_text_file,prior_results,spatial_t9_s0.json,True,
20260818-10:27:39_hardcap_libero_spatial_task_t9_s7_r3,hardcap,9,7,7,read_text_file,prior_results,recipe_spatial_t9_s0.jsonl,True,
20260818-10:27:39_hardcap_libero_spatial_task_t9_s7_r3,hardcap,9,7,8,read_text_file,guides,strict_hybrid_guide.md,True,
20260818-10:27:39_hardcap_libero_spatial_task_t9_s7_r3,hardcap,9,7,9,read_text_file,guides,pro_hybrid_guide.md,True,
20260818-10:27:39_hardcap_libero_spatial_task_t9_s7_r3,hardcap,9,7,10,read_text_file,guides,env_calibration.md,True,
20260818-10:27:39_hardcap_libero_spatial_task_t9_s7_r3,hardcap,9,7,11,list_dir,other,memory,True,
20260818-10:27:39_hardcap_libero_spatial_task_t9_s7_r3,hardcap,9,7,12,read_text_file,prior_results,spatial_task_t7_s0.json,True,
20260818-10:27:39_hardcap_libero_spatial_task_t9_s7_r3,hardcap,9,7,13,read_text_file,prior_results,spatial_task_t3_s0.json,True,
20260818-10:27:39_hardcap_libero_spatial_task_t9_s7_r3,hardcap,9,7,14,read_text_file,prior_results,spatial_t7_s0.json,True,
20260818-10:26:25_hardcap_libero_spatial_task_t9_s7_r1,hardcap,9,7,1,read_text_file,memory,MEMORY.md,True,
20260818-10:26:25_hardcap_libero_spatial_task_t9_s7_r1,hardcap,9,7,1,read_text_file,guides,strict_hybrid_guide.md,True,
20260818-10:26:25_hardcap_libero_spatial_task_t9_s7_r1,hardcap,9,7,2,read_text_file,guides,strict_hybrid_guide.md,True,
20260818-10:26:25_hardcap_libero_spatial_task_t9_s7_r1,hardcap,9,7,2,read_text_file,guides,pro_hybrid_guide.md,True,
20260818-10:26:25_hardcap_libero_spatial_task_t9_s7_r1,hardcap,9,7,3,read_text_file,guides,pro_hybrid_guide.md,True,
20260818-10:26:25_hardcap_libero_spatial_task_t9_s7_r1,hardcap,9,7,4,read_text_file,guides,env_calibration.md,True,
20260818-10:26:25_hardcap_libero_spatial_task_t9_s7_r1,hardcap,9,7,6,list_dir,prior_results,,True,
20260818-10:26:25_hardcap_libero_spatial_task_t9_s7_r1,hardcap,9,7,7,read_text_file,prior_results,spatial_t9_s0.json,True,
20260818-10:26:25_hardcap_libero_spatial_task_t9_s7_r1,hardcap,9,7,7,read_text_file,prior_results,recipe_spatial_t9_s0.jsonl,True,
20260818-10:26:25_hardcap_libero_spatial_task_t9_s7_r1,hardcap,9,7,8,read_text_file,prior_results,recipe_spatial_t9_s0.jsonl,True,
20260818-10:26:25_hardcap_libero_spatial_task_t9_s7_r1,hardcap,9,7,8,list_dir,memory,,True,
20260818-10:26:25_hardcap_libero_spatial_task_t9_s7_r1,hardcap,9,7,9,read_text_file,prior_results,recipe_spatial_t9_s0.jsonl,True,
20260818-10:24:01_hardcap_libero_spatial_task_t9_s6_r2,hardcap,9,6,1,read_text_file,memory,MEMORY.md,False,
20260818-10:24:01_hardcap_libero_spatial_task_t9_s6_r2,hardcap,9,6,2,list_dir,other,memory,False,
20260818-10:24:01_hardcap_libero_spatial_task_t9_s6_r2,hardcap,9,6,2,read_text_file,guides,strict_hybrid_guide.md,False,
20260818-10:24:01_hardcap_libero_spatial_task_t9_s6_r2,hardcap,9,6,4,list_dir,other,memory,False,
20260818-10:24:01_hardcap_libero_spatial_task_t9_s6_r2,hardcap,9,6,5,list_dir,prior_results,results_spatial_pert,False,
20260818-10:24:01_hardcap_libero_spatial_task_t9_s6_r2,hardcap,9,6,6,read_text_file,prior_results,spatial_t9_s0.json,False,
20260818-10:24:01_hardcap_libero_spatial_task_t9_s6_r2,hardcap,9,6,7,read_text_file,prior_results,recipe_spatial_t9_s0.jsonl,False,
20260818-10:24:01_hardcap_libero_spatial_task_t9_s6_r2,hardcap,9,6,8,read_text_file,guides,pro_hybrid_guide.md,False,
20260818-10:24:01_hardcap_libero_spatial_task_t9_s6_r2,hardcap,9,6,13,read_text_file,guides,env_calibration.md,False,
20260818-10:29:41_hardcap_libero_spatial_task_t9_s8_r1,hardcap,9,8,1,read_text_file,memory,MEMORY.md,True,
20260818-10:29:41_hardcap_libero_spatial_task_t9_s8_r1,hardcap,9,8,2,read_text_file,guides,strict_hybrid_guide.md,True,
20260818-10:29:41_hardcap_libero_spatial_task_t9_s8_r1,hardcap,9,8,2,read_text_file,guides,pro_hybrid_guide.md,True,
20260818-10:29:41_hardcap_libero_spatial_task_t9_s8_r1,hardcap,9,8,2,read_text_file,guides,env_calibration.md,True,
20260818-10:29:41_hardcap_libero_spatial_task_t9_s8_r1,hardcap,9,8,3,read_text_file,guides,pro_hybrid_guide.md,True,
20260818-10:29:41_hardcap_libero_spatial_task_t9_s8_r1,hardcap,9,8,4,read_text_file,guides,env_calibration.md,True,
20260818-10:29:41_hardcap_libero_spatial_task_t9_s8_r1,hardcap,9,8,6,list_dir,prior_results,results_spatial_pert,True,
20260818-10:29:41_hardcap_libero_spatial_task_t9_s8_r1,hardcap,9,8,6,list_dir,other,memory,True,
20260818-10:29:41_hardcap_libero_spatial_task_t9_s8_r1,hardcap,9,8,7,read_text_file,prior_results,spatial_t9_s0.json,True,
20260818-10:29:41_hardcap_libero_spatial_task_t9_s8_r1,hardcap,9,8,8,read_text_file,prior_results,recipe_spatial_t9_s0.jsonl,True,
20260818-10:29:41_hardcap_libero_spatial_task_t9_s8_r1,hardcap,9,8,9,read_text_file,other,image_cam_hi_00.png,True,
20260818-10:27:11_hardcap_libero_spatial_task_t9_s7_r2,hardcap,9,7,1,read_text_file,memory,MEMORY.md,False,
20260818-10:27:11_hardcap_libero_spatial_task_t9_s7_r2,hardcap,9,7,1,read_text_file,guides,strict_hybrid_guide.md,False,
20260818-10:27:11_hardcap_libero_spatial_task_t9_s7_r2,hardcap,9,7,2,read_text_file,guides,strict_hybrid_guide.md,False,
20260818-10:27:11_hardcap_libero_spatial_task_t9_s7_r2,hardcap,9,7,2,list_dir,prior_results,results_spatial_pert,False,
20260818-10:29:57_hardcap_libero_spatial_task_t9_s8_r2,hardcap,9,8,1,read_text_file,memory,MEMORY.md,False,
20260818-10:29:57_hardcap_libero_spatial_task_t9_s8_r2,hardcap,9,8,1,read_text_file,guides,strict_hybrid_guide.md,False,
20260818-10:29:57_hardcap_libero_spatial_task_t9_s8_r2,hardcap,9,8,1,read_text_file,guides,pro_hybrid_guide.md,False,
20260818-10:29:57_hardcap_libero_spatial_task_t9_s8_r2,hardcap,9,8,1,read_text_file,guides,env_calibration.md,False,
20260818-10:29:57_hardcap_libero_spatial_task_t9_s8_r2,hardcap,9,8,1,list_dir,prior_results,results_spatial_pert,False,
20260818-10:29:57_hardcap_libero_spatial_task_t9_s8_r2,hardcap,9,8,2,read_text_file,guides,strict_hybrid_guide.md,False,
20260818-10:29:57_hardcap_libero_spatial_task_t9_s8_r2,hardcap,9,8,3,read_text_file,guides,pro_hybrid_guide.md,False,
20260818-10:29:57_hardcap_libero_spatial_task_t9_s8_r2,hardcap,9,8,4,read_text_file,guides,env_calibration.md,False,
20260818-10:29:57_hardcap_libero_spatial_task_t9_s8_r2,hardcap,9,8,6,list_dir,prior_results,results_spatial_pert,False,
20260818-10:29:57_hardcap_libero_spatial_task_t9_s8_r2,hardcap,9,8,7,read_text_file,prior_results,spatial_t9_s0.json,False,
20260818-10:29:57_hardcap_libero_spatial_task_t9_s8_r2,hardcap,9,8,8,read_text_file,prior_results,recipe_spatial_t9_s0.jsonl,False,
20260818-10:30:39_hardcap_libero_spatial_task_t9_s8_r3,hardcap,9,8,1,read_text_file,memory,MEMORY.md,False,
20260818-10:30:39_hardcap_libero_spatial_task_t9_s8_r3,hardcap,9,8,1,read_text_file,guides,strict_hybrid_guide.md,False,
20260818-10:30:39_hardcap_libero_spatial_task_t9_s8_r3,hardcap,9,8,2,read_text_file,guides,strict_hybrid_guide.md,False,
20260818-10:30:39_hardcap_libero_spatial_task_t9_s8_r3,hardcap,9,8,3,read_text_file,guides,pro_hybrid_guide.md,False,
20260818-10:30:39_hardcap_libero_spatial_task_t9_s8_r3,hardcap,9,8,4,read_text_file,guides,env_calibration.md,False,
20260818-10:30:39_hardcap_libero_spatial_task_t9_s8_r3,hardcap,9,8,5,list_dir,prior_results,results_spatial_pert,False,
20260818-10:30:39_hardcap_libero_spatial_task_t9_s8_r3,hardcap,9,8,6,read_text_file,prior_results,spatial_t9_s0.json,False,
20260818-10:30:39_hardcap_libero_spatial_task_t9_s8_r3,hardcap,9,8,7,read_text_file,prior_results,recipe_spatial_t9_s0.jsonl,False,
20260818-10:35:25_hardcap_libero_spatial_task_t9_s9_r2,hardcap,9,9,1,read_text_file,memory,MEMORY.md,True,
20260818-10:35:25_hardcap_libero_spatial_task_t9_s9_r2,hardcap,9,9,1,read_text_file,guides,strict_hybrid_guide.md,True,
20260818-10:35:25_hardcap_libero_spatial_task_t9_s9_r2,hardcap,9,9,6,list_dir,prior_results,results_spatial_pert,True,
20260818-10:35:25_hardcap_libero_spatial_task_t9_s9_r2,hardcap,9,9,7,list_dir,prior_results,results_spatial_pert,True,
20260818-10:35:25_hardcap_libero_spatial_task_t9_s9_r2,hardcap,9,9,8,list_dir,prior_results,results_spatial_pert,True,
20260818-10:35:25_hardcap_libero_spatial_task_t9_s9_r2,hardcap,9,9,9,read_text_file,prior_results,spatial_t9_s0.json,True,
20260818-10:33:23_hardcap_libero_spatial_task_t9_s9_r1,hardcap,9,9,1,read_text_file,memory,MEMORY.md,False,
20260818-10:33:23_hardcap_libero_spatial_task_t9_s9_r1,hardcap,9,9,3,read_text_file,guides,strict_hybrid_guide.md,False,
20260818-10:33:23_hardcap_libero_spatial_task_t9_s9_r1,hardcap,9,9,3,read_text_file,guides,pro_hybrid_guide.md,False,
20260818-10:33:23_hardcap_libero_spatial_task_t9_s9_r1,hardcap,9,9,3,read_text_file,guides,env_calibration.md,False,
20260818-10:33:23_hardcap_libero_spatial_task_t9_s9_r1,hardcap,9,9,4,read_text_file,guides,pro_hybrid_guide.md,False,
20260818-10:33:23_hardcap_libero_spatial_task_t9_s9_r1,hardcap,9,9,5,read_text_file,guides,env_calibration.md,False,
20260818-10:33:23_hardcap_libero_spatial_task_t9_s9_r1,hardcap,9,9,6,list_dir,prior_results,results_spatial_pert,False,
20260818-10:33:23_hardcap_libero_spatial_task_t9_s9_r1,hardcap,9,9,6,list_dir,other,memory,False,
20260818-10:33:23_hardcap_libero_spatial_task_t9_s9_r1,hardcap,9,9,7,read_text_file,prior_results,spatial_t9_s0.json,False,
20260818-10:33:23_hardcap_libero_spatial_task_t9_s9_r1,hardcap,9,9,8,read_text_file,prior_results,recipe_spatial_t9_s0.jsonl,False,
20260818-10:38:24_hardcap_libero_spatial_task_t9_s10_r2,hardcap,9,10,1,read_text_file,memory,MEMORY.md,True,
20260818-10:38:24_hardcap_libero_spatial_task_t9_s10_r2,hardcap,9,10,2,list_dir,memory,,True,
20260818-10:38:24_hardcap_libero_spatial_task_t9_s10_r2,hardcap,9,10,3,list_dir,memory,,True,
20260818-10:37:13_hardcap_libero_spatial_task_t9_s10_r1,hardcap,9,10,1,read_text_file,memory,MEMORY.md,False,
20260818-10:37:13_hardcap_libero_spatial_task_t9_s10_r1,hardcap,9,10,2,read_text_file,guides,strict_hybrid_guide.md,False,
20260818-10:37:13_hardcap_libero_spatial_task_t9_s10_r1,hardcap,9,10,2,read_text_file,guides,pro_hybrid_guide.md,False,
20260818-10:37:13_hardcap_libero_spatial_task_t9_s10_r1,hardcap,9,10,2,read_text_file,guides,env_calibration.md,False,
20260818-10:37:13_hardcap_libero_spatial_task_t9_s10_r1,hardcap,9,10,3,read_text_file,guides,pro_hybrid_guide.md,False,
20260818-10:37:13_hardcap_libero_spatial_task_t9_s10_r1,hardcap,9,10,4,read_text_file,guides,env_calibration.md,False,
20260818-10:37:13_hardcap_libero_spatial_task_t9_s10_r1,hardcap,9,10,6,list_dir,prior_results,results_spatial_pert,False,
20260818-10:37:13_hardcap_libero_spatial_task_t9_s10_r1,hardcap,9,10,7,read_text_file,prior_results,spatial_t9_s0.json,False,
20260818-10:37:13_hardcap_libero_spatial_task_t9_s10_r1,hardcap,9,10,8,list_dir,other,memory,False,
20260818-10:35:50_hardcap_libero_spatial_task_t9_s9_r3,hardcap,9,9,1,read_text_file,memory,MEMORY.md,False,
20260818-10:35:50_hardcap_libero_spatial_task_t9_s9_r3,hardcap,9,9,1,list_dir,prior_results,results_spatial_pert,False,
20260818-10:35:50_hardcap_libero_spatial_task_t9_s9_r3,hardcap,9,9,2,list_dir,prior_results,results_spatial_pert,False,
20260818-10:35:50_hardcap_libero_spatial_task_t9_s9_r3,hardcap,9,9,2,list_dir,other,memory,False,
20260818-10:35:50_hardcap_libero_spatial_task_t9_s9_r3,hardcap,9,9,3,read_text_file,prior_results,spatial_t9_s0.json,False,
20260818-10:35:50_hardcap_libero_spatial_task_t9_s9_r3,hardcap,9,9,3,list_dir,other,memory,False,
20260818-10:35:50_hardcap_libero_spatial_task_t9_s9_r3,hardcap,9,9,4,read_text_file,prior_results,recipe_spatial_t9_s0.jsonl,False,
20260818-10:35:50_hardcap_libero_spatial_task_t9_s9_r3,hardcap,9,9,5,read_text_file,guides,strict_hybrid_guide.md,False,
20260818-10:35:50_hardcap_libero_spatial_task_t9_s9_r3,hardcap,9,9,6,read_text_file,guides,pro_hybrid_guide.md,False,
20260818-10:35:50_hardcap_libero_spatial_task_t9_s9_r3,hardcap,9,9,7,read_text_file,guides,env_calibration.md,False,
20260818-10:39:25_hardcap_libero_spatial_task_t9_s10_r3,hardcap,9,10,1,read_text_file,memory,MEMORY.md,False,
20260818-10:39:25_hardcap_libero_spatial_task_t9_s10_r3,hardcap,9,10,1,list_dir,other,memory,False,
20260818-10:39:25_hardcap_libero_spatial_task_t9_s10_r3,hardcap,9,10,2,list_dir,other,memory,False,
20260818-10:39:25_hardcap_libero_spatial_task_t9_s10_r3,hardcap,9,10,3,read_text_file,guides,strict_hybrid_guide.md,False,
20260818-10:39:25_hardcap_libero_spatial_task_t9_s10_r3,hardcap,9,10,4,read_text_file,guides,pro_hybrid_guide.md,False,
20260818-10:39:25_hardcap_libero_spatial_task_t9_s10_r3,hardcap,9,10,5,read_text_file,guides,env_calibration.md,False,
20260818-10:39:25_hardcap_libero_spatial_task_t9_s10_r3,hardcap,9,10,6,list_dir,prior_results,results_spatial_pert,False,
20260818-10:39:25_hardcap_libero_spatial_task_t9_s10_r3,hardcap,9,10,7,read_text_file,prior_results,spatial_t9_s0.json,False,
20260818-10:39:25_hardcap_libero_spatial_task_t9_s10_r3,hardcap,9,10,8,read_text_file,prior_results,recipe_spatial_t9_s0.jsonl,False,
20260812-23:39:42_libero_spatial_task_t0_s1,baseline,0,1,1,read_text_file,memory,MEMORY.md,False,
20260812-23:39:42_libero_spatial_task_t0_s1,baseline,0,1,1,read_text_file,guides,strict_hybrid_guide.md,False,
20260812-23:39:42_libero_spatial_task_t0_s1,baseline,0,1,2,read_text_file,guides,strict_hybrid_guide.md,False,
20260812-23:39:42_libero_spatial_task_t0_s1,baseline,0,1,5,list_dir,prior_results,results_spatial_pert,False,
20260812-23:39:42_libero_spatial_task_t0_s1,baseline,0,1,9,list_dir,prior_results,results_spatial_pert,False,
20260812-23:39:42_libero_spatial_task_t0_s1,baseline,0,1,10,read_text_file,prior_results,spatial_t0_s0.json,False,
20260812-23:47:59_libero_spatial_task_t0_s2,baseline,0,2,1,read_text_file,memory,MEMORY.md,False,
20260812-23:47:59_libero_spatial_task_t0_s2,baseline,0,2,1,read_text_file,guides,strict_hybrid_guide.md,False,
20260812-23:47:59_libero_spatial_task_t0_s2,baseline,0,2,1,read_text_file,guides,pro_hybrid_guide.md,False,
20260812-23:47:59_libero_spatial_task_t0_s2,baseline,0,2,1,read_text_file,guides,env_calibration.md,False,
20260812-23:47:59_libero_spatial_task_t0_s2,baseline,0,2,2,read_text_file,guides,strict_hybrid_guide.md,False,
20260812-23:47:59_libero_spatial_task_t0_s2,baseline,0,2,3,read_text_file,guides,pro_hybrid_guide.md,False,
20260812-23:47:59_libero_spatial_task_t0_s2,baseline,0,2,4,read_text_file,guides,env_calibration.md,False,
20260812-23:47:59_libero_spatial_task_t0_s2,baseline,0,2,6,list_dir,prior_results,results_spatial_pert,False,
20260812-23:47:59_libero_spatial_task_t0_s2,baseline,0,2,6,list_dir,other,memory,False,
20260812-23:47:59_libero_spatial_task_t0_s2,baseline,0,2,7,read_text_file,prior_results,spatial_t0_s0.json,False,
20260812-23:47:59_libero_spatial_task_t0_s2,baseline,0,2,8,list_dir,other,memory,False,
20260812-23:47:59_libero_spatial_task_t0_s2,baseline,0,2,9,read_text_file,prior_results,recipe_spatial_t0_s0.jsonl,False,
20260812-23:58:33_libero_spatial_task_t0_s3,baseline,0,3,1,read_text_file,memory,MEMORY.md,False,
20260812-23:58:33_libero_spatial_task_t0_s3,baseline,0,3,1,list_dir,memory,,False,
20260812-23:58:33_libero_spatial_task_t0_s3,baseline,0,3,2,list_dir,memory,,False,
20260812-23:58:33_libero_spatial_task_t0_s3,baseline,0,3,3,read_text_file,guides,strict_hybrid_guide.md,False,
20260812-23:58:33_libero_spatial_task_t0_s3,baseline,0,3,4,read_text_file,guides,pro_hybrid_guide.md,False,
20260812-23:58:33_libero_spatial_task_t0_s3,baseline,0,3,4,list_dir,prior_results,,False,
20260812-23:58:33_libero_spatial_task_t0_s3,baseline,0,3,5,list_dir,prior_results,,False,
20260812-23:58:33_libero_spatial_task_t0_s3,baseline,0,3,6,read_text_file,prior_results,spatial_t0_s0.json,False,
20260812-23:58:33_libero_spatial_task_t0_s3,baseline,0,3,6,read_text_file,prior_results,recipe_spatial_t0_s0.jsonl,False,
20260812-23:58:33_libero_spatial_task_t0_s3,baseline,0,3,7,read_text_file,prior_results,recipe_spatial_t0_s0.jsonl,False,
20260812-23:58:33_libero_spatial_task_t0_s3,baseline,0,3,8,read_text_file,guides,env_calibration.md,False,
20260813-12:55:29_libero_spatial_task_t0_s4,baseline,0,4,1,read_text_file,memory,MEMORY.md,False,
20260813-12:55:29_libero_spatial_task_t0_s4,baseline,0,4,1,read_text_file,guides,strict_hybrid_guide.md,False,
20260813-12:55:29_libero_spatial_task_t0_s4,baseline,0,4,2,read_text_file,guides,strict_hybrid_guide.md,False,
20260813-12:55:29_libero_spatial_task_t0_s4,baseline,0,4,3,list_dir,prior_results,results_spatial_pert,False,
20260813-12:55:29_libero_spatial_task_t0_s4,baseline,0,4,4,read_text_file,prior_results,spatial_t0_s0.json,False,
20260813-12:55:29_libero_spatial_task_t0_s4,baseline,0,4,5,read_text_file,prior_results,recipe_spatial_t0_s0.jsonl,False,
20260813-12:55:29_libero_spatial_task_t0_s4,baseline,0,4,6,read_text_file,guides,pro_hybrid_guide.md,False,
20260813-12:58:33_libero_spatial_task_t0_s5,baseline,0,5,1,read_text_file,memory,MEMORY.md,False,
20260813-12:58:33_libero_spatial_task_t0_s5,baseline,0,5,1,list_dir,memory,,False,
20260813-12:58:33_libero_spatial_task_t0_s5,baseline,0,5,4,list_dir,other,,False,
20260813-12:58:33_libero_spatial_task_t0_s5,baseline,0,5,5,list_dir,prior_results,results_spatial_pert,False,
20260813-12:58:33_libero_spatial_task_t0_s5,baseline,0,5,5,list_dir,other,memory,False,
20260813-12:58:33_libero_spatial_task_t0_s5,baseline,0,5,6,read_text_file,prior_results,spatial_t0_s0.json,False,
20260813-12:58:33_libero_spatial_task_t0_s5,baseline,0,5,7,read_text_file,prior_results,recipe_spatial_t0_s0.jsonl,False,
20260813-12:58:33_libero_spatial_task_t0_s5,baseline,0,5,8,read_text_file,guides,strict_hybrid_guide.md,False,
20260813-12:58:33_libero_spatial_task_t0_s5,baseline,0,5,9,read_text_file,guides,pro_hybrid_guide.md,False,
20260813-12:58:33_libero_spatial_task_t0_s5,baseline,0,5,10,read_text_file,guides,env_calibration.md,False,
20260813-13:01:06_libero_spatial_task_t0_s6,baseline,0,6,1,read_text_file,memory,MEMORY.md,True,
20260813-13:01:06_libero_spatial_task_t0_s6,baseline,0,6,1,list_dir,memory,,True,
20260813-13:01:06_libero_spatial_task_t0_s6,baseline,0,6,4,list_dir,other,,True,
20260813-13:01:06_libero_spatial_task_t0_s6,baseline,0,6,5,list_dir,prior_results,,True,
20260813-13:01:06_libero_spatial_task_t0_s6,baseline,0,6,6,read_text_file,prior_results,spatial_t0_s0.json,True,
20260813-13:01:06_libero_spatial_task_t0_s6,baseline,0,6,7,read_text_file,prior_results,recipe_spatial_t0_s0.jsonl,True,
20260813-13:01:06_libero_spatial_task_t0_s6,baseline,0,6,8,read_text_file,guides,strict_hybrid_guide.md,True,
20260813-13:01:06_libero_spatial_task_t0_s6,baseline,0,6,9,read_text_file,guides,pro_hybrid_guide.md,True,
20260813-13:01:06_libero_spatial_task_t0_s6,baseline,0,6,10,read_text_file,guides,env_calibration.md,True,
20260813-13:03:28_libero_spatial_task_t0_s7,baseline,0,7,1,read_text_file,memory,MEMORY.md,False,
20260813-13:03:28_libero_spatial_task_t0_s7,baseline,0,7,1,list_dir,memory,,False,
20260813-13:03:28_libero_spatial_task_t0_s7,baseline,0,7,2,list_dir,memory,,False,
20260813-13:03:28_libero_spatial_task_t0_s7,baseline,0,7,2,read_text_file,guides,strict_hybrid_guide.md,False,
20260813-13:03:28_libero_spatial_task_t0_s7,baseline,0,7,3,read_text_file,guides,strict_hybrid_guide.md,False,
20260813-13:03:28_libero_spatial_task_t0_s7,baseline,0,7,4,read_text_file,guides,pro_hybrid_guide.md,False,
20260813-13:03:28_libero_spatial_task_t0_s7,baseline,0,7,5,read_text_file,guides,env_calibration.md,False,
20260813-13:03:28_libero_spatial_task_t0_s7,baseline,0,7,6,list_dir,prior_results,,False,
20260813-13:03:28_libero_spatial_task_t0_s7,baseline,0,7,8,read_text_file,prior_results,spatial_t0_s0.json,False,
20260813-13:03:28_libero_spatial_task_t0_s7,baseline,0,7,9,read_text_file,prior_results,recipe_spatial_t0_s0.jsonl,False,
20260813-13:07:35_libero_spatial_task_t0_s8,baseline,0,8,1,read_text_file,memory,MEMORY.md,False,
20260813-13:07:35_libero_spatial_task_t0_s8,baseline,0,8,1,read_text_file,guides,strict_hybrid_guide.md,False,
20260813-13:07:35_libero_spatial_task_t0_s8,baseline,0,8,1,read_text_file,guides,pro_hybrid_guide.md,False,
20260813-13:07:35_libero_spatial_task_t0_s8,baseline,0,8,1,read_text_file,guides,env_calibration.md,False,
20260813-13:07:35_libero_spatial_task_t0_s8,baseline,0,8,3,read_text_file,guides,strict_hybrid_guide.md,False,
20260813-13:07:35_libero_spatial_task_t0_s8,baseline,0,8,4,read_text_file,guides,pro_hybrid_guide.md,False,
20260813-13:07:35_libero_spatial_task_t0_s8,baseline,0,8,5,read_text_file,guides,env_calibration.md,False,
20260813-13:07:35_libero_spatial_task_t0_s8,baseline,0,8,7,list_dir,other,memory,False,
20260813-13:09:43_libero_spatial_task_t0_s9,baseline,0,9,1,read_text_file,memory,MEMORY.md,True,
20260813-13:09:43_libero_spatial_task_t0_s9,baseline,0,9,1,list_dir,prior_results,results_spatial_pert,True,
20260813-13:09:43_libero_spatial_task_t0_s9,baseline,0,9,4,read_text_file,guides,strict_hybrid_guide.md,True,
20260813-13:09:43_libero_spatial_task_t0_s9,baseline,0,9,5,read_text_file,guides,pro_hybrid_guide.md,True,
20260813-13:09:43_libero_spatial_task_t0_s9,baseline,0,9,6,read_text_file,guides,env_calibration.md,True,
20260813-13:09:43_libero_spatial_task_t0_s9,baseline,0,9,7,list_dir,prior_results,results_spatial_pert,True,
20260813-13:09:43_libero_spatial_task_t0_s9,baseline,0,9,8,read_text_file,prior_results,spatial_t0_s0.json,True,
20260813-13:09:43_libero_spatial_task_t0_s9,baseline,0,9,9,read_text_file,prior_results,recipe_spatial_t0_s0.jsonl,True,
20260813-13:10:45_libero_spatial_task_t0_s10,baseline,0,10,1,read_text_file,memory,MEMORY.md,True,
20260813-13:10:45_libero_spatial_task_t0_s10,baseline,0,10,3,list_dir,other,memory,True,
20260813-13:10:45_libero_spatial_task_t0_s10,baseline,0,10,3,read_text_file,guides,strict_hybrid_guide.md,True,
20260813-13:10:45_libero_spatial_task_t0_s10,baseline,0,10,4,read_text_file,guides,strict_hybrid_guide.md,True,
20260813-13:10:45_libero_spatial_task_t0_s10,baseline,0,10,5,list_dir,prior_results,results_spatial_pert,True,
20260813-13:10:45_libero_spatial_task_t0_s10,baseline,0,10,6,read_text_file,prior_results,spatial_t0_s0.json,True,
20260814-18:26:09_libero_spatial_task_t7_s1,baseline,7,1,1,read_text_file,memory,MEMORY.md,False,
20260814-18:26:09_libero_spatial_task_t7_s1,baseline,7,1,3,read_text_file,guides,strict_hybrid_guide.md,False,
20260814-18:26:09_libero_spatial_task_t7_s1,baseline,7,1,3,read_text_file,guides,pro_hybrid_guide.md,False,
20260814-18:26:09_libero_spatial_task_t7_s1,baseline,7,1,3,read_text_file,guides,env_calibration.md,False,
20260814-18:26:09_libero_spatial_task_t7_s1,baseline,7,1,9,list_dir,prior_results,results_spatial_pert,False,
20260814-18:26:09_libero_spatial_task_t7_s1,baseline,7,1,10,read_text_file,prior_results,spatial_t7_s0.json,False,
20260814-18:26:09_libero_spatial_task_t7_s2,baseline,7,2,1,read_text_file,memory,MEMORY.md,True,
20260814-18:26:09_libero_spatial_task_t7_s2,baseline,7,2,1,read_text_file,guides,strict_hybrid_guide.md,True,
20260814-18:26:09_libero_spatial_task_t7_s2,baseline,7,2,1,read_text_file,guides,pro_hybrid_guide.md,True,
20260814-18:26:09_libero_spatial_task_t7_s2,baseline,7,2,1,read_text_file,guides,env_calibration.md,True,
20260814-18:26:09_libero_spatial_task_t7_s2,baseline,7,2,2,read_text_file,guides,strict_hybrid_guide.md,True,
20260814-18:26:09_libero_spatial_task_t7_s2,baseline,7,2,3,read_text_file,guides,pro_hybrid_guide.md,True,
20260814-18:26:09_libero_spatial_task_t7_s2,baseline,7,2,4,read_text_file,guides,env_calibration.md,True,
20260814-18:26:09_libero_spatial_task_t7_s2,baseline,7,2,7,list_dir,prior_results,results_spatial_pert,True,
20260814-18:26:09_libero_spatial_task_t7_s2,baseline,7,2,8,read_text_file,prior_results,spatial_t7_s0.json,True,
20260814-18:26:09_libero_spatial_task_t7_s2,baseline,7,2,9,read_text_file,prior_results,recipe_spatial_t7_s0.jsonl,True,
20260814-18:33:48_libero_spatial_task_t7_s3,baseline,7,3,1,read_text_file,memory,MEMORY.md,False,
20260814-18:33:48_libero_spatial_task_t7_s3,baseline,7,3,1,read_text_file,guides,strict_hybrid_guide.md,False,
20260814-18:33:48_libero_spatial_task_t7_s3,baseline,7,3,3,read_text_file,guides,strict_hybrid_guide.md,False,
20260814-18:33:48_libero_spatial_task_t7_s3,baseline,7,3,4,read_text_file,guides,pro_hybrid_guide.md,False,
20260814-18:33:48_libero_spatial_task_t7_s3,baseline,7,3,5,read_text_file,guides,env_calibration.md,False,
20260814-18:33:48_libero_spatial_task_t7_s3,baseline,7,3,6,list_dir,prior_results,results_spatial_pert,False,
20260814-18:33:48_libero_spatial_task_t7_s3,baseline,7,3,7,read_text_file,prior_results,spatial_t7_s0.json,False,
20260814-18:33:48_libero_spatial_task_t7_s3,baseline,7,3,8,read_text_file,prior_results,recipe_spatial_t7_s0.jsonl,False,
20260814-18:36:55_libero_spatial_task_t7_s4,baseline,7,4,1,read_text_file,memory,MEMORY.md,False,
20260814-18:36:55_libero_spatial_task_t7_s4,baseline,7,4,2,read_text_file,guides,strict_hybrid_guide.md,False,
20260814-18:36:55_libero_spatial_task_t7_s4,baseline,7,4,2,read_text_file,guides,pro_hybrid_guide.md,False,
20260814-18:36:55_libero_spatial_task_t7_s4,baseline,7,4,2,list_dir,memory,,False,
20260814-18:36:55_libero_spatial_task_t7_s4,baseline,7,4,4,list_dir,prior_results,results_spatial_pert,False,
20260814-18:36:55_libero_spatial_task_t7_s4,baseline,7,4,5,read_text_file,prior_results,spatial_t7_s0.json,False,
20260814-18:36:55_libero_spatial_task_t7_s4,baseline,7,4,5,read_text_file,prior_results,recipe_spatial_t7_s0.jsonl,False,
20260814-18:36:55_libero_spatial_task_t7_s4,baseline,7,4,6,read_text_file,prior_results,spatial_t7_s0.json,False,
20260814-18:38:33_libero_spatial_task_t7_s5,baseline,7,5,1,read_text_file,memory,MEMORY.md,False,
20260814-18:38:33_libero_spatial_task_t7_s5,baseline,7,5,2,read_text_file,guides,strict_hybrid_guide.md,False,
20260814-18:38:33_libero_spatial_task_t7_s5,baseline,7,5,2,read_text_file,guides,pro_hybrid_guide.md,False,
20260814-18:38:33_libero_spatial_task_t7_s5,baseline,7,5,4,list_dir,prior_results,results_spatial_pert,False,
20260814-18:38:33_libero_spatial_task_t7_s5,baseline,7,5,5,read_text_file,prior_results,spatial_t7_s0.json,False,
20260814-18:38:33_libero_spatial_task_t7_s5,baseline,7,5,5,read_text_file,prior_results,recipe_spatial_t7_s0.jsonl,False,
20260814-18:38:33_libero_spatial_task_t7_s5,baseline,7,5,6,read_text_file,prior_results,spatial_t7_s0.json,False,
20260814-18:38:33_libero_spatial_task_t7_s5,baseline,7,5,6,read_text_file,guides,env_calibration.md,False,
20260814-18:38:33_libero_spatial_task_t7_s5,baseline,7,5,7,read_text_file,guides,env_calibration.md,False,
20260814-18:43:42_libero_spatial_task_t7_s6,baseline,7,6,1,read_text_file,memory,MEMORY.md,True,
20260814-18:43:42_libero_spatial_task_t7_s6,baseline,7,6,2,read_text_file,guides,strict_hybrid_guide.md,True,
20260814-18:43:42_libero_spatial_task_t7_s6,baseline,7,6,2,read_text_file,guides,pro_hybrid_guide.md,True,
20260814-18:43:42_libero_spatial_task_t7_s6,baseline,7,6,2,read_text_file,guides,env_calibration.md,True,
20260814-18:43:42_libero_spatial_task_t7_s6,baseline,7,6,4,list_dir,prior_results,results_spatial_pert,True,
20260814-18:43:42_libero_spatial_task_t7_s6,baseline,7,6,5,read_text_file,prior_results,spatial_t7_s0.json,True,
20260814-18:43:42_libero_spatial_task_t7_s6,baseline,7,6,5,read_text_file,prior_results,recipe_spatial_t7_s0.jsonl,True,
20260814-18:43:42_libero_spatial_task_t7_s6,baseline,7,6,6,read_text_file,prior_results,recipe_spatial_t7_s0.jsonl,True,
20260814-18:43:55_libero_spatial_task_t7_s7,baseline,7,7,1,read_text_file,memory,MEMORY.md,False,
20260814-18:43:55_libero_spatial_task_t7_s7,baseline,7,7,1,list_dir,memory,,False,
20260814-18:43:55_libero_spatial_task_t7_s7,baseline,7,7,2,list_dir,memory,,False,
20260814-18:43:55_libero_spatial_task_t7_s7,baseline,7,7,2,read_text_file,guides,strict_hybrid_guide.md,False,
20260814-18:43:55_libero_spatial_task_t7_s7,baseline,7,7,3,read_text_file,guides,strict_hybrid_guide.md,False,
20260814-18:43:55_libero_spatial_task_t7_s7,baseline,7,7,4,read_text_file,guides,pro_hybrid_guide.md,False,
20260814-18:43:55_libero_spatial_task_t7_s7,baseline,7,7,5,list_dir,prior_results,,False,
20260814-18:43:55_libero_spatial_task_t7_s7,baseline,7,7,7,read_text_file,prior_results,spatial_t7_s0.json,False,
20260814-18:43:55_libero_spatial_task_t7_s7,baseline,7,7,8,read_text_file,guides,env_calibration.md,False,
20260814-18:43:55_libero_spatial_task_t7_s7,baseline,7,7,13,read_text_file,prior_results,recipe_spatial_t7_s0.jsonl,False,
20260814-18:48:08_libero_spatial_task_t7_s8,baseline,7,8,1,read_text_file,memory,MEMORY.md,False,
20260814-18:48:08_libero_spatial_task_t7_s8,baseline,7,8,2,list_dir,prior_results,results_spatial_pert,False,
20260814-18:48:08_libero_spatial_task_t7_s8,baseline,7,8,3,read_text_file,guides,strict_hybrid_guide.md,False,
20260814-18:48:08_libero_spatial_task_t7_s8,baseline,7,8,4,list_dir,prior_results,results_spatial_pert,False,
20260814-18:48:08_libero_spatial_task_t7_s8,baseline,7,8,5,read_text_file,prior_results,spatial_t7_s0.json,False,
20260814-18:48:08_libero_spatial_task_t7_s8,baseline,7,8,6,read_text_file,prior_results,recipe_spatial_t7_s0.jsonl,False,
20260814-18:48:08_libero_spatial_task_t7_s8,baseline,7,8,7,read_text_file,guides,env_calibration.md,False,
20260814-18:51:14_libero_spatial_task_t7_s9,baseline,7,9,1,read_text_file,memory,MEMORY.md,False,
20260814-18:51:14_libero_spatial_task_t7_s9,baseline,7,9,2,read_text_file,guides,strict_hybrid_guide.md,False,
20260814-18:51:14_libero_spatial_task_t7_s9,baseline,7,9,2,read_text_file,guides,pro_hybrid_guide.md,False,
20260814-18:51:14_libero_spatial_task_t7_s9,baseline,7,9,2,read_text_file,guides,env_calibration.md,False,
20260814-18:51:14_libero_spatial_task_t7_s9,baseline,7,9,3,read_text_file,guides,pro_hybrid_guide.md,False,
20260814-18:51:14_libero_spatial_task_t7_s9,baseline,7,9,3,read_text_file,guides,env_calibration.md,False,
20260814-18:51:14_libero_spatial_task_t7_s9,baseline,7,9,3,list_dir,prior_results,,False,
20260814-18:51:14_libero_spatial_task_t7_s9,baseline,7,9,4,read_text_file,guides,env_calibration.md,False,
20260814-18:51:14_libero_spatial_task_t7_s9,baseline,7,9,5,list_dir,prior_results,,False,
20260814-18:51:14_libero_spatial_task_t7_s9,baseline,7,9,6,read_text_file,prior_results,spatial_t7_s0.json,False,
20260814-18:51:14_libero_spatial_task_t7_s9,baseline,7,9,7,read_text_file,prior_results,recipe_spatial_t7_s0.jsonl,False,
20260814-14:09:41_libero_spatial_task_t7_s10,baseline,7,10,1,read_text_file,memory,MEMORY.md,True,
20260814-14:09:41_libero_spatial_task_t7_s10,baseline,7,10,1,list_dir,prior_results,results_spatial_pert,True,
20260814-14:09:41_libero_spatial_task_t7_s10,baseline,7,10,2,list_dir,prior_results,results_spatial_pert,True,
20260814-14:09:41_libero_spatial_task_t7_s10,baseline,7,10,3,read_text_file,prior_results,spatial_t7_s0.json,True,
20260814-14:09:41_libero_spatial_task_t7_s10,baseline,7,10,4,read_text_file,prior_results,recipe_spatial_t7_s0.jsonl,True,
20260814-14:09:41_libero_spatial_task_t7_s10,baseline,7,10,5,read_text_file,guides,strict_hybrid_guide.md,True,
20260814-14:09:41_libero_spatial_task_t7_s10,baseline,7,10,6,read_text_file,guides,env_calibration.md,True,
20260814-14:09:41_libero_spatial_task_t7_s10,baseline,7,10,7,read_text_file,guides,pro_hybrid_guide.md,True,
20260814-14:09:41_libero_spatial_task_t7_s10,baseline,7,10,8,list_dir,other,memory,True,
20260813-15:38:25_libero_spatial_task_t9_s1,baseline,9,1,1,read_text_file,memory,MEMORY.md,False,
20260813-15:38:25_libero_spatial_task_t9_s1,baseline,9,1,1,read_text_file,guides,strict_hybrid_guide.md,False,
20260813-15:38:25_libero_spatial_task_t9_s1,baseline,9,1,1,read_text_file,guides,pro_hybrid_guide.md,False,
20260813-15:38:25_libero_spatial_task_t9_s1,baseline,9,1,1,read_text_file,guides,env_calibration.md,False,
20260813-15:38:25_libero_spatial_task_t9_s1,baseline,9,1,3,read_text_file,guides,strict_hybrid_guide.md,False,
20260813-15:38:25_libero_spatial_task_t9_s1,baseline,9,1,4,read_text_file,guides,pro_hybrid_guide.md,False,
20260813-15:38:25_libero_spatial_task_t9_s1,baseline,9,1,5,read_text_file,guides,env_calibration.md,False,
20260813-15:38:25_libero_spatial_task_t9_s1,baseline,9,1,6,list_dir,prior_results,results_spatial_pert,False,
20260813-15:38:25_libero_spatial_task_t9_s1,baseline,9,1,7,read_text_file,prior_results,spatial_t9_s0.json,False,
20260813-15:38:25_libero_spatial_task_t9_s1,baseline,9,1,8,read_text_file,prior_results,recipe_spatial_t9_s0.jsonl,False,
20260813-15:38:56_libero_spatial_task_t9_s2,baseline,9,2,1,read_text_file,memory,MEMORY.md,True,
20260813-15:38:56_libero_spatial_task_t9_s2,baseline,9,2,1,read_text_file,guides,strict_hybrid_guide.md,True,
20260813-15:38:56_libero_spatial_task_t9_s2,baseline,9,2,2,read_text_file,guides,strict_hybrid_guide.md,True,
20260813-15:38:56_libero_spatial_task_t9_s2,baseline,9,2,3,read_text_file,guides,pro_hybrid_guide.md,True,
20260813-15:38:56_libero_spatial_task_t9_s2,baseline,9,2,4,read_text_file,guides,env_calibration.md,True,
20260813-15:38:56_libero_spatial_task_t9_s2,baseline,9,2,6,list_dir,prior_results,results_spatial_pert,True,
20260813-15:38:56_libero_spatial_task_t9_s2,baseline,9,2,7,read_text_file,prior_results,spatial_t9_s0.json,True,
20260813-15:38:56_libero_spatial_task_t9_s2,baseline,9,2,8,read_text_file,prior_results,recipe_spatial_t9_s0.jsonl,True,
20260813-15:42:48_libero_spatial_task_t9_s3,baseline,9,3,1,read_text_file,memory,MEMORY.md,False,
20260813-15:42:48_libero_spatial_task_t9_s3,baseline,9,3,1,read_text_file,guides,strict_hybrid_guide.md,False,
20260813-15:42:48_libero_spatial_task_t9_s3,baseline,9,3,1,read_text_file,guides,pro_hybrid_guide.md,False,
20260813-15:42:48_libero_spatial_task_t9_s3,baseline,9,3,1,read_text_file,guides,env_calibration.md,False,
20260813-15:42:48_libero_spatial_task_t9_s3,baseline,9,3,3,read_text_file,guides,strict_hybrid_guide.md,False,
20260813-15:42:48_libero_spatial_task_t9_s3,baseline,9,3,4,read_text_file,guides,pro_hybrid_guide.md,False,
20260813-15:42:48_libero_spatial_task_t9_s3,baseline,9,3,5,read_text_file,guides,env_calibration.md,False,
20260813-15:42:48_libero_spatial_task_t9_s3,baseline,9,3,6,list_dir,prior_results,results_spatial_pert,False,
20260813-15:42:48_libero_spatial_task_t9_s3,baseline,9,3,7,read_text_file,prior_results,spatial_t9_s0.json,False,
20260813-15:42:48_libero_spatial_task_t9_s3,baseline,9,3,8,list_dir,prior_results,results_goal_pert,False,
20260813-15:42:48_libero_spatial_task_t9_s3,baseline,9,3,9,list_dir,other,libero,False,
20260813-15:42:48_libero_spatial_task_t9_s3,baseline,9,3,10,list_dir,prior_results,results_goal_task_pert,False,
20260813-15:42:48_libero_spatial_task_t9_s3,baseline,9,3,11,read_text_file,prior_results,goal_task_t9_s0.json,False,
20260813-15:52:31_libero_spatial_task_t9_s4,baseline,9,4,1,read_text_file,memory,MEMORY.md,True,
20260813-15:52:31_libero_spatial_task_t9_s4,baseline,9,4,2,read_text_file,guides,strict_hybrid_guide.md,True,
20260813-15:52:31_libero_spatial_task_t9_s4,baseline,9,4,2,read_text_file,guides,pro_hybrid_guide.md,True,
20260813-15:52:31_libero_spatial_task_t9_s4,baseline,9,4,2,read_text_file,guides,env_calibration.md,True,
20260813-15:52:31_libero_spatial_task_t9_s4,baseline,9,4,2,list_dir,memory,,True,
20260813-15:52:31_libero_spatial_task_t9_s4,baseline,9,4,3,read_text_file,guides,pro_hybrid_guide.md,True,
20260813-15:52:31_libero_spatial_task_t9_s4,baseline,9,4,4,read_text_file,guides,env_calibration.md,True,
20260813-15:52:31_libero_spatial_task_t9_s4,baseline,9,4,5,list_dir,memory,,True,
20260813-15:52:31_libero_spatial_task_t9_s4,baseline,9,4,6,list_dir,prior_results,,True,
20260813-15:52:31_libero_spatial_task_t9_s4,baseline,9,4,7,read_text_file,prior_results,spatial_t9_s0.json,True,
20260813-15:52:31_libero_spatial_task_t9_s4,baseline,9,4,8,read_text_file,prior_results,recipe_spatial_t9_s0.jsonl,True,
20260813-15:53:34_libero_spatial_task_t9_s5,baseline,9,5,1,read_text_file,memory,MEMORY.md,True,
20260813-15:53:34_libero_spatial_task_t9_s5,baseline,9,5,2,list_dir,memory,,True,
20260813-15:53:34_libero_spatial_task_t9_s5,baseline,9,5,3,read_text_file,guides,strict_hybrid_guide.md,True,
20260813-15:53:34_libero_spatial_task_t9_s5,baseline,9,5,3,list_dir,memory,,True,
20260813-15:53:34_libero_spatial_task_t9_s5,baseline,9,5,4,list_dir,memory,,True,
20260813-15:53:34_libero_spatial_task_t9_s5,baseline,9,5,4,list_dir,prior_results,,True,
20260813-15:53:34_libero_spatial_task_t9_s5,baseline,9,5,5,list_dir,prior_results,,True,
20260813-15:53:34_libero_spatial_task_t9_s5,baseline,9,5,6,read_text_file,prior_results,spatial_t9_s0.json,True,
20260813-15:53:34_libero_spatial_task_t9_s5,baseline,9,5,7,read_text_file,prior_results,recipe_spatial_t9_s0.jsonl,True,
20260813-15:53:34_libero_spatial_task_t9_s5,baseline,9,5,7,read_text_file,guides,env_calibration.md,True,
20260813-15:53:34_libero_spatial_task_t9_s5,baseline,9,5,8,read_text_file,guides,env_calibration.md,True,
20260813-15:53:36_libero_spatial_task_t9_s6,baseline,9,6,1,read_text_file,memory,MEMORY.md,False,
20260813-15:53:36_libero_spatial_task_t9_s6,baseline,9,6,1,list_dir,memory,,False,
20260813-15:53:36_libero_spatial_task_t9_s6,baseline,9,6,2,read_text_file,guides,strict_hybrid_guide.md,False,
20260813-15:53:36_libero_spatial_task_t9_s6,baseline,9,6,2,read_text_file,guides,pro_hybrid_guide.md,False,
20260813-15:53:36_libero_spatial_task_t9_s6,baseline,9,6,3,read_text_file,guides,pro_hybrid_guide.md,False,
20260813-15:53:36_libero_spatial_task_t9_s6,baseline,9,6,4,read_text_file,guides,env_calibration.md,False,
20260813-15:53:36_libero_spatial_task_t9_s6,baseline,9,6,4,list_dir,prior_results,,False,
20260813-15:53:36_libero_spatial_task_t9_s6,baseline,9,6,5,list_dir,prior_results,,False,
20260813-15:53:36_libero_spatial_task_t9_s6,baseline,9,6,6,read_text_file,prior_results,spatial_t9_s0.json,False,
20260813-15:56:15_libero_spatial_task_t9_s7,baseline,9,7,1,read_text_file,memory,MEMORY.md,False,
20260813-15:56:15_libero_spatial_task_t9_s7,baseline,9,7,1,read_text_file,guides,strict_hybrid_guide.md,False,
20260813-15:56:15_libero_spatial_task_t9_s7,baseline,9,7,2,read_text_file,guides,strict_hybrid_guide.md,False,
20260813-15:56:15_libero_spatial_task_t9_s7,baseline,9,7,3,read_text_file,guides,pro_hybrid_guide.md,False,
20260813-15:56:15_libero_spatial_task_t9_s7,baseline,9,7,8,list_dir,prior_results,results_spatial_pert,False,
20260813-15:56:15_libero_spatial_task_t9_s7,baseline,9,7,9,read_text_file,prior_results,spatial_t9_s0.json,False,
20260813-16:06:42_libero_spatial_task_t9_s8,baseline,9,8,1,read_text_file,memory,MEMORY.md,False,
20260813-16:06:42_libero_spatial_task_t9_s8,baseline,9,8,1,list_dir,memory,,False,
20260813-16:06:42_libero_spatial_task_t9_s8,baseline,9,8,2,list_dir,memory,,False,
20260813-16:06:42_libero_spatial_task_t9_s8,baseline,9,8,3,read_text_file,guides,strict_hybrid_guide.md,False,
20260813-16:06:42_libero_spatial_task_t9_s8,baseline,9,8,4,read_text_file,guides,pro_hybrid_guide.md,False,
20260813-16:06:42_libero_spatial_task_t9_s8,baseline,9,8,5,read_text_file,guides,env_calibration.md,False,
20260813-16:06:42_libero_spatial_task_t9_s8,baseline,9,8,6,list_dir,prior_results,,False,
20260813-16:06:42_libero_spatial_task_t9_s8,baseline,9,8,7,read_text_file,prior_results,spatial_t9_s0.json,False,
20260813-16:06:42_libero_spatial_task_t9_s8,baseline,9,8,8,read_text_file,prior_results,recipe_spatial_t9_s0.jsonl,False,
20260813-16:06:42_libero_spatial_task_t9_s8,baseline,9,8,9,read_text_file,prior_results,transcript_spatial_t9_s0.json,False,
20260813-16:07:13_libero_spatial_task_t9_s9,baseline,9,9,1,read_text_file,memory,MEMORY.md,True,
20260813-16:07:13_libero_spatial_task_t9_s9,baseline,9,9,1,list_dir,memory,,True,
20260813-16:07:13_libero_spatial_task_t9_s9,baseline,9,9,2,read_text_file,guides,strict_hybrid_guide.md,True,
20260813-16:07:13_libero_spatial_task_t9_s9,baseline,9,9,2,read_text_file,guides,pro_hybrid_guide.md,True,
20260813-16:07:13_libero_spatial_task_t9_s9,baseline,9,9,3,read_text_file,guides,strict_hybrid_guide.md,True,
20260813-16:07:13_libero_spatial_task_t9_s9,baseline,9,9,4,read_text_file,guides,env_calibration.md,True,
20260813-16:07:13_libero_spatial_task_t9_s9,baseline,9,9,4,list_dir,prior_results,,True,
20260813-16:07:13_libero_spatial_task_t9_s9,baseline,9,9,5,list_dir,prior_results,,True,
20260813-16:07:13_libero_spatial_task_t9_s9,baseline,9,9,6,read_text_file,prior_results,spatial_t9_s0.json,True,
20260813-16:07:13_libero_spatial_task_t9_s9,baseline,9,9,6,read_text_file,prior_results,recipe_spatial_t9_s0.jsonl,True,
20260813-16:07:13_libero_spatial_task_t9_s9,baseline,9,9,7,read_text_file,prior_results,recipe_spatial_t9_s0.jsonl,True,
20260813-16:08:46_libero_spatial_task_t9_s10,baseline,9,10,1,read_text_file,memory,MEMORY.md,False,
20260813-16:08:46_libero_spatial_task_t9_s10,baseline,9,10,1,read_text_file,guides,strict_hybrid_guide.md,False,
20260813-16:08:46_libero_spatial_task_t9_s10,baseline,9,10,3,read_text_file,guides,strict_hybrid_guide.md,False,
20260813-16:08:46_libero_spatial_task_t9_s10,baseline,9,10,4,read_text_file,guides,pro_hybrid_guide.md,False,
20260813-16:08:46_libero_spatial_task_t9_s10,baseline,9,10,5,read_text_file,guides,env_calibration.md,False,
20260813-16:08:46_libero_spatial_task_t9_s10,baseline,9,10,6,list_dir,prior_results,results_spatial_pert,False,
20260813-16:08:46_libero_spatial_task_t9_s10,baseline,9,10,7,read_text_file,prior_results,spatial_t9_s0.json,False,
20260813-16:08:46_libero_spatial_task_t9_s10,baseline,9,10,7,read_text_file,prior_results,recipe_spatial_t9_s0.jsonl,False,
20260813-16:08:46_libero_spatial_task_t9_s10,baseline,9,10,8,read_text_file,prior_results,recipe_spatial_t9_s0.jsonl,False,
20260818-15:51:59_structured_libero_spatial_task_t0_s3_r1,structured,0,3,1,read_text_file,memory,MEMORY.md,True,
20260818-15:51:59_structured_libero_spatial_task_t0_s3_r1,structured,0,3,2,read_text_file,guides,strict_hybrid_guide.md,True,
20260818-15:51:59_structured_libero_spatial_task_t0_s3_r1,structured,0,3,2,read_text_file,guides,pro_hybrid_guide.md,True,
20260818-15:51:59_structured_libero_spatial_task_t0_s3_r1,structured,0,3,2,read_text_file,guides,env_calibration.md,True,
20260818-15:51:59_structured_libero_spatial_task_t0_s3_r1,structured,0,3,3,read_text_file,guides,pro_hybrid_guide.md,True,
20260818-15:51:59_structured_libero_spatial_task_t0_s3_r1,structured,0,3,4,read_text_file,guides,env_calibration.md,True,
20260818-15:51:59_structured_libero_spatial_task_t0_s5_r1,structured,0,5,1,read_text_file,memory,MEMORY.md,True,
20260818-15:51:59_structured_libero_spatial_task_t0_s5_r1,structured,0,5,2,read_text_file,guides,strict_hybrid_guide.md,True,
20260818-15:51:59_structured_libero_spatial_task_t0_s4_r1,structured,0,4,1,read_text_file,memory,MEMORY.md,False,
20260818-15:51:59_structured_libero_spatial_task_t0_s4_r1,structured,0,4,1,read_text_file,guides,strict_hybrid_guide.md,False,
20260818-15:51:59_structured_libero_spatial_task_t0_s4_r1,structured,0,4,1,read_text_file,guides,pro_hybrid_guide.md,False,
20260818-15:51:59_structured_libero_spatial_task_t0_s4_r1,structured,0,4,8,list_dir,prior_results,results_spatial_pert,False,
20260818-15:51:59_structured_libero_spatial_task_t0_s4_r1,structured,0,4,9,read_text_file,prior_results,spatial_t0_s0.json,False,
20260818-15:51:59_structured_libero_spatial_task_t0_s2_r1,structured,0,2,1,read_text_file,memory,MEMORY.md,False,
20260818-15:51:59_structured_libero_spatial_task_t0_s2_r1,structured,0,2,1,read_text_file,guides,strict_hybrid_guide.md,False,
20260818-15:51:59_structured_libero_spatial_task_t0_s2_r1,structured,0,2,1,read_text_file,guides,pro_hybrid_guide.md,False,
20260818-15:51:59_structured_libero_spatial_task_t0_s2_r1,structured,0,2,1,read_text_file,guides,env_calibration.md,False,
20260818-15:51:59_structured_libero_spatial_task_t0_s2_r1,structured,0,2,3,read_text_file,guides,strict_hybrid_guide.md,False,
20260818-15:51:59_structured_libero_spatial_task_t0_s2_r1,structured,0,2,4,read_text_file,guides,pro_hybrid_guide.md,False,
20260818-15:51:59_structured_libero_spatial_task_t0_s2_r1,structured,0,2,5,read_text_file,guides,env_calibration.md,False,
20260818-15:51:59_structured_libero_spatial_task_t0_s2_r1,structured,0,2,6,list_dir,memory,,False,
20260818-15:51:59_structured_libero_spatial_task_t0_s2_r1,structured,0,2,7,list_dir,memory,,False,
20260818-15:51:59_structured_libero_spatial_task_t0_s2_r1,structured,0,2,8,read_text_file,memory,GLOBAL.json,False,
20260818-15:51:59_structured_libero_spatial_task_t0_s2_r1,structured,0,2,10,list_dir,prior_results,,False,
20260818-15:51:59_structured_libero_spatial_task_t0_s2_r1,structured,0,2,11,read_text_file,prior_results,spatial_t0_s0.json,False,
20260818-15:51:59_structured_libero_spatial_task_t0_s2_r1,structured,0,2,12,read_text_file,prior_results,recipe_spatial_t0_s0.jsonl,False,
20260818-15:51:59_structured_libero_spatial_task_t0_s6_r1,structured,0,6,1,read_text_file,memory,MEMORY.md,True,
20260818-15:51:59_structured_libero_spatial_task_t0_s6_r1,structured,0,6,2,list_dir,prior_results,results_spatial_pert,True,
20260818-15:51:59_structured_libero_spatial_task_t0_s6_r1,structured,0,6,3,list_dir,prior_results,results_spatial_pert,True,
20260818-15:51:59_structured_libero_spatial_task_t0_s6_r1,structured,0,6,4,read_text_file,prior_results,spatial_t0_s0.json,True,
20260818-15:51:59_structured_libero_spatial_task_t0_s7_r1,structured,0,7,1,read_text_file,memory,MEMORY.md,True,
20260818-15:51:59_structured_libero_spatial_task_t0_s7_r1,structured,0,7,2,read_text_file,guides,strict_hybrid_guide.md,True,
20260818-15:51:59_structured_libero_spatial_task_t0_s7_r1,structured,0,7,2,read_text_file,guides,pro_hybrid_guide.md,True,
20260818-15:51:59_structured_libero_spatial_task_t0_s7_r1,structured,0,7,2,read_text_file,guides,env_calibration.md,True,
20260818-15:51:59_structured_libero_spatial_task_t0_s7_r1,structured,0,7,3,read_text_file,guides,pro_hybrid_guide.md,True,
20260818-15:51:59_structured_libero_spatial_task_t0_s7_r1,structured,0,7,4,read_text_file,guides,env_calibration.md,True,
20260818-15:51:59_structured_libero_spatial_task_t0_s7_r1,structured,0,7,7,list_dir,prior_results,results_spatial_pert,True,
20260818-15:51:59_structured_libero_spatial_task_t0_s7_r1,structured,0,7,17,list_dir,prior_results,results_spatial_pert,True,
20260818-15:51:59_structured_libero_spatial_task_t0_s7_r1,structured,0,7,18,read_text_file,prior_results,spatial_t0_s0.json,True,
20260818-15:51:59_structured_libero_spatial_task_t0_s7_r1,structured,0,7,18,read_text_file,prior_results,recipe_spatial_t0_s0.jsonl,True,
20260818-15:51:59_structured_libero_spatial_task_t0_s7_r1,structured,0,7,19,read_text_file,prior_results,recipe_spatial_t0_s0.jsonl,True,
20260818-15:51:59_structured_libero_spatial_task_t0_s1_r1,structured,0,1,1,read_text_file,memory,MEMORY.md,False,
20260818-15:51:59_structured_libero_spatial_task_t0_s1_r1,structured,0,1,3,list_dir,prior_results,results_spatial_pert,False,
20260818-15:51:59_structured_libero_spatial_task_t0_s1_r1,structured,0,1,4,read_text_file,prior_results,spatial_t0_s0.json,False,
20260818-15:51:59_structured_libero_spatial_task_t0_s8_r1,structured,0,8,1,read_text_file,memory,MEMORY.md,False,
20260818-15:51:59_structured_libero_spatial_task_t0_s8_r1,structured,0,8,4,read_text_file,guides,strict_hybrid_guide.md,False,
20260818-15:51:59_structured_libero_spatial_task_t0_s8_r1,structured,0,8,4,read_text_file,guides,pro_hybrid_guide.md,False,
20260818-15:51:59_structured_libero_spatial_task_t0_s8_r1,structured,0,8,5,read_text_file,memory,feedback_bowl_eef_y_offset.md,False,
20260818-16:02:01_structured_libero_spatial_task_t0_s10_r1,structured,0,10,1,read_text_file,memory,MEMORY.md,True,
20260818-16:02:01_structured_libero_spatial_task_t0_s10_r1,structured,0,10,1,read_text_file,guides,strict_hybrid_guide.md,True,
20260818-16:02:01_structured_libero_spatial_task_t0_s10_r1,structured,0,10,2,read_text_file,guides,strict_hybrid_guide.md,True,
20260818-16:02:01_structured_libero_spatial_task_t0_s10_r1,structured,0,10,2,list_dir,memory,rules,True,
20260818-16:02:01_structured_libero_spatial_task_t0_s10_r1,structured,0,10,3,list_dir,prior_results,results_spatial_pert,True,
20260818-16:02:01_structured_libero_spatial_task_t0_s10_r1,structured,0,10,4,read_text_file,prior_results,spatial_t0_s0.json,True,
20260818-16:02:01_structured_libero_spatial_task_t0_s10_r1,structured,0,10,5,read_text_file,prior_results,spatial_t0_s0.json,True,
20260818-15:59:58_structured_libero_spatial_task_t0_s9_r1,structured,0,9,1,read_text_file,memory,MEMORY.md,False,
20260818-15:59:58_structured_libero_spatial_task_t0_s9_r1,structured,0,9,3,read_text_file,guides,strict_hybrid_guide.md,False,
20260818-15:59:58_structured_libero_spatial_task_t0_s9_r1,structured,0,9,4,read_text_file,guides,pro_hybrid_guide.md,False,
20260818-15:59:58_structured_libero_spatial_task_t0_s9_r1,structured,0,9,5,read_text_file,guides,env_calibration.md,False,
20260818-15:59:58_structured_libero_spatial_task_t0_s9_r1,structured,0,9,6,list_dir,prior_results,results_spatial_pert,False,
20260818-15:59:58_structured_libero_spatial_task_t0_s9_r1,structured,0,9,7,read_text_file,prior_results,spatial_t0_s0.json,False,
20260818-16:08:38_structured_libero_spatial_task_t7_s6_r1,structured,7,6,1,read_text_file,memory,MEMORY.md,True,
20260818-16:08:38_structured_libero_spatial_task_t7_s6_r1,structured,7,6,1,read_text_file,guides,strict_hybrid_guide.md,True,
20260818-16:08:38_structured_libero_spatial_task_t7_s6_r1,structured,7,6,1,read_text_file,guides,pro_hybrid_guide.md,True,
20260818-16:08:38_structured_libero_spatial_task_t7_s6_r1,structured,7,6,2,read_text_file,guides,strict_hybrid_guide.md,True,
20260818-16:08:38_structured_libero_spatial_task_t7_s6_r1,structured,7,6,3,read_text_file,guides,pro_hybrid_guide.md,True,
20260818-16:08:38_structured_libero_spatial_task_t7_s6_r1,structured,7,6,4,read_text_file,guides,env_calibration.md,True,
20260818-16:08:38_structured_libero_spatial_task_t7_s6_r1,structured,7,6,6,list_dir,prior_results,results_spatial_pert,True,
20260818-16:08:38_structured_libero_spatial_task_t7_s6_r1,structured,7,6,7,read_text_file,prior_results,spatial_t7_s0.json,True,
20260818-16:08:38_structured_libero_spatial_task_t7_s6_r1,structured,7,6,8,read_text_file,prior_results,recipe_spatial_t7_s0.jsonl,True,
20260818-16:04:34_structured_libero_spatial_task_t7_s1_r1,structured,7,1,1,read_text_file,memory,MEMORY.md,True,
20260818-16:04:34_structured_libero_spatial_task_t7_s1_r1,structured,7,1,1,list_dir,prior_results,results_spatial_pert,True,
20260818-16:04:49_structured_libero_spatial_task_t7_s3_r1,structured,7,3,1,read_text_file,memory,MEMORY.md,True,
20260818-16:04:49_structured_libero_spatial_task_t7_s3_r1,structured,7,3,1,read_text_file,guides,strict_hybrid_guide.md,True,
20260818-16:04:37_structured_libero_spatial_task_t7_s2_r1,structured,7,2,1,read_text_file,memory,MEMORY.md,True,
20260818-16:04:37_structured_libero_spatial_task_t7_s2_r1,structured,7,2,1,list_dir,other,memory,True,
20260818-16:04:37_structured_libero_spatial_task_t7_s2_r1,structured,7,2,2,list_dir,other,memory,True,
20260818-16:04:37_structured_libero_spatial_task_t7_s2_r1,structured,7,2,3,list_dir,prior_results,results_spatial_pert,True,
20260818-16:04:37_structured_libero_spatial_task_t7_s2_r1,structured,7,2,4,read_text_file,prior_results,spatial_t7_s0.json,True,
20260818-16:04:37_structured_libero_spatial_task_t7_s2_r1,structured,7,2,5,read_text_file,prior_results,recipe_spatial_t7_s0.jsonl,True,
20260818-16:04:37_structured_libero_spatial_task_t7_s2_r1,structured,7,2,5,read_text_file,guides,strict_hybrid_guide.md,True,
20260818-16:04:37_structured_libero_spatial_task_t7_s2_r1,structured,7,2,5,read_text_file,guides,env_calibration.md,True,
20260818-16:04:37_structured_libero_spatial_task_t7_s2_r1,structured,7,2,6,read_text_file,guides,strict_hybrid_guide.md,True,
20260818-16:05:43_structured_libero_spatial_task_t7_s5_r1,structured,7,5,1,read_text_file,memory,MEMORY.md,False,
20260818-16:05:43_structured_libero_spatial_task_t7_s5_r1,structured,7,5,1,read_text_file,guides,strict_hybrid_guide.md,False,
20260818-16:05:43_structured_libero_spatial_task_t7_s5_r1,structured,7,5,1,read_text_file,guides,pro_hybrid_guide.md,False,
20260818-16:05:43_structured_libero_spatial_task_t7_s5_r1,structured,7,5,1,read_text_file,guides,env_calibration.md,False,
20260818-16:05:43_structured_libero_spatial_task_t7_s5_r1,structured,7,5,2,read_text_file,guides,strict_hybrid_guide.md,False,
20260818-16:05:43_structured_libero_spatial_task_t7_s5_r1,structured,7,5,3,read_text_file,guides,pro_hybrid_guide.md,False,
20260818-16:05:43_structured_libero_spatial_task_t7_s5_r1,structured,7,5,4,read_text_file,guides,env_calibration.md,False,
20260818-16:05:43_structured_libero_spatial_task_t7_s5_r1,structured,7,5,7,list_dir,prior_results,results_spatial_pert,False,
20260818-16:05:43_structured_libero_spatial_task_t7_s5_r1,structured,7,5,8,read_text_file,prior_results,spatial_t7_s0.json,False,
20260818-16:05:43_structured_libero_spatial_task_t7_s5_r1,structured,7,5,9,read_text_file,prior_results,recipe_spatial_t7_s0.jsonl,False,
20260818-16:04:52_structured_libero_spatial_task_t7_s4_r1,structured,7,4,1,read_text_file,memory,MEMORY.md,False,
20260818-16:04:52_structured_libero_spatial_task_t7_s4_r1,structured,7,4,1,read_text_file,guides,strict_hybrid_guide.md,False,
20260818-16:04:52_structured_libero_spatial_task_t7_s4_r1,structured,7,4,2,read_text_file,guides,strict_hybrid_guide.md,False,
20260818-16:04:52_structured_libero_spatial_task_t7_s4_r1,structured,7,4,3,read_text_file,guides,pro_hybrid_guide.md,False,
20260818-16:04:52_structured_libero_spatial_task_t7_s4_r1,structured,7,4,4,read_text_file,guides,env_calibration.md,False,
20260818-16:04:52_structured_libero_spatial_task_t7_s4_r1,structured,7,4,5,list_dir,prior_results,results_spatial_pert,False,
20260818-16:04:52_structured_libero_spatial_task_t7_s4_r1,structured,7,4,6,read_text_file,prior_results,spatial_t7_s0.json,False,
20260818-16:04:52_structured_libero_spatial_task_t7_s4_r1,structured,7,4,7,read_text_file,prior_results,recipe_spatial_t7_s0.jsonl,False,
20260818-16:04:52_structured_libero_spatial_task_t7_s4_r1,structured,7,4,19,read_text_file,memory,P_grasp.json,False,
20260818-16:04:52_structured_libero_spatial_task_t7_s4_r1,structured,7,4,19,read_text_file,memory,feedback_scripted_pick_limits.md,False,
20260818-16:11:13_structured_libero_spatial_task_t7_s8_r1,structured,7,8,1,read_text_file,memory,MEMORY.md,False,
20260818-16:11:13_structured_libero_spatial_task_t7_s8_r1,structured,7,8,3,read_text_file,guides,strict_hybrid_guide.md,False,
20260818-16:11:13_structured_libero_spatial_task_t7_s8_r1,structured,7,8,4,read_text_file,guides,pro_hybrid_guide.md,False,
20260818-16:11:13_structured_libero_spatial_task_t7_s8_r1,structured,7,8,4,read_text_file,guides,env_calibration.md,False,
20260818-16:11:13_structured_libero_spatial_task_t7_s8_r1,structured,7,8,5,read_text_file,guides,pro_hybrid_guide.md,False,
20260818-16:11:13_structured_libero_spatial_task_t7_s8_r1,structured,7,8,6,list_dir,prior_results,results_spatial_pert,False,
20260818-16:11:13_structured_libero_spatial_task_t7_s8_r1,structured,7,8,7,read_text_file,prior_results,spatial_t7_s0.json,False,
20260818-16:11:13_structured_libero_spatial_task_t7_s8_r1,structured,7,8,7,read_text_file,prior_results,recipe_spatial_t7_s0.jsonl,False,
20260818-16:11:13_structured_libero_spatial_task_t7_s8_r1,structured,7,8,8,read_text_file,prior_results,recipe_spatial_t7_s0.jsonl,False,
20260818-16:16:53_structured_libero_spatial_task_t7_s9_r1,structured,7,9,1,read_text_file,memory,MEMORY.md,True,
20260818-16:16:53_structured_libero_spatial_task_t7_s9_r1,structured,7,9,1,read_text_file,guides,strict_hybrid_guide.md,True,
20260818-16:16:53_structured_libero_spatial_task_t7_s9_r1,structured,7,9,2,read_text_file,guides,strict_hybrid_guide.md,True,
20260818-16:16:53_structured_libero_spatial_task_t7_s9_r1,structured,7,9,3,read_text_file,guides,pro_hybrid_guide.md,True,
20260818-16:16:53_structured_libero_spatial_task_t7_s9_r1,structured,7,9,4,read_text_file,guides,env_calibration.md,True,
20260818-16:16:53_structured_libero_spatial_task_t7_s9_r1,structured,7,9,10,list_dir,prior_results,,True,
20260818-16:16:53_structured_libero_spatial_task_t7_s9_r1,structured,7,9,11,read_text_file,prior_results,spatial_t7_s0.json,True,
20260818-16:16:53_structured_libero_spatial_task_t7_s9_r1,structured,7,9,12,read_text_file,prior_results,recipe_spatial_t7_s0.jsonl,True,
20260818-16:09:33_structured_libero_spatial_task_t7_s7_r1,structured,7,7,1,read_text_file,memory,MEMORY.md,False,
20260818-16:09:33_structured_libero_spatial_task_t7_s7_r1,structured,7,7,1,read_text_file,guides,strict_hybrid_guide.md,False,
20260818-16:09:33_structured_libero_spatial_task_t7_s7_r1,structured,7,7,2,read_text_file,guides,strict_hybrid_guide.md,False,
20260818-16:17:27_structured_libero_spatial_task_t7_s10_r1,structured,7,10,1,read_text_file,memory,MEMORY.md,True,
20260818-16:17:27_structured_libero_spatial_task_t7_s10_r1,structured,7,10,4,read_text_file,guides,strict_hybrid_guide.md,True,
20260818-16:17:27_structured_libero_spatial_task_t7_s10_r1,structured,7,10,5,list_dir,prior_results,results_spatial_pert,True,
20260818-16:17:27_structured_libero_spatial_task_t7_s10_r1,structured,7,10,6,read_text_file,prior_results,spatial_t7_s0.json,True,
20260818-16:17:27_structured_libero_spatial_task_t7_s10_r1,structured,7,10,7,read_text_file,prior_results,recipe_spatial_t7_s0.jsonl,True,
20260818-16:23:02_structured_libero_spatial_task_t9_s4_r1,structured,9,4,1,read_text_file,memory,MEMORY.md,True,
20260818-16:23:02_structured_libero_spatial_task_t9_s4_r1,structured,9,4,3,list_dir,other,libero,True,
20260818-16:23:02_structured_libero_spatial_task_t9_s4_r1,structured,9,4,4,read_text_file,guides,strict_hybrid_guide.md,True,
20260818-16:23:02_structured_libero_spatial_task_t9_s4_r1,structured,9,4,4,read_text_file,guides,pro_hybrid_guide.md,True,
20260818-16:23:02_structured_libero_spatial_task_t9_s4_r1,structured,9,4,4,read_text_file,guides,env_calibration.md,True,
20260818-16:23:02_structured_libero_spatial_task_t9_s4_r1,structured,9,4,4,list_dir,prior_results,results_spatial_task_pert,True,
20260818-16:21:43_structured_libero_spatial_task_t9_s2_r1,structured,9,2,1,read_text_file,memory,MEMORY.md,True,
20260818-16:21:43_structured_libero_spatial_task_t9_s2_r1,structured,9,2,3,list_dir,prior_results,results_spatial_pert,True,
20260818-16:21:43_structured_libero_spatial_task_t9_s2_r1,structured,9,2,4,read_text_file,prior_results,spatial_t9_s0.json,True,
20260818-16:21:43_structured_libero_spatial_task_t9_s2_r1,structured,9,2,4,read_text_file,prior_results,recipe_spatial_t9_s0.jsonl,True,
20260818-16:21:43_structured_libero_spatial_task_t9_s2_r1,structured,9,2,5,read_text_file,prior_results,recipe_spatial_t9_s0.jsonl,True,
20260818-16:21:43_structured_libero_spatial_task_t9_s2_r1,structured,9,2,6,read_text_file,guides,strict_hybrid_guide.md,True,
20260818-16:21:43_structured_libero_spatial_task_t9_s2_r1,structured,9,2,7,read_text_file,guides,env_calibration.md,True,
20260818-16:25:37_structured_libero_spatial_task_t9_s5_r1,structured,9,5,1,read_text_file,memory,MEMORY.md,True,
20260818-16:25:37_structured_libero_spatial_task_t9_s5_r1,structured,9,5,2,read_text_file,guides,strict_hybrid_guide.md,True,
20260818-16:25:37_structured_libero_spatial_task_t9_s5_r1,structured,9,5,2,read_text_file,guides,pro_hybrid_guide.md,True,
20260818-16:22:16_structured_libero_spatial_task_t9_s3_r1,structured,9,3,1,read_text_file,memory,MEMORY.md,False,
20260818-16:22:16_structured_libero_spatial_task_t9_s3_r1,structured,9,3,1,read_text_file,guides,strict_hybrid_guide.md,False,
20260818-16:22:16_structured_libero_spatial_task_t9_s3_r1,structured,9,3,1,read_text_file,guides,pro_hybrid_guide.md,False,
20260818-16:22:16_structured_libero_spatial_task_t9_s3_r1,structured,9,3,3,read_text_file,guides,strict_hybrid_guide.md,False,
20260818-16:22:16_structured_libero_spatial_task_t9_s3_r1,structured,9,3,4,read_text_file,guides,pro_hybrid_guide.md,False,
20260818-16:22:16_structured_libero_spatial_task_t9_s3_r1,structured,9,3,5,read_text_file,guides,env_calibration.md,False,
20260818-16:22:16_structured_libero_spatial_task_t9_s3_r1,structured,9,3,6,list_dir,prior_results,results_spatial_pert,False,
20260818-16:22:16_structured_libero_spatial_task_t9_s3_r1,structured,9,3,7,read_text_file,prior_results,spatial_t9_s0.json,False,
20260818-16:22:16_structured_libero_spatial_task_t9_s3_r1,structured,9,3,8,read_text_file,prior_results,recipe_spatial_t9_s0.jsonl,False,
20260818-16:20:31_structured_libero_spatial_task_t9_s1_r1,structured,9,1,1,read_text_file,memory,MEMORY.md,False,
20260818-16:27:59_structured_libero_spatial_task_t9_s6_r1,structured,9,6,1,read_text_file,memory,MEMORY.md,True,
20260818-16:27:59_structured_libero_spatial_task_t9_s6_r1,structured,9,6,3,read_text_file,guides,strict_hybrid_guide.md,True,
20260818-16:27:59_structured_libero_spatial_task_t9_s6_r1,structured,9,6,3,read_text_file,guides,pro_hybrid_guide.md,True,
20260818-16:27:59_structured_libero_spatial_task_t9_s6_r1,structured,9,6,3,read_text_file,guides,env_calibration.md,True,
20260818-16:27:59_structured_libero_spatial_task_t9_s6_r1,structured,9,6,3,list_dir,prior_results,results_spatial_pert,True,
20260818-16:27:59_structured_libero_spatial_task_t9_s6_r1,structured,9,6,4,read_text_file,guides,pro_hybrid_guide.md,True,
20260818-16:27:59_structured_libero_spatial_task_t9_s6_r1,structured,9,6,5,read_text_file,guides,env_calibration.md,True,
20260818-16:27:59_structured_libero_spatial_task_t9_s6_r1,structured,9,6,6,list_dir,prior_results,results_spatial_pert,True,
20260818-16:27:59_structured_libero_spatial_task_t9_s6_r1,structured,9,6,7,read_text_file,prior_results,spatial_t9_s0.json,True,
20260818-16:27:59_structured_libero_spatial_task_t9_s6_r1,structured,9,6,8,read_text_file,prior_results,recipe_spatial_t9_s0.jsonl,True,
20260818-16:27:59_structured_libero_spatial_task_t9_s6_r1,structured,9,6,9,list_dir,other,memory,True,
20260818-16:27:59_structured_libero_spatial_task_t9_s6_r1,structured,9,6,10,list_dir,memory,rules,True,
20260818-16:27:59_structured_libero_spatial_task_t9_s6_r1,structured,9,6,11,read_text_file,memory,P_look.json,True,
20260818-16:30:37_structured_libero_spatial_task_t9_s9_r1,structured,9,9,1,read_text_file,memory,MEMORY.md,True,
20260818-16:30:37_structured_libero_spatial_task_t9_s9_r1,structured,9,9,3,read_text_file,guides,strict_hybrid_guide.md,True,
20260818-16:30:37_structured_libero_spatial_task_t9_s9_r1,structured,9,9,3,read_text_file,guides,pro_hybrid_guide.md,True,
20260818-16:30:37_structured_libero_spatial_task_t9_s9_r1,structured,9,9,3,read_text_file,guides,env_calibration.md,True,
20260818-16:30:37_structured_libero_spatial_task_t9_s9_r1,structured,9,9,4,read_text_file,guides,pro_hybrid_guide.md,True,
20260818-16:30:37_structured_libero_spatial_task_t9_s9_r1,structured,9,9,5,read_text_file,guides,env_calibration.md,True,
20260818-16:30:37_structured_libero_spatial_task_t9_s9_r1,structured,9,9,6,list_dir,prior_results,results_spatial_pert,True,
20260818-16:30:37_structured_libero_spatial_task_t9_s9_r1,structured,9,9,7,read_text_file,prior_results,spatial_t9_s0.json,True,
20260818-16:30:37_structured_libero_spatial_task_t9_s9_r1,structured,9,9,7,read_text_file,memory,P_look.json,True,
20260818-16:30:37_structured_libero_spatial_task_t9_s9_r1,structured,9,9,8,read_text_file,memory,P_look.json,True,
20260818-16:30:37_structured_libero_spatial_task_t9_s9_r1,structured,9,9,8,read_text_file,memory,GLOBAL.json,True,
20260818-16:30:14_structured_libero_spatial_task_t9_s8_r1,structured,9,8,1,read_text_file,memory,MEMORY.md,False,
20260818-16:30:14_structured_libero_spatial_task_t9_s8_r1,structured,9,8,1,read_text_file,guides,strict_hybrid_guide.md,False,
20260818-16:34:28_baseline_libero_spatial_task_t7_s2_r2,baseline,7,2,1,read_text_file,memory,MEMORY.md,True,
20260818-16:34:28_baseline_libero_spatial_task_t7_s2_r2,baseline,7,2,1,read_text_file,guides,strict_hybrid_guide.md,True,
20260818-16:34:28_baseline_libero_spatial_task_t7_s2_r2,baseline,7,2,2,read_text_file,guides,strict_hybrid_guide.md,True,
20260818-16:34:28_baseline_libero_spatial_task_t7_s2_r2,baseline,7,2,3,read_text_file,guides,pro_hybrid_guide.md,True,
20260818-16:34:28_baseline_libero_spatial_task_t7_s2_r2,baseline,7,2,4,read_text_file,guides,env_calibration.md,True,
20260818-16:34:28_baseline_libero_spatial_task_t7_s2_r2,baseline,7,2,5,list_dir,prior_results,results_spatial_pert,True,
20260818-16:34:28_baseline_libero_spatial_task_t7_s2_r2,baseline,7,2,6,read_text_file,prior_results,spatial_t7_s0.json,True,
20260818-16:34:28_baseline_libero_spatial_task_t7_s2_r2,baseline,7,2,7,read_text_file,prior_results,recipe_spatial_t7_s0.jsonl,True,
20260818-16:28:06_structured_libero_spatial_task_t9_s7_r1,structured,9,7,1,read_text_file,memory,MEMORY.md,True,
20260818-16:28:06_structured_libero_spatial_task_t9_s7_r1,structured,9,7,3,list_dir,prior_results,results_spatial_pert,True,
20260818-16:28:06_structured_libero_spatial_task_t9_s7_r1,structured,9,7,4,read_text_file,prior_results,spatial_t9_s0.json,True,
20260818-16:28:06_structured_libero_spatial_task_t9_s7_r1,structured,9,7,4,read_text_file,prior_results,recipe_spatial_t9_s0.jsonl,True,
20260818-16:28:06_structured_libero_spatial_task_t9_s7_r1,structured,9,7,5,read_text_file,prior_results,recipe_spatial_t9_s0.jsonl,True,
20260818-16:28:06_structured_libero_spatial_task_t9_s7_r1,structured,9,7,6,read_text_file,guides,strict_hybrid_guide.md,True,
20260818-16:37:46_baseline_libero_spatial_task_t9_s9_r2,baseline,9,9,1,read_text_file,memory,MEMORY.md,True,
20260818-16:37:46_baseline_libero_spatial_task_t9_s9_r2,baseline,9,9,1,read_text_file,guides,strict_hybrid_guide.md,True,
20260818-16:37:46_baseline_libero_spatial_task_t9_s9_r2,baseline,9,9,1,read_text_file,guides,pro_hybrid_guide.md,True,
20260818-16:37:46_baseline_libero_spatial_task_t9_s9_r2,baseline,9,9,1,read_text_file,guides,env_calibration.md,True,
20260818-16:37:46_baseline_libero_spatial_task_t9_s9_r2,baseline,9,9,2,list_dir,memory,,True,
20260818-16:37:46_baseline_libero_spatial_task_t9_s9_r2,baseline,9,9,3,list_dir,memory,rules,True,
20260818-16:37:46_baseline_libero_spatial_task_t9_s9_r2,baseline,9,9,4,read_text_file,memory,GLOBAL.json,True,
20260818-16:37:46_baseline_libero_spatial_task_t9_s9_r2,baseline,9,9,5,read_text_file,memory,P_grasp.json,True,
20260818-16:37:46_baseline_libero_spatial_task_t9_s9_r2,baseline,9,9,6,read_text_file,memory,P_place.json,True,
20260818-16:37:46_baseline_libero_spatial_task_t9_s9_r2,baseline,9,9,7,read_text_file,memory,README.md,True,
20260818-16:37:46_baseline_libero_spatial_task_t9_s9_r2,baseline,9,9,8,read_text_file,guides,strict_hybrid_guide.md,True,
20260818-16:37:46_baseline_libero_spatial_task_t9_s9_r2,baseline,9,9,9,read_text_file,guides,pro_hybrid_guide.md,True,
20260818-16:37:46_baseline_libero_spatial_task_t9_s9_r2,baseline,9,9,10,read_text_file,guides,env_calibration.md,True,
20260818-16:37:46_baseline_libero_spatial_task_t9_s9_r2,baseline,9,9,11,list_dir,prior_results,,True,
20260818-16:37:46_baseline_libero_spatial_task_t9_s9_r2,baseline,9,9,12,read_text_file,prior_results,spatial_t9_s0.json,True,
20260818-16:37:46_baseline_libero_spatial_task_t9_s9_r2,baseline,9,9,13,read_text_file,prior_results,recipe_spatial_t9_s0.jsonl,True,
20260818-16:35:53_baseline_libero_spatial_task_t0_s5_r2,baseline,0,5,1,read_text_file,memory,MEMORY.md,True,
20260818-16:35:53_baseline_libero_spatial_task_t0_s5_r2,baseline,0,5,1,read_text_file,guides,strict_hybrid_guide.md,True,
20260818-16:35:53_baseline_libero_spatial_task_t0_s5_r2,baseline,0,5,1,read_text_file,guides,pro_hybrid_guide.md,True,
20260818-16:35:53_baseline_libero_spatial_task_t0_s5_r2,baseline,0,5,2,read_text_file,guides,strict_hybrid_guide.md,True,
20260818-16:35:53_baseline_libero_spatial_task_t0_s5_r2,baseline,0,5,3,read_text_file,guides,pro_hybrid_guide.md,True,
20260818-16:35:53_baseline_libero_spatial_task_t0_s5_r2,baseline,0,5,4,read_text_file,guides,env_calibration.md,True,
20260818-16:35:53_baseline_libero_spatial_task_t0_s5_r2,baseline,0,5,7,list_dir,prior_results,results_spatial_pert,True,
20260818-16:35:53_baseline_libero_spatial_task_t0_s5_r2,baseline,0,5,8,read_text_file,prior_results,spatial_t0_s0.json,True,
20260818-16:33:23_structured_libero_spatial_task_t9_s10_r1,structured,9,10,1,read_text_file,memory,MEMORY.md,False,
20260818-16:33:23_structured_libero_spatial_task_t9_s10_r1,structured,9,10,1,read_text_file,guides,strict_hybrid_guide.md,False,
20260818-16:33:23_structured_libero_spatial_task_t9_s10_r1,structured,9,10,1,read_text_file,guides,pro_hybrid_guide.md,False,
20260818-16:33:23_structured_libero_spatial_task_t9_s10_r1,structured,9,10,1,read_text_file,guides,env_calibration.md,False,
20260818-16:33:23_structured_libero_spatial_task_t9_s10_r1,structured,9,10,2,read_text_file,guides,strict_hybrid_guide.md,False,
20260818-16:33:23_structured_libero_spatial_task_t9_s10_r1,structured,9,10,3,read_text_file,guides,pro_hybrid_guide.md,False,
20260818-16:33:23_structured_libero_spatial_task_t9_s10_r1,structured,9,10,4,read_text_file,guides,env_calibration.md,False,
20260818-16:04:37_structured_libero_spatial_task_t7_s2_r1,structured,7,,8,rule_inject,rule,R1,True,True
20260818-16:33:23_structured_libero_spatial_task_t9_s10_r1,structured,9,,10,rule_inject,rule,R1,False,True
20260818-16:33:23_structured_libero_spatial_task_t9_s10_r1,structured,9,,26,rule_inject,rule,R5,False,True
20260818-16:33:23_structured_libero_spatial_task_t9_s10_r1,structured,9,,31,rule_inject,rule,R7,False,True
20260818-16:33:23_structured_libero_spatial_task_t9_s10_r1,structured,9,,35,rule_inject,rule,R9,False,True
20260818-16:22:16_structured_libero_spatial_task_t9_s3_r1,structured,9,,12,rule_inject,rule,R1,False,True
20260818-16:22:16_structured_libero_spatial_task_t9_s3_r1,structured,9,,31,rule_inject,rule,R5,False,True
20260818-16:22:16_structured_libero_spatial_task_t9_s3_r1,structured,9,,35,rule_inject,rule,R9,False,True
20260818-16:22:16_structured_libero_spatial_task_t9_s3_r1,structured,9,,36,rule_inject,rule,R7,False,True
20260818-16:08:38_structured_libero_spatial_task_t7_s6_r1,structured,7,,13,rule_inject,rule,R1,True,True
20260818-16:02:01_structured_libero_spatial_task_t0_s10_r1,structured,0,,7,rule_inject,rule,R1,True,True
20260818-15:51:59_structured_libero_spatial_task_t0_s3_r1,structured,0,,9,rule_inject,rule,R1,True,True
20260818-16:25:37_structured_libero_spatial_task_t9_s5_r1,structured,9,,6,rule_inject,rule,R1,True,True
20260818-16:25:37_structured_libero_spatial_task_t9_s5_r1,structured,9,,15,rule_inject,rule,R5,True,False
20260818-15:51:59_structured_libero_spatial_task_t0_s8_r1,structured,0,,9,rule_inject,rule,R1,False,True
20260818-15:51:59_structured_libero_spatial_task_t0_s8_r1,structured,0,,29,rule_inject,rule,R7,False,True
20260818-15:51:59_structured_libero_spatial_task_t0_s8_r1,structured,0,,35,rule_inject,rule,R9,False,True
20260818-15:51:59_structured_libero_spatial_task_t0_s1_r1,structured,0,,5,rule_inject,rule,R1,False,True
20260818-16:16:53_structured_libero_spatial_task_t7_s9_r1,structured,7,,13,rule_inject,rule,R1,True,True
20260818-16:16:53_structured_libero_spatial_task_t7_s9_r1,structured,7,,35,rule_inject,rule,R9,True,True
20260818-15:51:59_structured_libero_spatial_task_t0_s4_r1,structured,0,,4,rule_inject,rule,R1,False,True
20260818-15:51:59_structured_libero_spatial_task_t0_s4_r1,structured,0,,35,rule_inject,rule,R9,False,False
20260818-16:05:43_structured_libero_spatial_task_t7_s5_r1,structured,7,,13,rule_inject,rule,R1,False,True
20260818-16:05:43_structured_libero_spatial_task_t7_s5_r1,structured,7,,25,rule_inject,rule,R4,False,True
20260818-16:05:43_structured_libero_spatial_task_t7_s5_r1,structured,7,,35,rule_inject,rule,R9,False,False
20260818-16:04:49_structured_libero_spatial_task_t7_s3_r1,structured,7,,7,rule_inject,rule,R1,True,True
20260818-16:04:49_structured_libero_spatial_task_t7_s3_r1,structured,7,,35,rule_inject,rule,R9,True,True
20260818-16:27:59_structured_libero_spatial_task_t9_s6_r1,structured,9,,29,rule_inject,rule,R5,True,False
20260818-16:04:52_structured_libero_spatial_task_t7_s4_r1,structured,7,,10,rule_inject,rule,R1,False,True
20260818-16:04:52_structured_libero_spatial_task_t7_s4_r1,structured,7,,35,rule_inject,rule,R9,False,True
20260818-16:30:37_structured_libero_spatial_task_t9_s9_r1,structured,9,,8,rule_inject,rule,R8,True,True
20260818-16:30:37_structured_libero_spatial_task_t9_s9_r1,structured,9,,10,rule_inject,rule,R1,True,True
20260818-16:30:37_structured_libero_spatial_task_t9_s9_r1,structured,9,,29,rule_inject,rule,R5,True,False
20260818-16:11:13_structured_libero_spatial_task_t7_s8_r1,structured,7,,11,rule_inject,rule,R1,False,True
20260818-16:11:13_structured_libero_spatial_task_t7_s8_r1,structured,7,,35,rule_inject,rule,R9,False,True
20260818-16:11:13_structured_libero_spatial_task_t7_s8_r1,structured,7,,36,rule_inject,rule,R7,False,True
20260818-15:51:59_structured_libero_spatial_task_t0_s2_r1,structured,0,,12,rule_inject,rule,R8,False,True
20260818-15:51:59_structured_libero_spatial_task_t0_s2_r1,structured,0,,16,rule_inject,rule,R1,False,True
20260818-15:51:59_structured_libero_spatial_task_t0_s2_r1,structured,0,,35,rule_inject,rule,R9,False,False
20260818-15:51:59_structured_libero_spatial_task_t0_s2_r1,structured,0,,39,rule_inject,rule,R7,False,False
20260818-15:51:59_structured_libero_spatial_task_t0_s5_r1,structured,0,,6,rule_inject,rule,R1,True,True
20260818-15:51:59_structured_libero_spatial_task_t0_s6_r1,structured,0,,5,rule_inject,rule,R1,True,True
20260818-16:09:33_structured_libero_spatial_task_t7_s7_r1,structured,7,,5,rule_inject,rule,R1,False,True
20260818-16:09:33_structured_libero_spatial_task_t7_s7_r1,structured,7,,19,rule_inject,rule,R4,False,True
20260818-16:09:33_structured_libero_spatial_task_t7_s7_r1,structured,7,,35,rule_inject,rule,R9,False,False
20260818-16:04:34_structured_libero_spatial_task_t7_s1_r1,structured,7,,6,rule_inject,rule,R1,True,True
20260818-16:04:34_structured_libero_spatial_task_t7_s1_r1,structured,7,,24,rule_inject,rule,R7,True,True
20260818-16:21:43_structured_libero_spatial_task_t9_s2_r1,structured,9,,11,rule_inject,rule,R1,True,True
20260818-16:21:43_structured_libero_spatial_task_t9_s2_r1,structured,9,,26,rule_inject,rule,R5,True,False
20260818-16:17:27_structured_libero_spatial_task_t7_s10_r1,structured,7,,11,rule_inject,rule,R1,True,True
20260818-16:17:27_structured_libero_spatial_task_t7_s10_r1,structured,7,,35,rule_inject,rule,R9,True,True
20260818-16:23:02_structured_libero_spatial_task_t9_s4_r1,structured,9,,6,rule_inject,rule,R1,True,True
20260818-16:23:02_structured_libero_spatial_task_t9_s4_r1,structured,9,,16,rule_inject,rule,R5,True,False
20260818-16:20:31_structured_libero_spatial_task_t9_s1_r1,structured,9,,26,rule_inject,rule,R5,False,True
20260818-16:20:31_structured_libero_spatial_task_t9_s1_r1,structured,9,,28,rule_inject,rule,R7,False,False
20260818-16:20:31_structured_libero_spatial_task_t9_s1_r1,structured,9,,35,rule_inject,rule,R9,False,False
20260818-16:30:14_structured_libero_spatial_task_t9_s8_r1,structured,9,,4,rule_inject,rule,R1,False,True
20260818-16:30:14_structured_libero_spatial_task_t9_s8_r1,structured,9,,18,rule_inject,rule,R5,False,True
20260818-16:30:14_structured_libero_spatial_task_t9_s8_r1,structured,9,,21,rule_inject,rule,R7,False,False
20260818-16:30:14_structured_libero_spatial_task_t9_s8_r1,structured,9,,35,rule_inject,rule,R9,False,False
20260818-16:28:06_structured_libero_spatial_task_t9_s7_r1,structured,9,,7,rule_inject,rule,R1,True,True
20260818-16:28:06_structured_libero_spatial_task_t9_s7_r1,structured,9,,21,rule_inject,rule,R5,True,True
20260818-16:28:06_structured_libero_spatial_task_t9_s7_r1,structured,9,,24,rule_inject,rule,R7,True,True
20260818-16:28:06_structured_libero_spatial_task_t9_s7_r1,structured,9,,35,rule_inject,rule,R9,True,True
20260818-15:51:59_structured_libero_spatial_task_t0_s7_r1,structured,0,,7,rule_inject,rule,R1,True,True
20260818-15:59:58_structured_libero_spatial_task_t0_s9_r1,structured,0,,10,rule_inject,rule,R1,False,True
20260818-15:59:58_structured_libero_spatial_task_t0_s9_r1,structured,0,,35,rule_inject,rule,R9,False,False
SMOKE_t7s1,structured,7,,6,rule_inject,rule,R1,False,True
SMOKE_t7s1,structured,7,,26,rule_inject,rule,R7,False,False
SMOKE_t7s1,structured,7,,35,rule_inject,rule,R9,False,False
