event_id,task,seed,t0,arm,trial,stable,acquisition,terminated_in_chunk,chunk_class,chunks_used,cand_sha,recon_sha_match,delta_max,wall_s,note
r54,3,173,3,RESAMPLE,1,True,True,False,"{'ee_class': 'DESCEND', 'contact_class': 'HOLD', 'obj_class': 'UNMOVED', 'flag_target_displaced': False, 'flag_gripper_closed': False, 'flag_ee_near_target': True, 'end_eef': [0.0693375960696198, 0.0306202559184675, 0.9737891662030135], 'obj_disp': [0.0002119019982455006, 0.0002874044275183521, -0.0022444804071206637], 'ee_dz': -0.0395, 'ee_dxy': 0.011, 'odz': -0.0022, 'odxy': 0.0004, 'terminated_in_chunk': False}",17,97b86581123501d6,True,0.0,29.1,
r54,3,173,3,RESAMPLE,2,True,True,False,"{'ee_class': 'DESCEND', 'contact_class': 'HOLD', 'obj_class': 'UNMOVED', 'flag_target_displaced': False, 'flag_gripper_closed': False, 'flag_ee_near_target': True, 'end_eef': [0.07065899450379906, 0.033928329912702046, 0.9725799293886443], 'obj_disp': [0.0002865204443071173, 0.0004663920426383403, -0.0023149745574368996], 'ee_dz': -0.0407, 'ee_dxy': 0.0137, 'odz': -0.0023, 'odxy': 0.0005, 'terminated_in_chunk': False}",18,ec1db241e3dd9c96,True,0.0,30.3,
r54,3,173,3,RESAMPLE,3,False,False,False,"{'ee_class': 'DESCEND', 'contact_class': 'HOLD', 'obj_class': 'UNMOVED', 'flag_target_displaced': False, 'flag_gripper_closed': False, 'flag_ee_near_target': True, 'end_eef': [0.07705131838020762, 0.02754839439438199, 0.9733826132206882], 'obj_disp': [0.0005746242916268435, 0.0002420604951387309, -0.0025620574986043865], 'ee_dz': -0.0399, 'ee_dxy': 0.018, 'odz': -0.0026, 'odxy': 0.0006, 'terminated_in_chunk': False}",24,c6f9fd3df5450e8f,True,0.0,35.8,
r54,3,173,3,RESAMPLE,4,False,False,False,"{'ee_class': 'DESCEND', 'contact_class': 'HOLD', 'obj_class': 'UNMOVED', 'flag_target_displaced': False, 'flag_gripper_closed': False, 'flag_ee_near_target': True, 'end_eef': [0.06880328293318336, 0.03141229008825548, 0.9762988392717633], 'obj_disp': [0.00013352622160911487, 0.00024592526760633046, -0.0009856850990699328], 'ee_dz': -0.037, 'ee_dxy': 0.0108, 'odz': -0.001, 'odxy': 0.0003, 'terminated_in_chunk': False}",24,90830b7a73a63465,True,0.0,36.4,
r54,3,173,3,RESAMPLE,5,True,True,False,"{'ee_class': 'DESCEND', 'contact_class': 'HOLD', 'obj_class': 'UNMOVED', 'flag_target_displaced': False, 'flag_gripper_closed': False, 'flag_ee_near_target': True, 'end_eef': [0.07130740469487351, 0.034934361329665375, 0.9704335087964945], 'obj_disp': [0.0004377634291918564, 0.000627676896498161, -0.0031419349385977124], 'ee_dz': -0.0428, 'ee_dxy': 0.0148, 'odz': -0.0031, 'odxy': 0.0008, 'terminated_in_chunk': False}",16,aca7d60000d1fa93,True,0.0,28.1,
r64,3,184,3,RESAMPLE,1,False,True,False,"{'ee_class': 'DESCEND', 'contact_class': 'HOLD', 'obj_class': 'UNMOVED', 'flag_target_displaced': False, 'flag_gripper_closed': False, 'flag_ee_near_target': True, 'end_eef': [0.07440198644525993, 0.035416560721400904, 0.9811121878315483], 'obj_disp': [-1.8214596497756474e-13, 1.4302517503672618e-12, 0.0], 'ee_dz': -0.0459, 'ee_dxy': 0.009, 'odz': 0.0, 'odxy': 0.0, 'terminated_in_chunk': False}",24,c93ba6dbfe2a194c,True,0.0,37.8,
r54,3,173,3,RESAMPLE,6,True,True,False,"{'ee_class': 'DESCEND', 'contact_class': 'HOLD', 'obj_class': 'UNMOVED', 'flag_target_displaced': False, 'flag_gripper_closed': False, 'flag_ee_near_target': True, 'end_eef': [0.07264363854113808, 0.028930688746877667, 0.9791248475214026], 'obj_disp': [1.4156363437392572e-05, 7.834139268893259e-06, -5.404179199486325e-05], 'ee_dz': -0.0341, 'ee_dxy': 0.0137, 'odz': -0.0001, 'odxy': 0.0, 'terminated_in_chunk': False}",21,dceda2b8fda7354d,True,0.0,32.6,
r64,3,184,3,RESAMPLE,2,True,True,False,"{'ee_class': 'DESCEND', 'contact_class': 'HOLD', 'obj_class': 'UNMOVED', 'flag_target_displaced': False, 'flag_gripper_closed': False, 'flag_ee_near_target': True, 'end_eef': [0.07157736491523949, 0.031374179658582975, 0.9853312907418784], 'obj_disp': [-1.8214596497756474e-13, 1.4302517503672618e-12, 0.0], 'ee_dz': -0.0417, 'ee_dxy': 0.0047, 'odz': 0.0, 'odxy': 0.0, 'terminated_in_chunk': False}",24,da72eb1e0d12fa49,True,0.0,38.6,
r54,3,173,3,RESAMPLE,7,True,True,False,"{'ee_class': 'DESCEND', 'contact_class': 'HOLD', 'obj_class': 'UNMOVED', 'flag_target_displaced': False, 'flag_gripper_closed': False, 'flag_ee_near_target': True, 'end_eef': [0.07391255434135538, 0.03012874066112465, 0.9788751768070391], 'obj_disp': [1.7665810841296925e-05, 6.598058956860248e-06, -2.0122831544178155e-05], 'ee_dz': -0.0344, 'ee_dxy': 0.0152, 'odz': -0.0, 'odxy': 0.0, 'terminated_in_chunk': False}",19,28febe235266e1a6,True,0.0,30.6,
r64,3,184,3,RESAMPLE,3,False,True,False,"{'ee_class': 'DESCEND', 'contact_class': 'HOLD', 'obj_class': 'UNMOVED', 'flag_target_displaced': False, 'flag_gripper_closed': False, 'flag_ee_near_target': True, 'end_eef': [0.07238295096271093, 0.03367498286895307, 0.9814547896558719], 'obj_disp': [-1.8214596497756474e-13, 1.4302517503672618e-12, 0.0], 'ee_dz': -0.0456, 'ee_dxy': 0.0064, 'odz': 0.0, 'odxy': 0.0, 'terminated_in_chunk': False}",24,c61acafd06d4a6ca,True,0.0,38.8,
r54,3,173,3,RESAMPLE,8,True,True,False,"{'ee_class': 'DESCEND', 'contact_class': 'HOLD', 'obj_class': 'UNMOVED', 'flag_target_displaced': False, 'flag_gripper_closed': False, 'flag_ee_near_target': True, 'end_eef': [0.0705221412172169, 0.031558297091199394, 0.9727438086848759], 'obj_disp': [0.0003458423874497518, 0.0004403848311081253, -0.002716953511564313], 'ee_dz': -0.0405, 'ee_dxy': 0.0124, 'odz': -0.0027, 'odxy': 0.0006, 'terminated_in_chunk': False}",20,6f4dddac1a98662a,True,0.0,31.9,
r64,3,184,3,RESAMPLE,4,True,True,False,"{'ee_class': 'DESCEND', 'contact_class': 'HOLD', 'obj_class': 'UNMOVED', 'flag_target_displaced': False, 'flag_gripper_closed': False, 'flag_ee_near_target': True, 'end_eef': [0.06863775379568215, 0.037555678094134404, 0.9806345124197514], 'obj_disp': [-1.8214596497756474e-13, 1.4302517503672618e-12, 0.0], 'ee_dz': -0.0464, 'ee_dxy': 0.0076, 'odz': 0.0, 'odxy': 0.0, 'terminated_in_chunk': False}",18,12086d841f2c01d9,True,0.0,31.9,
r54,3,173,3,NATURAL,1,False,True,False,"{'ee_class': 'DESCEND', 'contact_class': 'OPENING', 'obj_class': 'UNMOVED', 'flag_target_displaced': False, 'flag_gripper_closed': True, 'flag_ee_near_target': True, 'end_eef': [0.051009366187627636, 0.03828118000990307, 0.9394891294587973], 'obj_disp': [-0.002026418842540942, 0.0037151696876147958, 0.0019874618670132627], 'ee_dz': -0.048, 'ee_dxy': 0.009, 'odz': 0.002, 'odxy': 0.0042, 'terminated_in_chunk': False}",24,56a0f1f352fedb5a,,,24.0,from_S_post_descriptive
r54,3,173,3,NATURAL,2,False,True,False,"{'ee_class': 'DESCEND', 'contact_class': 'HOLD', 'obj_class': 'UNMOVED', 'flag_target_displaced': False, 'flag_gripper_closed': True, 'flag_ee_near_target': True, 'end_eef': [0.05511361993264615, 0.03302439409934227, 0.9451569325720427], 'obj_disp': [-0.00027602883687245783, 0.0007585512159958771, 0.004709488223637925], 'ee_dz': -0.0423, 'ee_dxy': 0.0083, 'odz': 0.0047, 'odxy': 0.0008, 'terminated_in_chunk': False}",24,b48ab00ff241fbe7,,,24.3,from_S_post_descriptive
r64,3,184,3,RESAMPLE,5,True,True,False,"{'ee_class': 'DESCEND', 'contact_class': 'HOLD', 'obj_class': 'UNMOVED', 'flag_target_displaced': False, 'flag_gripper_closed': False, 'flag_ee_near_target': True, 'end_eef': [0.07160622948555903, 0.032618562725646, 0.9789978248190504], 'obj_disp': [-1.8214596497756474e-13, 1.4302517503672618e-12, 0.0], 'ee_dz': -0.048, 'ee_dxy': 0.0052, 'odz': 0.0, 'odxy': 0.0, 'terminated_in_chunk': False}",24,2ac2da4491ea1902,True,0.0,38.3,
r54,3,173,3,NATURAL,3,True,True,False,"{'ee_class': 'DESCEND', 'contact_class': 'OPENING', 'obj_class': 'UNMOVED', 'flag_target_displaced': False, 'flag_gripper_closed': True, 'flag_ee_near_target': True, 'end_eef': [0.052261540501605225, 0.039225012456144154, 0.9370023166587622], 'obj_disp': [-0.0011937357862675385, 0.00461985195440115, 0.000828983930904359], 'ee_dz': -0.0505, 'ee_dxy': 0.0077, 'odz': 0.0008, 'odxy': 0.0048, 'terminated_in_chunk': False}",19,e1fd04909d9d38a9,,,19.2,from_S_post_descriptive
r54,3,173,3,NATURAL,4,True,True,False,"{'ee_class': 'DESCEND', 'contact_class': 'OPENING', 'obj_class': 'UNMOVED', 'flag_target_displaced': False, 'flag_gripper_closed': True, 'flag_ee_near_target': True, 'end_eef': [0.054963536963945805, 0.03848100872736815, 0.951674992449779], 'obj_disp': [-0.0010543059362126822, 0.002967381742543518, -0.0025853922724186074], 'ee_dz': -0.0358, 'ee_dxy': 0.0051, 'odz': -0.0026, 'odxy': 0.0031, 'terminated_in_chunk': False}",19,a490948f30ae33f9,,,19.2,from_S_post_descriptive
r64,3,184,3,RESAMPLE,6,False,False,False,"{'ee_class': 'DESCEND', 'contact_class': 'HOLD', 'obj_class': 'UNMOVED', 'flag_target_displaced': False, 'flag_gripper_closed': False, 'flag_ee_near_target': True, 'end_eef': [0.07443956714870653, 0.03389139001072809, 0.9801083881259158], 'obj_disp': [-1.8214596497756474e-13, 1.4302517503672618e-12, 0.0], 'ee_dz': -0.0469, 'ee_dxy': 0.0083, 'odz': 0.0, 'odxy': 0.0, 'terminated_in_chunk': False}",24,66d307e9ef90f0a6,True,0.0,38.2,
r64,3,184,3,RESAMPLE,7,False,False,False,"{'ee_class': 'DESCEND', 'contact_class': 'HOLD', 'obj_class': 'UNMOVED', 'flag_target_displaced': False, 'flag_gripper_closed': False, 'flag_ee_near_target': True, 'end_eef': [0.07166370342675857, 0.03427236438112115, 0.982329812106574], 'obj_disp': [-1.8214596497756474e-13, 1.4302517503672618e-12, 0.0], 'ee_dz': -0.0447, 'ee_dxy': 0.0062, 'odz': 0.0, 'odxy': 0.0, 'terminated_in_chunk': False}",24,d2e91a681c83e0c0,True,0.0,39.0,
r64,3,184,3,RESAMPLE,8,False,False,False,"{'ee_class': 'DESCEND', 'contact_class': 'HOLD', 'obj_class': 'UNMOVED', 'flag_target_displaced': False, 'flag_gripper_closed': False, 'flag_ee_near_target': True, 'end_eef': [0.07497648640721621, 0.03219599030591765, 0.981851939195456], 'obj_disp': [-1.8214596497756474e-13, 1.4302517503672618e-12, 0.0], 'ee_dz': -0.0452, 'ee_dxy': 0.0082, 'odz': 0.0, 'odxy': 0.0, 'terminated_in_chunk': False}",24,866ae4ad962fa390,True,0.0,38.1,
r64,3,184,3,NATURAL,1,False,False,False,"{'ee_class': 'DESCEND', 'contact_class': 'HOLD', 'obj_class': 'UNMOVED', 'flag_target_displaced': False, 'flag_gripper_closed': True, 'flag_ee_near_target': True, 'end_eef': [0.047312641001054236, 0.038099815217742, 0.9341206172673665], 'obj_disp': [-0.0014944673676981074, 0.0011705258403871474, -0.002447052894345214], 'ee_dz': -0.0496, 'ee_dxy': 0.011, 'odz': -0.0024, 'odxy': 0.0019, 'terminated_in_chunk': False}",24,239b9fd91996765e,,,24.5,from_S_post_descriptive
r64,3,184,3,NATURAL,2,True,True,False,"{'ee_class': 'DESCEND', 'contact_class': 'OPENING', 'obj_class': 'UNMOVED', 'flag_target_displaced': False, 'flag_gripper_closed': True, 'flag_ee_near_target': True, 'end_eef': [0.05973631340264423, 0.039608623630538534, 0.9468737537166082], 'obj_disp': [-0.0008666302916490176, 0.0010621079680951315, -0.006465574005468211], 'ee_dz': -0.0368, 'ee_dxy': 0.0021, 'odz': -0.0065, 'odxy': 0.0014, 'terminated_in_chunk': False}",24,83db6999b8b8bbfa,,,23.9,from_S_post_descriptive
r64,3,184,3,NATURAL,3,False,True,False,"{'ee_class': 'DESCEND', 'contact_class': 'HOLD', 'obj_class': 'UNMOVED', 'flag_target_displaced': False, 'flag_gripper_closed': True, 'flag_ee_near_target': True, 'end_eef': [0.05530516274909586, 0.03943651250187594, 0.9396884348086688], 'obj_disp': [-0.000513928975185235, 0.0003044191101348459, 0.0011431908324069928], 'ee_dz': -0.044, 'ee_dxy': 0.0033, 'odz': 0.0011, 'odxy': 0.0006, 'terminated_in_chunk': False}",24,f247f27ed315b948,,,24.4,from_S_post_descriptive
r64,3,184,3,NATURAL,4,True,True,False,"{'ee_class': 'DESCEND', 'contact_class': 'HOLD', 'obj_class': 'UNMOVED', 'flag_target_displaced': False, 'flag_gripper_closed': True, 'flag_ee_near_target': True, 'end_eef': [0.052024229288185314, 0.040075816395665834, 0.9398409062939588], 'obj_disp': [-0.0006573349636873199, 0.00018103214554076458, 0.002426779580910199], 'ee_dz': -0.0439, 'ee_dxy': 0.0066, 'odz': 0.0024, 'odxy': 0.0007, 'terminated_in_chunk': False}",22,91ed2f359e607982,,,22.1,from_S_post_descriptive
r67,3,187,4,RESAMPLE,1,False,True,False,"{'ee_class': 'DESCEND', 'contact_class': 'HOLD', 'obj_class': 'UNMOVED', 'flag_target_displaced': False, 'flag_gripper_closed': False, 'flag_ee_near_target': True, 'end_eef': [0.06999138795990904, 0.016664078850690125, 0.9980903865325637], 'obj_disp': [-1.8214596497756474e-13, 1.4298458250738832e-12, -1.1102230246251565e-16], 'ee_dz': -0.0436, 'ee_dxy': 0.0056, 'odz': -0.0, 'odxy': 0.0, 'terminated_in_chunk': False}",20,28153f3bcb2bc3a5,True,0.0,41.3,
r67,3,187,4,RESAMPLE,2,False,False,False,"{'ee_class': 'DESCEND', 'contact_class': 'HOLD', 'obj_class': 'UNMOVED', 'flag_target_displaced': False, 'flag_gripper_closed': False, 'flag_ee_near_target': True, 'end_eef': [0.07025144180443886, 0.015664659661478515, 0.9925179006800715], 'obj_disp': [-1.8214596497756474e-13, 1.4298458250738832e-12, -1.1102230246251565e-16], 'ee_dz': -0.0492, 'ee_dxy': 0.0054, 'odz': -0.0, 'odxy': 0.0, 'terminated_in_chunk': False}",24,aa6d848009b6a1a0,True,0.0,45.3,
r67,3,187,4,RESAMPLE,3,True,True,False,"{'ee_class': 'DESCEND', 'contact_class': 'HOLD', 'obj_class': 'UNMOVED', 'flag_target_displaced': False, 'flag_gripper_closed': False, 'flag_ee_near_target': True, 'end_eef': [0.06881999720263067, 0.015983616210035932, 0.9928823365626461], 'obj_disp': [-1.8214596497756474e-13, 1.4298458250738832e-12, -1.1102230246251565e-16], 'ee_dz': -0.0488, 'ee_dxy': 0.0042, 'odz': -0.0, 'odxy': 0.0, 'terminated_in_chunk': False}",23,6147a2c6618d5e5e,True,0.0,44.3,
r88,5,137,3,RESAMPLE,1,False,True,False,"{'ee_class': 'DESCEND', 'contact_class': 'HOLD', 'obj_class': 'UNMOVED', 'flag_target_displaced': False, 'flag_gripper_closed': False, 'flag_ee_near_target': True, 'end_eef': [-0.19939854704477386, 0.19342324419257756, 1.0338176515461268], 'obj_disp': [3.241840490497694e-09, 2.0351727608725056e-08, -1.6440755423730025e-09], 'ee_dz': -0.0405, 'ee_dxy': 0.0095, 'odz': -0.0, 'odxy': 0.0, 'terminated_in_chunk': False}",24,c0183e4a2919df56,True,0.0,37.9,
r67,3,187,4,RESAMPLE,4,True,True,False,"{'ee_class': 'DESCEND', 'contact_class': 'HOLD', 'obj_class': 'UNMOVED', 'flag_target_displaced': False, 'flag_gripper_closed': False, 'flag_ee_near_target': True, 'end_eef': [0.06924633862103001, 0.017463639148311498, 0.9975501556808656], 'obj_disp': [-1.8214596497756474e-13, 1.4298458250738832e-12, -1.1102230246251565e-16], 'ee_dz': -0.0442, 'ee_dxy': 0.0054, 'odz': -0.0, 'odxy': 0.0, 'terminated_in_chunk': False}",18,0a73027ec77062ac,True,0.0,39.0,
r88,5,137,3,RESAMPLE,2,True,True,False,"{'ee_class': 'DESCEND', 'contact_class': 'HOLD', 'obj_class': 'UNMOVED', 'flag_target_displaced': False, 'flag_gripper_closed': False, 'flag_ee_near_target': True, 'end_eef': [-0.1989480521051696, 0.19337948648699407, 1.0329911945765282], 'obj_disp': [3.241840490497694e-09, 2.0351727553213905e-08, -1.6440755423730025e-09], 'ee_dz': -0.0413, 'ee_dxy': 0.0099, 'odz': -0.0, 'odxy': 0.0, 'terminated_in_chunk': False}",19,7957ce7ea7612aca,True,0.0,31.9,
r67,3,187,4,RESAMPLE,5,False,True,False,"{'ee_class': 'DESCEND', 'contact_class': 'HOLD', 'obj_class': 'UNMOVED', 'flag_target_displaced': False, 'flag_gripper_closed': False, 'flag_ee_near_target': True, 'end_eef': [0.07073000292073754, 0.016494502060746586, 0.9949230734023025], 'obj_disp': [-1.8214596497756474e-13, 1.4298458250738832e-12, -1.1102230246251565e-16], 'ee_dz': -0.0468, 'ee_dxy': 0.0062, 'odz': -0.0, 'odxy': 0.0, 'terminated_in_chunk': False}",24,b17ef3d039dbfe1c,True,0.0,45.0,
r88,5,137,3,RESAMPLE,3,False,True,False,"{'ee_class': 'DESCEND', 'contact_class': 'HOLD', 'obj_class': 'UNMOVED', 'flag_target_displaced': False, 'flag_gripper_closed': False, 'flag_ee_near_target': True, 'end_eef': [-0.20010837701540654, 0.195035327296148, 1.032512845847137], 'obj_disp': [3.241840490497694e-09, 2.0351727553213905e-08, -1.6440755423730025e-09], 'ee_dz': -0.0418, 'ee_dxy': 0.0098, 'odz': -0.0, 'odxy': 0.0, 'terminated_in_chunk': False}",24,ba64bc93a6c3a5c5,True,0.0,37.7,
r67,3,187,4,RESAMPLE,6,False,False,False,"{'ee_class': 'DESCEND', 'contact_class': 'HOLD', 'obj_class': 'UNMOVED', 'flag_target_displaced': False, 'flag_gripper_closed': False, 'flag_ee_near_target': True, 'end_eef': [0.06963684911974806, 0.0158113053707084, 0.9924269067731607], 'obj_disp': [-1.8214596497756474e-13, 1.4298458250738832e-12, -1.1102230246251565e-16], 'ee_dz': -0.0493, 'ee_dxy': 0.0049, 'odz': -0.0, 'odxy': 0.0, 'terminated_in_chunk': False}",24,8d2dea4d04f4eab5,True,0.0,44.9,
r88,5,137,3,RESAMPLE,4,True,True,False,"{'ee_class': 'DESCEND', 'contact_class': 'HOLD', 'obj_class': 'UNMOVED', 'flag_target_displaced': False, 'flag_gripper_closed': False, 'flag_ee_near_target': True, 'end_eef': [-0.19629820656476527, 0.19305254687071918, 1.0311901534072683], 'obj_disp': [3.241840490497694e-09, 2.0351727553213905e-08, -1.6440755423730025e-09], 'ee_dz': -0.0431, 'ee_dxy': 0.0122, 'odz': -0.0, 'odxy': 0.0, 'terminated_in_chunk': False}",24,3f2461b9de30e718,True,0.0,37.4,
r67,3,187,4,RESAMPLE,7,False,False,False,"{'ee_class': 'DESCEND', 'contact_class': 'HOLD', 'obj_class': 'UNMOVED', 'flag_target_displaced': False, 'flag_gripper_closed': False, 'flag_ee_near_target': True, 'end_eef': [0.07535868800527044, 0.016643890673940558, 0.9943013006229046], 'obj_disp': [-1.8214596497756474e-13, 1.4298458250738832e-12, -1.1102230246251565e-16], 'ee_dz': -0.0474, 'ee_dxy': 0.0106, 'odz': -0.0, 'odxy': 0.0, 'terminated_in_chunk': False}",24,b3e2453b316f32a2,True,0.0,45.3,
r88,5,137,3,RESAMPLE,5,False,True,False,"{'ee_class': 'DESCEND', 'contact_class': 'HOLD', 'obj_class': 'UNMOVED', 'flag_target_displaced': False, 'flag_gripper_closed': False, 'flag_ee_near_target': True, 'end_eef': [-0.20147992777883594, 0.1904030276931655, 1.0271053596019202], 'obj_disp': [3.241840490497694e-09, 2.0351727553213905e-08, -1.6440755423730025e-09], 'ee_dz': -0.0472, 'ee_dxy': 0.0065, 'odz': -0.0, 'odxy': 0.0, 'terminated_in_chunk': False}",24,1e651cf6623f78ae,True,0.0,36.9,
r88,5,137,3,RESAMPLE,6,True,True,False,"{'ee_class': 'DESCEND', 'contact_class': 'HOLD', 'obj_class': 'UNMOVED', 'flag_target_displaced': False, 'flag_gripper_closed': False, 'flag_ee_near_target': True, 'end_eef': [-0.19576109983136036, 0.193686448662342, 1.033969437181062], 'obj_disp': [3.241840490497694e-09, 2.0351727553213905e-08, -1.6440755423730025e-09], 'ee_dz': -0.0403, 'ee_dxy': 0.0129, 'odz': -0.0, 'odxy': 0.0, 'terminated_in_chunk': False}",24,bd6c21de924a868f,True,0.0,37.8,
r67,3,187,4,RESAMPLE,8,False,True,False,"{'ee_class': 'DESCEND', 'contact_class': 'HOLD', 'obj_class': 'UNMOVED', 'flag_target_displaced': False, 'flag_gripper_closed': False, 'flag_ee_near_target': True, 'end_eef': [0.06789623711942987, 0.01625375130563525, 0.9936318839263284], 'obj_disp': [-1.8214596497756474e-13, 1.4298458250738832e-12, -1.1102230246251565e-16], 'ee_dz': -0.0481, 'ee_dxy': 0.0036, 'odz': -0.0, 'odxy': 0.0, 'terminated_in_chunk': False}",19,66003ad50aaede0c,True,0.0,39.6,
r67,3,187,4,NATURAL,1,True,True,False,"{'ee_class': 'STATIONARY', 'contact_class': 'CLOSING', 'obj_class': 'UNMOVED', 'flag_target_displaced': False, 'flag_gripper_closed': True, 'flag_ee_near_target': True, 'end_eef': [0.0718466868343898, 0.05069541197583784, 0.9630897938893817], 'obj_disp': [0.0013571439618519643, -0.0007664598769670551, 0.00011789995565392175], 'ee_dz': -0.0018, 'ee_dxy': 0.0148, 'odz': 0.0001, 'odxy': 0.0016, 'terminated_in_chunk': False}",18,fb017771d94252f0,,,17.7,from_S_post_descriptive
r88,5,137,3,RESAMPLE,7,True,True,False,"{'ee_class': 'DESCEND', 'contact_class': 'HOLD', 'obj_class': 'UNMOVED', 'flag_target_displaced': False, 'flag_gripper_closed': False, 'flag_ee_near_target': True, 'end_eef': [-0.19752746123253698, 0.1956220695926977, 1.0333024409887366], 'obj_disp': [3.241840490497694e-09, 2.0351727553213905e-08, -1.6440755423730025e-09], 'ee_dz': -0.041, 'ee_dxy': 0.0123, 'odz': -0.0, 'odxy': 0.0, 'terminated_in_chunk': False}",20,f517cee9d10c17c7,True,0.0,33.1,
r67,3,187,4,NATURAL,2,True,True,False,"{'ee_class': 'STATIONARY', 'contact_class': 'HOLD', 'obj_class': 'UNMOVED', 'flag_target_displaced': False, 'flag_gripper_closed': False, 'flag_ee_near_target': True, 'end_eef': [0.07393020925983101, 0.04228664630068348, 0.964386226422113], 'obj_disp': [0.001616363096276885, 0.0003162432118798478, -0.0005240053278828816], 'ee_dz': -0.0005, 'ee_dxy': 0.0081, 'odz': -0.0005, 'odxy': 0.0016, 'terminated_in_chunk': False}",19,b47701465ecd9ef6,,,18.5,from_S_post_descriptive
r67,3,187,4,NATURAL,3,True,True,False,"{'ee_class': 'STATIONARY', 'contact_class': 'CLOSING', 'obj_class': 'UNMOVED', 'flag_target_displaced': False, 'flag_gripper_closed': True, 'flag_ee_near_target': True, 'end_eef': [0.07306795519977685, 0.05121774677068881, 0.964022930031023], 'obj_disp': [0.001756319627138736, -0.0008191958658444257, 0.0009448818361782463], 'ee_dz': -0.0009, 'ee_dxy': 0.0156, 'odz': 0.0009, 'odxy': 0.0019, 'terminated_in_chunk': False}",18,6d41722e178d4183,,,17.7,from_S_post_descriptive
r88,5,137,3,RESAMPLE,8,False,True,False,"{'ee_class': 'DESCEND', 'contact_class': 'HOLD', 'obj_class': 'UNMOVED', 'flag_target_displaced': False, 'flag_gripper_closed': False, 'flag_ee_near_target': True, 'end_eef': [-0.19225133259151103, 0.19375398303707872, 1.0325487676424343], 'obj_disp': [3.241840490497694e-09, 2.0351727553213905e-08, -1.6440755423730025e-09], 'ee_dz': -0.0417, 'ee_dxy': 0.0163, 'odz': -0.0, 'odxy': 0.0, 'terminated_in_chunk': False}",24,4383697bb87eca6a,True,0.0,38.1,
r67,3,187,4,NATURAL,4,True,True,False,"{'ee_class': 'STATIONARY', 'contact_class': 'CLOSING', 'obj_class': 'UNMOVED', 'flag_target_displaced': False, 'flag_gripper_closed': True, 'flag_ee_near_target': True, 'end_eef': [0.07233634804520281, 0.049405146804230055, 0.9604971013464557], 'obj_disp': [0.0013816005225911615, 0.0006946048177824127, -0.0026949853792023193], 'ee_dz': -0.0044, 'ee_dxy': 0.0136, 'odz': -0.0027, 'odxy': 0.0015, 'terminated_in_chunk': False}",20,6838c605b9194e7a,,,19.8,from_S_post_descriptive
r88,5,137,3,NATURAL,1,True,True,False,"{'ee_class': 'DESCEND', 'contact_class': 'CLOSING', 'obj_class': 'UNMOVED', 'flag_target_displaced': False, 'flag_gripper_closed': True, 'flag_ee_near_target': True, 'end_eef': [-0.17051593108538862, 0.20934371010700323, 0.9852332088751231], 'obj_disp': [3.8321219475445645e-08, -4.443244544516389e-08, -2.060178194707163e-08], 'ee_dz': -0.0394, 'ee_dxy': 0.0054, 'odz': -0.0, 'odxy': 0.0, 'terminated_in_chunk': False}",24,775382f09985247e,,,25.8,from_S_post_descriptive
r88,5,137,3,NATURAL,2,True,True,False,"{'ee_class': 'DESCEND', 'contact_class': 'CLOSING', 'obj_class': 'UNMOVED', 'flag_target_displaced': False, 'flag_gripper_closed': True, 'flag_ee_near_target': True, 'end_eef': [-0.17335535082886533, 0.20779098865076115, 0.9804170203961482], 'obj_disp': [3.76879175922884e-08, -4.369822581562488e-08, -2.026081646899769e-08], 'ee_dz': -0.0442, 'ee_dxy': 0.0085, 'odz': -0.0, 'odxy': 0.0, 'terminated_in_chunk': False}",24,8ae59d30d47a07a4,,,26.3,from_S_post_descriptive
r88,5,137,3,NATURAL,3,True,True,False,"{'ee_class': 'DESCEND', 'contact_class': 'CLOSING', 'obj_class': 'UNMOVED', 'flag_target_displaced': False, 'flag_gripper_closed': True, 'flag_ee_near_target': True, 'end_eef': [-0.1784169960997825, 0.20928686255358211, 0.979875705861551], 'obj_disp': [3.70546141825745e-08, -4.296400338277273e-08, -1.991985698612808e-08], 'ee_dz': -0.0448, 'ee_dxy': 0.0132, 'odz': -0.0, 'odxy': 0.0, 'terminated_in_chunk': False}",24,0025ca6c01ca5f85,,,25.7,from_S_post_descriptive
r88,5,137,3,NATURAL,4,True,True,False,"{'ee_class': 'DESCEND', 'contact_class': 'CLOSING', 'obj_class': 'UNMOVED', 'flag_target_displaced': False, 'flag_gripper_closed': True, 'flag_ee_near_target': True, 'end_eef': [-0.17795054490161316, 0.20411728254382128, 0.9844380147062703], 'obj_disp': [3.642130932957066e-08, -4.222977806334072e-08, -1.9578903498462807e-08], 'ee_dz': -0.0402, 'ee_dxy': 0.0142, 'odz': -0.0, 'odxy': 0.0, 'terminated_in_chunk': False}",24,b8e1125f96b27555,,,26.0,from_S_post_descriptive
r104,5,154,3,RESAMPLE,1,False,False,False,"{'ee_class': 'DESCEND', 'contact_class': 'HOLD', 'obj_class': 'UNMOVED', 'flag_target_displaced': False, 'flag_gripper_closed': False, 'flag_ee_near_target': True, 'end_eef': [-0.20536597043312996, 0.1949778530704135, 1.00483947449858], 'obj_disp': [3.241816731724967e-09, 2.0351784840721976e-08, -1.6440268035822214e-09], 'ee_dz': -0.045, 'ee_dxy': 0.0065, 'odz': -0.0, 'odxy': 0.0, 'terminated_in_chunk': False}",24,ef3e58b531c8c8ad,True,0.0,38.1,
r104,5,154,3,RESAMPLE,2,True,True,False,"{'ee_class': 'DESCEND', 'contact_class': 'HOLD', 'obj_class': 'UNMOVED', 'flag_target_displaced': False, 'flag_gripper_closed': False, 'flag_ee_near_target': True, 'end_eef': [-0.20504059584711376, 0.19747700755429176, 1.010442334228292], 'obj_disp': [3.241816731724967e-09, 2.0351784840721976e-08, -1.6440268035822214e-09], 'ee_dz': -0.0394, 'ee_dxy': 0.0087, 'odz': -0.0, 'odxy': 0.0, 'terminated_in_chunk': False}",18,f9c57ed44e95572b,True,0.0,30.6,
r104,5,154,3,RESAMPLE,3,True,True,False,"{'ee_class': 'DESCEND', 'contact_class': 'HOLD', 'obj_class': 'UNMOVED', 'flag_target_displaced': False, 'flag_gripper_closed': False, 'flag_ee_near_target': True, 'end_eef': [-0.20867993301664683, 0.19569248636076433, 1.0107668638207172], 'obj_disp': [3.241816731724967e-09, 2.0351784840721976e-08, -1.6440268035822214e-09], 'ee_dz': -0.039, 'ee_dxy': 0.0057, 'odz': -0.0, 'odxy': 0.0, 'terminated_in_chunk': False}",15,3d4432077abb5914,True,0.0,27.5,
r111,5,160,2,RESAMPLE,1,False,True,False,"{'ee_class': 'DESCEND', 'contact_class': 'HOLD', 'obj_class': 'UNMOVED', 'flag_target_displaced': False, 'flag_gripper_closed': False, 'flag_ee_near_target': True, 'end_eef': [-0.2067199423452604, 0.20902089860928547, 1.0435011713532263], 'obj_disp': [3.2417597217726524e-09, 2.035195972860393e-08, -1.6438987948674821e-09], 'ee_dz': -0.0461, 'ee_dxy': 0.0093, 'odz': -0.0, 'odxy': 0.0, 'terminated_in_chunk': False}",19,1a3a714a11aee1a5,True,0.0,30.2,
r104,5,154,3,RESAMPLE,4,False,True,False,"{'ee_class': 'DESCEND', 'contact_class': 'HOLD', 'obj_class': 'UNMOVED', 'flag_target_displaced': False, 'flag_gripper_closed': False, 'flag_ee_near_target': True, 'end_eef': [-0.20477192211096606, 0.19805601677458234, 1.0078030426612266], 'obj_disp': [3.241816731724967e-09, 2.0351784840721976e-08, -1.6440268035822214e-09], 'ee_dz': -0.042, 'ee_dxy': 0.0094, 'odz': -0.0, 'odxy': 0.0, 'terminated_in_chunk': False}",24,8700cd50f0914786,True,0.0,37.4,
r111,5,160,2,RESAMPLE,2,False,True,False,"{'ee_class': 'DESCEND', 'contact_class': 'HOLD', 'obj_class': 'UNMOVED', 'flag_target_displaced': False, 'flag_gripper_closed': False, 'flag_ee_near_target': True, 'end_eef': [-0.20665715639927348, 0.20830568371395747, 1.0447887674238763], 'obj_disp': [3.2417597217726524e-09, 2.035195972860393e-08, -1.6438987948674821e-09], 'ee_dz': -0.0448, 'ee_dxy': 0.0087, 'odz': -0.0, 'odxy': 0.0, 'terminated_in_chunk': False}",24,597bcab93581a15a,True,0.0,36.4,
r104,5,154,3,RESAMPLE,5,True,True,False,"{'ee_class': 'DESCEND', 'contact_class': 'HOLD', 'obj_class': 'UNMOVED', 'flag_target_displaced': False, 'flag_gripper_closed': False, 'flag_ee_near_target': True, 'end_eef': [-0.20727987894865904, 0.2013843554056911, 1.0063270659060655], 'obj_disp': [3.241816731724967e-09, 2.0351784840721976e-08, -1.6440268035822214e-09], 'ee_dz': -0.0435, 'ee_dxy': 0.0115, 'odz': -0.0, 'odxy': 0.0, 'terminated_in_chunk': False}",18,b1d3ea6a7d128730,True,0.0,30.6,
r111,5,160,2,RESAMPLE,3,True,True,False,"{'ee_class': 'DESCEND', 'contact_class': 'HOLD', 'obj_class': 'UNMOVED', 'flag_target_displaced': False, 'flag_gripper_closed': False, 'flag_ee_near_target': True, 'end_eef': [-0.2084387601807816, 0.20777570592727976, 1.0483420884039734], 'obj_disp': [3.2417597217726524e-09, 2.035195972860393e-08, -1.6438987948674821e-09], 'ee_dz': -0.0413, 'ee_dxy': 0.0075, 'odz': -0.0, 'odxy': 0.0, 'terminated_in_chunk': False}",21,04951fc46c7229b3,True,0.0,32.9,
r104,5,154,3,RESAMPLE,6,False,True,False,"{'ee_class': 'DESCEND', 'contact_class': 'HOLD', 'obj_class': 'UNMOVED', 'flag_target_displaced': False, 'flag_gripper_closed': False, 'flag_ee_near_target': True, 'end_eef': [-0.20570467904211792, 0.19804281510968103, 1.007866622080838], 'obj_disp': [3.241816731724967e-09, 2.0351784840721976e-08, -1.6440268035822214e-09], 'ee_dz': -0.0419, 'ee_dxy': 0.0089, 'odz': -0.0, 'odxy': 0.0, 'terminated_in_chunk': False}",23,0da710c3777da395,True,0.0,36.8,
r111,5,160,2,RESAMPLE,4,False,True,False,"{'ee_class': 'DESCEND', 'contact_class': 'HOLD', 'obj_class': 'UNMOVED', 'flag_target_displaced': False, 'flag_gripper_closed': False, 'flag_ee_near_target': True, 'end_eef': [-0.20718680413259513, 0.2080759960246196, 1.0495691885695861], 'obj_disp': [3.241759749528228e-09, 2.035195978411508e-08, -1.6438987948674821e-09], 'ee_dz': -0.0401, 'ee_dxy': 0.0082, 'odz': -0.0, 'odxy': 0.0, 'terminated_in_chunk': False}",24,bc60c262f9b80fba,True,0.0,37.4,
r104,5,154,3,RESAMPLE,7,True,True,False,"{'ee_class': 'DESCEND', 'contact_class': 'HOLD', 'obj_class': 'UNMOVED', 'flag_target_displaced': False, 'flag_gripper_closed': False, 'flag_ee_near_target': True, 'end_eef': [-0.20688494601479132, 0.1977312200689361, 1.0061400441910693], 'obj_disp': [3.241816731724967e-09, 2.0351784840721976e-08, -1.6440268035822214e-09], 'ee_dz': -0.0437, 'ee_dxy': 0.0081, 'odz': -0.0, 'odxy': 0.0, 'terminated_in_chunk': False}",15,af0a718d8965cd22,True,0.0,27.5,
r111,5,160,2,RESAMPLE,5,False,True,False,"{'ee_class': 'DESCEND', 'contact_class': 'HOLD', 'obj_class': 'UNMOVED', 'flag_target_displaced': False, 'flag_gripper_closed': False, 'flag_ee_near_target': True, 'end_eef': [-0.20802785857832454, 0.21376131970868373, 1.0474957016167703], 'obj_disp': [3.2417597217726524e-09, 2.035195972860393e-08, -1.6438987948674821e-09], 'ee_dz': -0.0421, 'ee_dxy': 0.0134, 'odz': -0.0, 'odxy': 0.0, 'terminated_in_chunk': False}",24,b00b8e5fad45ada3,True,0.0,36.5,
r104,5,154,3,RESAMPLE,8,False,False,False,"{'ee_class': 'DESCEND', 'contact_class': 'HOLD', 'obj_class': 'UNMOVED', 'flag_target_displaced': False, 'flag_gripper_closed': False, 'flag_ee_near_target': True, 'end_eef': [-0.20581952324332786, 0.1958155127994837, 1.0068739023715851], 'obj_disp': [3.241816731724967e-09, 2.0351784840721976e-08, -1.6440268035822214e-09], 'ee_dz': -0.0429, 'ee_dxy': 0.0069, 'odz': -0.0, 'odxy': 0.0, 'terminated_in_chunk': False}",24,f5e471f153db2650,True,0.0,37.9,
r111,5,160,2,RESAMPLE,6,False,False,False,"{'ee_class': 'DESCEND', 'contact_class': 'HOLD', 'obj_class': 'UNMOVED', 'flag_target_displaced': False, 'flag_gripper_closed': False, 'flag_ee_near_target': True, 'end_eef': [-0.20995981589771506, 0.20851054129301702, 1.0457300071560731], 'obj_disp': [3.2417597217726524e-09, 2.035195972860393e-08, -1.6438987948674821e-09], 'ee_dz': -0.0439, 'ee_dxy': 0.0079, 'odz': -0.0, 'odxy': 0.0, 'terminated_in_chunk': False}",24,a0bb49d605457239,True,0.0,36.9,
r104,5,154,3,NATURAL,1,False,True,False,"{'ee_class': 'DESCEND', 'contact_class': 'OPENING', 'obj_class': 'HARM_DISP', 'flag_target_displaced': False, 'flag_gripper_closed': True, 'flag_ee_near_target': True, 'end_eef': [-0.1472994520496064, 0.21484490013407834, 0.9709382432722117], 'obj_disp': [0.0032351674656131424, 0.015516515551884547, -0.014692735391646172], 'ee_dz': -0.015, 'ee_dxy': 0.0025, 'odz': -0.0147, 'odxy': 0.0159, 'terminated_in_chunk': False}",24,f5be7254ad694e95,,,26.8,from_S_post_descriptive
r104,5,154,3,NATURAL,2,True,True,False,"{'ee_class': 'DESCEND', 'contact_class': 'HOLD', 'obj_class': 'HARM_DISP', 'flag_target_displaced': False, 'flag_gripper_closed': True, 'flag_ee_near_target': True, 'end_eef': [-0.1509591314879155, 0.2184847067183703, 0.9630429945693033], 'obj_disp': [-0.0016884181411133403, -0.007037715810640721, -0.010862552528912994], 'ee_dz': -0.0229, 'ee_dxy': 0.0051, 'odz': -0.0109, 'odxy': 0.0072, 'terminated_in_chunk': False}",15,a6a7ca171d82bdd8,,,15.8,from_S_post_descriptive
r111,5,160,2,RESAMPLE,7,False,True,False,"{'ee_class': 'DESCEND', 'contact_class': 'HOLD', 'obj_class': 'UNMOVED', 'flag_target_displaced': False, 'flag_gripper_closed': False, 'flag_ee_near_target': True, 'end_eef': [-0.20838648744440022, 0.21285260470536543, 1.0481861800047056], 'obj_disp': [3.2417597217726524e-09, 2.035195972860393e-08, -1.6438987948674821e-09], 'ee_dz': -0.0414, 'ee_dxy': 0.0124, 'odz': -0.0, 'odxy': 0.0, 'terminated_in_chunk': False}",24,281b6b56295af0fb,True,0.0,36.9,
r104,5,154,3,NATURAL,3,False,True,False,"{'ee_class': 'DESCEND', 'contact_class': 'HOLD', 'obj_class': 'HARM_DISP', 'flag_target_displaced': False, 'flag_gripper_closed': True, 'flag_ee_near_target': True, 'end_eef': [-0.14899415010476824, 0.2165625422687162, 0.9695245344401335], 'obj_disp': [0.0003373537898607726, -0.005941482303335466, -0.010285391412268363], 'ee_dz': -0.0165, 'ee_dxy': 0.003, 'odz': -0.0103, 'odxy': 0.006, 'terminated_in_chunk': False}",24,b05b14ad8548bbf9,,,26.8,from_S_post_descriptive
r104,5,154,3,NATURAL,4,True,True,False,"{'ee_class': 'DESCEND', 'contact_class': 'HOLD', 'obj_class': 'HARM_DISP', 'flag_target_displaced': False, 'flag_gripper_closed': True, 'flag_ee_near_target': True, 'end_eef': [-0.1465059921254167, 0.2155277197138133, 0.9681409247716106], 'obj_disp': [0.0007828019096230154, -0.007701581656740036, -0.010294066239317945], 'ee_dz': -0.0178, 'ee_dxy': 0.0015, 'odz': -0.0103, 'odxy': 0.0077, 'terminated_in_chunk': False}",15,229baef2c4eb49b5,,,16.1,from_S_post_descriptive
r111,5,160,2,RESAMPLE,8,True,True,False,"{'ee_class': 'DESCEND', 'contact_class': 'HOLD', 'obj_class': 'UNMOVED', 'flag_target_displaced': False, 'flag_gripper_closed': False, 'flag_ee_near_target': True, 'end_eef': [-0.20887251551718178, 0.2121276478784045, 1.0466487736583059], 'obj_disp': [3.2417597217726524e-09, 2.035195972860393e-08, -1.6438987948674821e-09], 'ee_dz': -0.043, 'ee_dxy': 0.0116, 'odz': -0.0, 'odxy': 0.0, 'terminated_in_chunk': False}",24,cc2a94bc4a792107,True,0.0,36.6,
r111,5,160,2,NATURAL,1,False,False,False,"{'ee_class': 'STATIONARY', 'contact_class': 'CLOSING', 'obj_class': 'UNMOVED', 'flag_target_displaced': False, 'flag_gripper_closed': True, 'flag_ee_near_target': True, 'end_eef': [-0.20058714803257593, 0.20767646453467795, 0.9810980763777292], 'obj_disp': [0.0006161115185581434, -0.007526622000615796, 0.0008305875264673634], 'ee_dz': 0.005, 'ee_dxy': 0.0056, 'odz': 0.0008, 'odxy': 0.0076, 'terminated_in_chunk': False}",24,6014a4815d094ce8,,,26.0,from_S_post_descriptive
r111,5,160,2,NATURAL,2,False,False,False,"{'ee_class': 'STATIONARY', 'contact_class': 'CLOSING', 'obj_class': 'UNMOVED', 'flag_target_displaced': False, 'flag_gripper_closed': True, 'flag_ee_near_target': True, 'end_eef': [-0.20103767183359064, 0.2047721535624554, 0.9812087760104213], 'obj_disp': [0.0004633133886595975, -0.005551870393408126, 0.0008045258351402351], 'ee_dz': 0.0051, 'ee_dxy': 0.0028, 'odz': 0.0008, 'odxy': 0.0056, 'terminated_in_chunk': False}",24,60d0110498985fe5,,,26.1,from_S_post_descriptive
r111,5,160,2,NATURAL,3,False,True,False,"{'ee_class': 'STATIONARY', 'contact_class': 'HOLD', 'obj_class': 'UNMOVED', 'flag_target_displaced': False, 'flag_gripper_closed': True, 'flag_ee_near_target': True, 'end_eef': [-0.20097614651555992, 0.2019023397654108, 0.9760180976333572], 'obj_disp': [-0.002984763484025099, -0.0037058539620213604, -0.00045908280130635415], 'ee_dz': -0.0001, 'ee_dxy': 0.0007, 'odz': -0.0005, 'odxy': 0.0048, 'terminated_in_chunk': False}",24,3efad9322eea6ccf,,,26.5,from_S_post_descriptive
r111,5,160,2,NATURAL,4,False,True,False,"{'ee_class': 'STATIONARY', 'contact_class': 'CLOSING', 'obj_class': 'UNMOVED', 'flag_target_displaced': False, 'flag_gripper_closed': True, 'flag_ee_near_target': True, 'end_eef': [-0.20015875015521883, 0.20910130966614146, 0.9804705627191506], 'obj_disp': [0.0005659996538406598, -0.006654987489222719, 0.0007411230603181496], 'ee_dz': 0.0044, 'ee_dxy': 0.007, 'odz': 0.0007, 'odxy': 0.0067, 'terminated_in_chunk': False}",24,07503c436a5e526d,,,25.7,from_S_post_descriptive
r117,5,167,3,RESAMPLE,1,False,True,False,"{'ee_class': 'DESCEND', 'contact_class': 'HOLD', 'obj_class': 'UNMOVED', 'flag_target_displaced': False, 'flag_gripper_closed': False, 'flag_ee_near_target': True, 'end_eef': [-0.20074991197794242, 0.21676018280627835, 1.0137362135570813], 'obj_disp': [3.2418031037373396e-09, 2.0351823948328018e-08, -1.643997160627464e-09], 'ee_dz': -0.0437, 'ee_dxy': 0.007, 'odz': -0.0, 'odxy': 0.0, 'terminated_in_chunk': False}",24,23649e2649fffa8c,True,0.0,37.7,
r117,5,167,3,RESAMPLE,2,False,True,False,"{'ee_class': 'DESCEND', 'contact_class': 'HOLD', 'obj_class': 'UNMOVED', 'flag_target_displaced': False, 'flag_gripper_closed': False, 'flag_ee_near_target': True, 'end_eef': [-0.20038291407644893, 0.21799858855015822, 1.0125517922816518], 'obj_disp': [3.2418031037373396e-09, 2.0351823948328018e-08, -1.643997160627464e-09], 'ee_dz': -0.0449, 'ee_dxy': 0.0081, 'odz': -0.0, 'odxy': 0.0, 'terminated_in_chunk': False}",24,1e1221c0484c382a,True,0.0,35.5,
r117,5,167,3,RESAMPLE,3,True,True,False,"{'ee_class': 'DESCEND', 'contact_class': 'HOLD', 'obj_class': 'UNMOVED', 'flag_target_displaced': False, 'flag_gripper_closed': False, 'flag_ee_near_target': True, 'end_eef': [-0.19642006368263842, 0.21675085163828392, 1.0158042987911144], 'obj_disp': [3.2418031037373396e-09, 2.0351823948328018e-08, -1.643997160627464e-09], 'ee_dz': -0.0416, 'ee_dxy': 0.0108, 'odz': -0.0, 'odxy': 0.0, 'terminated_in_chunk': False}",24,bb37729a7ea2d151,True,0.0,36.6,
r119,5,169,2,RESAMPLE,1,False,True,False,"{'ee_class': 'DESCEND', 'contact_class': 'HOLD', 'obj_class': 'UNMOVED', 'flag_target_displaced': False, 'flag_gripper_closed': False, 'flag_ee_near_target': True, 'end_eef': [-0.24441314711907355, 0.2167507461970372, 1.0529367365446136], 'obj_disp': [3.241803159248491e-09, 2.0351823920572443e-08, -1.643997160627464e-09], 'ee_dz': -0.0368, 'ee_dxy': 0.0189, 'odz': -0.0, 'odxy': 0.0, 'terminated_in_chunk': False}",24,51b0ff20ec8acebf,True,0.0,35.9,
r117,5,167,3,RESAMPLE,4,False,True,False,"{'ee_class': 'DESCEND', 'contact_class': 'HOLD', 'obj_class': 'UNMOVED', 'flag_target_displaced': False, 'flag_gripper_closed': False, 'flag_ee_near_target': True, 'end_eef': [-0.1985161273240048, 0.22583474174047738, 1.0231530825466653], 'obj_disp': [3.2418031037373396e-09, 2.0351823948328018e-08, -1.643997160627464e-09], 'ee_dz': -0.0343, 'ee_dxy': 0.0155, 'odz': -0.0, 'odxy': 0.0, 'terminated_in_chunk': False}",24,b46adcda96c5bca4,True,0.0,37.2,
r119,5,169,2,RESAMPLE,2,False,True,False,"{'ee_class': 'DESCEND', 'contact_class': 'HOLD', 'obj_class': 'UNMOVED', 'flag_target_displaced': False, 'flag_gripper_closed': False, 'flag_ee_near_target': True, 'end_eef': [-0.24807990547926032, 0.21864612397318556, 1.0517441078517111], 'obj_disp': [3.241803159248491e-09, 2.0351823920572443e-08, -1.643997160627464e-09], 'ee_dz': -0.038, 'ee_dxy': 0.0184, 'odz': -0.0, 'odxy': 0.0, 'terminated_in_chunk': False}",24,cfcd922424bb8754,True,0.0,35.8,
r119,5,169,2,RESAMPLE,3,True,True,False,"{'ee_class': 'DESCEND', 'contact_class': 'HOLD', 'obj_class': 'UNMOVED', 'flag_target_displaced': False, 'flag_gripper_closed': False, 'flag_ee_near_target': True, 'end_eef': [-0.23235031956633373, 0.21975319125993906, 1.056815427858569], 'obj_disp': [3.241803159248491e-09, 2.0351823920572443e-08, -1.643997160627464e-09], 'ee_dz': -0.033, 'ee_dxy': 0.0298, 'odz': -0.0, 'odxy': 0.0, 'terminated_in_chunk': False}",20,10eb017f76be346b,True,0.0,31.0,
r117,5,167,3,RESAMPLE,5,False,False,False,"{'ee_class': 'DESCEND', 'contact_class': 'HOLD', 'obj_class': 'UNMOVED', 'flag_target_displaced': False, 'flag_gripper_closed': False, 'flag_ee_near_target': True, 'end_eef': [-0.1987412746624815, 0.2184196894636912, 1.0155351445231104], 'obj_disp': [3.2418031037373396e-09, 2.0351823948328018e-08, -1.643997160627464e-09], 'ee_dz': -0.0419, 'ee_dxy': 0.0096, 'odz': -0.0, 'odxy': 0.0, 'terminated_in_chunk': False}",24,9711777312e11439,True,0.0,37.7,
r119,5,169,2,RESAMPLE,4,False,True,False,"{'ee_class': 'DESCEND', 'contact_class': 'HOLD', 'obj_class': 'UNMOVED', 'flag_target_displaced': False, 'flag_gripper_closed': False, 'flag_ee_near_target': True, 'end_eef': [-0.23835224326457927, 0.21754658140125194, 1.0582049328774967], 'obj_disp': [3.241803159248491e-09, 2.0351823920572443e-08, -1.643997160627464e-09], 'ee_dz': -0.0316, 'ee_dxy': 0.0237, 'odz': -0.0, 'odxy': 0.0, 'terminated_in_chunk': False}",24,713d7a622244bb33,True,0.0,36.5,
r117,5,167,3,RESAMPLE,6,False,False,False,"{'ee_class': 'DESCEND', 'contact_class': 'HOLD', 'obj_class': 'UNMOVED', 'flag_target_displaced': False, 'flag_gripper_closed': False, 'flag_ee_near_target': True, 'end_eef': [-0.1986403435749745, 0.21671071002447645, 1.012676693330818], 'obj_disp': [3.2418031037373396e-09, 2.0351823948328018e-08, -1.643997160627464e-09], 'ee_dz': -0.0447, 'ee_dxy': 0.0087, 'odz': -0.0, 'odxy': 0.0, 'terminated_in_chunk': False}",24,423a7b9465b72406,True,0.0,37.9,
r119,5,169,2,RESAMPLE,5,True,True,False,"{'ee_class': 'DESCEND', 'contact_class': 'HOLD', 'obj_class': 'UNMOVED', 'flag_target_displaced': False, 'flag_gripper_closed': False, 'flag_ee_near_target': True, 'end_eef': [-0.24263258280917036, 0.21524415362630692, 1.0524673892577248], 'obj_disp': [3.241803159248491e-09, 2.0351823920572443e-08, -1.643997160627464e-09], 'ee_dz': -0.0373, 'ee_dxy': 0.019, 'odz': -0.0, 'odxy': 0.0, 'terminated_in_chunk': False}",19,653b158d4ab110ab,True,0.0,30.2,
r117,5,167,3,RESAMPLE,7,False,True,False,"{'ee_class': 'DESCEND', 'contact_class': 'HOLD', 'obj_class': 'UNMOVED', 'flag_target_displaced': False, 'flag_gripper_closed': False, 'flag_ee_near_target': True, 'end_eef': [-0.19075258427115294, 0.22353121596924752, 1.0249549875160366], 'obj_disp': [3.2418031037373396e-09, 2.0351823948328018e-08, -1.643997160627464e-09], 'ee_dz': -0.0325, 'ee_dxy': 0.0191, 'odz': -0.0, 'odxy': 0.0, 'terminated_in_chunk': False}",24,22131bf48e53c0d7,True,0.0,37.2,
r119,5,169,2,RESAMPLE,6,True,True,False,"{'ee_class': 'DESCEND', 'contact_class': 'HOLD', 'obj_class': 'UNMOVED', 'flag_target_displaced': False, 'flag_gripper_closed': False, 'flag_ee_near_target': True, 'end_eef': [-0.24233989315325016, 0.21776946738163236, 1.051485671591884], 'obj_disp': [3.241803159248491e-09, 2.0351823920572443e-08, -1.643997160627464e-09], 'ee_dz': -0.0383, 'ee_dxy': 0.021, 'odz': -0.0, 'odxy': 0.0, 'terminated_in_chunk': False}",21,19e0eb7db28fadcb,True,0.0,32.5,
r117,5,167,3,RESAMPLE,8,True,True,False,"{'ee_class': 'DESCEND', 'contact_class': 'HOLD', 'obj_class': 'UNMOVED', 'flag_target_displaced': False, 'flag_gripper_closed': False, 'flag_ee_near_target': True, 'end_eef': [-0.19999818504837844, 0.21708966535637983, 1.0083976402429389], 'obj_disp': [3.2418031037373396e-09, 2.0351823948328018e-08, -1.643997160627464e-09], 'ee_dz': -0.049, 'ee_dxy': 0.0078, 'odz': -0.0, 'odxy': 0.0, 'terminated_in_chunk': False}",24,bd04544a75eea706,True,0.0,37.4,
r117,5,167,3,NATURAL,1,True,True,False,"{'ee_class': 'ASCEND', 'contact_class': 'HOLD', 'obj_class': 'TOWARD_LIFT', 'flag_target_displaced': True, 'flag_gripper_closed': True, 'flag_ee_near_target': True, 'end_eef': [-0.12181059981828804, 0.22832696752941545, 1.0491098997108308], 'obj_disp': [0.022478953623473935, 0.00226638518513983, 0.03561109165352927], 'ee_dz': 0.0359, 'ee_dxy': 0.0224, 'odz': 0.0356, 'odxy': 0.0226, 'terminated_in_chunk': False}",8,b1a01288f04aca6f,,,8.7,from_S_post_descriptive
r117,5,167,3,NATURAL,2,True,True,False,"{'ee_class': 'ASCEND', 'contact_class': 'HOLD', 'obj_class': 'TOWARD_LIFT', 'flag_target_displaced': True, 'flag_gripper_closed': True, 'flag_ee_near_target': True, 'end_eef': [-0.13055243999146252, 0.23562611327011965, 1.054369773102581], 'obj_disp': [0.013350593648410375, 0.00924161143512331, 0.04129879967752448], 'ee_dz': 0.0411, 'ee_dxy': 0.0165, 'odz': 0.0413, 'odxy': 0.0162, 'terminated_in_chunk': False}",8,a49f5682c8c44612,,,8.3,from_S_post_descriptive
r119,5,169,2,RESAMPLE,7,False,True,False,"{'ee_class': 'DESCEND', 'contact_class': 'HOLD', 'obj_class': 'UNMOVED', 'flag_target_displaced': False, 'flag_gripper_closed': False, 'flag_ee_near_target': True, 'end_eef': [-0.2366098077881162, 0.21020257083842764, 1.0560785726794975], 'obj_disp': [3.241803159248491e-09, 2.0351823920572443e-08, -1.643997160627464e-09], 'ee_dz': -0.0337, 'ee_dxy': 0.0214, 'odz': -0.0, 'odxy': 0.0, 'terminated_in_chunk': False}",24,fa991c2d6e18cc29,True,0.0,37.1,
r117,5,167,3,NATURAL,3,True,True,False,"{'ee_class': 'ASCEND', 'contact_class': 'HOLD', 'obj_class': 'TOWARD_LIFT', 'flag_target_displaced': True, 'flag_gripper_closed': True, 'flag_ee_near_target': True, 'end_eef': [-0.12312778330858176, 0.2376405939463497, 1.052910506940665], 'obj_disp': [0.02100701497242033, 0.011828224490383205, 0.039230460519149135], 'ee_dz': 0.0397, 'ee_dxy': 0.0239, 'odz': 0.0392, 'odxy': 0.0241, 'terminated_in_chunk': False}",9,62becd9a6e2b07e3,,,9.3,from_S_post_descriptive
r117,5,167,3,NATURAL,4,False,False,False,"{'ee_class': 'ASCEND', 'contact_class': 'OPENING', 'obj_class': 'HARM_DISP', 'flag_target_displaced': True, 'flag_gripper_closed': True, 'flag_ee_near_target': True, 'end_eef': [-0.12587754293853257, 0.23632197975070282, 1.051033324841242], 'obj_disp': [0.03241764385680876, 0.023530419574977812, -0.02887241621569392], 'ee_dz': 0.0378, 'ee_dxy': 0.0209, 'odz': -0.0289, 'odxy': 0.0401, 'terminated_in_chunk': False}",24,6ceca5586ecd3953,,,25.5,from_S_post_descriptive
r119,5,169,2,RESAMPLE,8,True,True,False,"{'ee_class': 'DESCEND', 'contact_class': 'HOLD', 'obj_class': 'UNMOVED', 'flag_target_displaced': False, 'flag_gripper_closed': False, 'flag_ee_near_target': True, 'end_eef': [-0.23543798621817555, 0.2207970451041317, 1.0581695488885563], 'obj_disp': [3.241803159248491e-09, 2.0351823920572443e-08, -1.643997160627464e-09], 'ee_dz': -0.0316, 'ee_dxy': 0.0281, 'odz': -0.0, 'odxy': 0.0, 'terminated_in_chunk': False}",23,ab92655e5508452f,True,0.0,34.4,
r119,5,169,2,NATURAL,1,False,True,False,"{'ee_class': 'STATIONARY', 'contact_class': 'HOLD', 'obj_class': 'UNMOVED', 'flag_target_displaced': False, 'flag_gripper_closed': True, 'flag_ee_near_target': True, 'end_eef': [-0.22106805009319602, 0.20680374785920047, 0.9616474743584219], 'obj_disp': [3.596190381546793e-05, -0.003117041570982998, -0.005765691612482193], 'ee_dz': -0.0118, 'ee_dxy': 0.0005, 'odz': -0.0058, 'odxy': 0.0031, 'terminated_in_chunk': False}",24,19783d5422f80b09,,,26.3,from_S_post_descriptive
r119,5,169,2,NATURAL,2,False,False,False,"{'ee_class': 'STATIONARY', 'contact_class': 'HOLD', 'obj_class': 'UNMOVED', 'flag_target_displaced': False, 'flag_gripper_closed': True, 'flag_ee_near_target': True, 'end_eef': [-0.22396442037767536, 0.2051663496072015, 0.9647269101830364], 'obj_disp': [-0.0007716406506468876, -0.0037506140224602136, -0.0046122427200913085], 'ee_dz': -0.0087, 'ee_dxy': 0.0037, 'odz': -0.0046, 'odxy': 0.0038, 'terminated_in_chunk': False}",24,09d5307289ef6372,,,26.5,from_S_post_descriptive
r119,5,169,2,NATURAL,3,True,True,False,"{'ee_class': 'DESCEND', 'contact_class': 'HOLD', 'obj_class': 'UNMOVED', 'flag_target_displaced': False, 'flag_gripper_closed': True, 'flag_ee_near_target': True, 'end_eef': [-0.22023386988521718, 0.20979236965883952, 0.9559740372302413], 'obj_disp': [0.0007950308974953024, 0.00035411731234033517, -0.0071990609698577845], 'ee_dz': -0.0175, 'ee_dxy': 0.0026, 'odz': -0.0072, 'odxy': 0.0009, 'terminated_in_chunk': False}",22,75372457887646ce,,,23.5,from_S_post_descriptive
r119,5,169,2,NATURAL,4,True,True,False,"{'ee_class': 'STATIONARY', 'contact_class': 'HOLD', 'obj_class': 'UNMOVED', 'flag_target_displaced': False, 'flag_gripper_closed': True, 'flag_ee_near_target': True, 'end_eef': [-0.22059079820184815, 0.20850839125811765, 0.9781836628225474], 'obj_disp': [0.001789533524948067, 0.002607213820224996, 0.0025222466081831207], 'ee_dz': 0.0047, 'ee_dxy': 0.0013, 'odz': 0.0025, 'odxy': 0.0032, 'terminated_in_chunk': False}",19,e43d7164931b1f5b,,,19.9,from_S_post_descriptive
r129,5,178,3,RESAMPLE,1,False,False,False,"{'ee_class': 'DESCEND', 'contact_class': 'HOLD', 'obj_class': 'UNMOVED', 'flag_target_displaced': False, 'flag_gripper_closed': False, 'flag_ee_near_target': True, 'end_eef': [-0.19917848260826942, 0.1992321160154405, 1.0108709378129828], 'obj_disp': [3.241677426490952e-09, 2.0352233426335076e-08, -1.643708391618759e-09], 'ee_dz': -0.043, 'ee_dxy': 0.0108, 'odz': -0.0, 'odxy': 0.0, 'terminated_in_chunk': False}",24,cf77a5f6482512ba,True,0.0,36.0,
r129,5,178,3,RESAMPLE,2,True,True,False,"{'ee_class': 'DESCEND', 'contact_class': 'HOLD', 'obj_class': 'UNMOVED', 'flag_target_displaced': False, 'flag_gripper_closed': False, 'flag_ee_near_target': True, 'end_eef': [-0.19980938516656818, 0.20309304732762207, 1.014674246647756], 'obj_disp': [3.2416774542465276e-09, 2.0352233481846227e-08, -1.643708391618759e-09], 'ee_dz': -0.0392, 'ee_dxy': 0.0123, 'odz': -0.0, 'odxy': 0.0, 'terminated_in_chunk': False}",19,2c1046046f37ae27,True,0.0,30.4,
r129,5,178,3,RESAMPLE,3,True,True,False,"{'ee_class': 'DESCEND', 'contact_class': 'HOLD', 'obj_class': 'UNMOVED', 'flag_target_displaced': False, 'flag_gripper_closed': False, 'flag_ee_near_target': True, 'end_eef': [-0.2020809539344665, 0.19938429130822838, 1.012399956282346], 'obj_disp': [3.2416774542465276e-09, 2.0352233481846227e-08, -1.643708391618759e-09], 'ee_dz': -0.0415, 'ee_dxy': 0.0082, 'odz': -0.0, 'odxy': 0.0, 'terminated_in_chunk': False}",24,defd8280cc2482c9,True,0.0,35.9,
r129,5,178,3,RESAMPLE,4,False,False,False,"{'ee_class': 'DESCEND', 'contact_class': 'HOLD', 'obj_class': 'UNMOVED', 'flag_target_displaced': False, 'flag_gripper_closed': False, 'flag_ee_near_target': True, 'end_eef': [-0.20341291218735827, 0.2026738657682673, 1.0105039178331496], 'obj_disp': [3.2416774542465276e-09, 2.0352233481846227e-08, -1.643708391618759e-09], 'ee_dz': -0.0434, 'ee_dxy': 0.0095, 'odz': -0.0, 'odxy': 0.0, 'terminated_in_chunk': False}",24,8a6445eda16c1a7f,True,0.0,36.1,
r138,5,188,3,RESAMPLE,1,True,True,False,"{'ee_class': 'DESCEND', 'contact_class': 'HOLD', 'obj_class': 'UNMOVED', 'flag_target_displaced': False, 'flag_gripper_closed': False, 'flag_ee_near_target': True, 'end_eef': [-0.19311971653310916, 0.19343843686324375, 1.0121818761804133], 'obj_disp': [3.241826834754491e-09, 2.0351758112102658e-08, -1.6440482308865967e-09], 'ee_dz': -0.0396, 'ee_dxy': 0.0105, 'odz': -0.0, 'odxy': 0.0, 'terminated_in_chunk': False}",19,6872bd9a2c359d9e,True,0.0,32.3,
r129,5,178,3,RESAMPLE,5,False,True,False,"{'ee_class': 'DESCEND', 'contact_class': 'HOLD', 'obj_class': 'UNMOVED', 'flag_target_displaced': False, 'flag_gripper_closed': False, 'flag_ee_near_target': True, 'end_eef': [-0.20191849475455997, 0.20066340629807836, 1.0149350167498121], 'obj_disp': [3.2416774542465276e-09, 2.0352233481846227e-08, -1.643708391618759e-09], 'ee_dz': -0.039, 'ee_dxy': 0.0091, 'odz': -0.0, 'odxy': 0.0, 'terminated_in_chunk': False}",24,3c9eb6aa53795674,True,0.0,36.1,
r138,5,188,3,RESAMPLE,2,True,True,False,"{'ee_class': 'DESCEND', 'contact_class': 'HOLD', 'obj_class': 'UNMOVED', 'flag_target_displaced': False, 'flag_gripper_closed': False, 'flag_ee_near_target': True, 'end_eef': [-0.19499012465455778, 0.1907424868632277, 1.0054512463916232], 'obj_disp': [3.241826751487764e-09, 2.0351758001080356e-08, -1.6440482308865967e-09], 'ee_dz': -0.0464, 'ee_dxy': 0.0073, 'odz': -0.0, 'odxy': 0.0, 'terminated_in_chunk': False}",22,65886daf25470019,True,0.0,35.2,
r129,5,178,3,RESAMPLE,6,True,True,False,"{'ee_class': 'DESCEND', 'contact_class': 'HOLD', 'obj_class': 'UNMOVED', 'flag_target_displaced': False, 'flag_gripper_closed': False, 'flag_ee_near_target': True, 'end_eef': [-0.20138171916595907, 0.2058228796729176, 1.012078935432513], 'obj_disp': [3.241677426490952e-09, 2.0352233426335076e-08, -1.643708391618759e-09], 'ee_dz': -0.0418, 'ee_dxy': 0.0133, 'odz': -0.0, 'odxy': 0.0, 'terminated_in_chunk': False}",22,daee518d53df3bcd,True,0.0,33.5,
r138,5,188,3,RESAMPLE,3,True,True,False,"{'ee_class': 'DESCEND', 'contact_class': 'HOLD', 'obj_class': 'UNMOVED', 'flag_target_displaced': False, 'flag_gripper_closed': False, 'flag_ee_near_target': True, 'end_eef': [-0.1928863023658648, 0.19031172755618345, 1.00938814104248], 'obj_disp': [3.241826834754491e-09, 2.0351758112102658e-08, -1.6440482308865967e-09], 'ee_dz': -0.0424, 'ee_dxy': 0.0087, 'odz': -0.0, 'odxy': 0.0, 'terminated_in_chunk': False}",24,08bd4767af88fcb4,True,0.0,37.3,
r129,5,178,3,RESAMPLE,7,True,True,False,"{'ee_class': 'DESCEND', 'contact_class': 'HOLD', 'obj_class': 'UNMOVED', 'flag_target_displaced': False, 'flag_gripper_closed': False, 'flag_ee_near_target': True, 'end_eef': [-0.2042488919525227, 0.19951742016795343, 1.0086747469151192], 'obj_disp': [3.2416774542465276e-09, 2.0352233481846227e-08, -1.643708391618759e-09], 'ee_dz': -0.0452, 'ee_dxy': 0.0066, 'odz': -0.0, 'odxy': 0.0, 'terminated_in_chunk': False}",22,f1ead6a5ba3068bc,True,0.0,33.9,
r138,5,188,3,RESAMPLE,4,True,True,False,"{'ee_class': 'DESCEND', 'contact_class': 'HOLD', 'obj_class': 'UNMOVED', 'flag_target_displaced': False, 'flag_gripper_closed': False, 'flag_ee_near_target': True, 'end_eef': [-0.19358045809813693, 0.18825728743238324, 1.0111692110384287], 'obj_disp': [3.241826834754491e-09, 2.0351758112102658e-08, -1.6440482308865967e-09], 'ee_dz': -0.0407, 'ee_dxy': 0.0073, 'odz': -0.0, 'odxy': 0.0, 'terminated_in_chunk': False}",24,b623ea3816e71fef,True,0.0,38.5,
r129,5,178,3,RESAMPLE,8,True,True,False,"{'ee_class': 'DESCEND', 'contact_class': 'HOLD', 'obj_class': 'UNMOVED', 'flag_target_displaced': False, 'flag_gripper_closed': False, 'flag_ee_near_target': True, 'end_eef': [-0.2011148617656931, 0.20166720037758465, 1.0128974610910961], 'obj_disp': [3.241677426490952e-09, 2.0352233426335076e-08, -1.643708391618759e-09], 'ee_dz': -0.041, 'ee_dxy': 0.0104, 'odz': -0.0, 'odxy': 0.0, 'terminated_in_chunk': False}",15,b3dfde88fd8bb2e5,True,0.0,26.0,
r138,5,188,3,RESAMPLE,5,True,True,False,"{'ee_class': 'DESCEND', 'contact_class': 'HOLD', 'obj_class': 'UNMOVED', 'flag_target_displaced': False, 'flag_gripper_closed': False, 'flag_ee_near_target': True, 'end_eef': [-0.1963867991610055, 0.1910832714466951, 1.0130908389516051], 'obj_disp': [3.241826834754491e-09, 2.0351758112102658e-08, -1.6440482308865967e-09], 'ee_dz': -0.0387, 'ee_dxy': 0.0066, 'odz': -0.0, 'odxy': 0.0, 'terminated_in_chunk': False}",20,94ffba7360838f8a,True,0.0,33.2,
r129,5,178,3,NATURAL,1,False,False,False,"{'ee_class': 'DESCEND', 'contact_class': 'CLOSING', 'obj_class': 'UNMOVED', 'flag_target_displaced': False, 'flag_gripper_closed': True, 'flag_ee_near_target': True, 'end_eef': [-0.18716191372768548, 0.2230577835669962, 0.9990168244852029], 'obj_disp': [-3.7866996260849106e-08, 7.432363027803923e-08, -5.6193320108199885e-08], 'ee_dz': -0.0306, 'ee_dxy': 0.0042, 'odz': -0.0, 'odxy': 0.0, 'terminated_in_chunk': False}",24,56a9036a7e311b53,,,25.9,from_S_post_descriptive
r129,5,178,3,NATURAL,2,False,True,False,"{'ee_class': 'DESCEND', 'contact_class': 'CLOSING', 'obj_class': 'UNMOVED', 'flag_target_displaced': False, 'flag_gripper_closed': True, 'flag_ee_near_target': True, 'end_eef': [-0.18578791444719403, 0.22454048484587374, 1.0031523183199225], 'obj_disp': [-3.72700695860928e-08, 7.309761307361384e-08, -5.5386899844300785e-08], 'ee_dz': -0.0264, 'ee_dxy': 0.0063, 'odz': -0.0, 'odxy': 0.0, 'terminated_in_chunk': False}",24,e03fd1365b3d33e1,,,26.0,from_S_post_descriptive
r138,5,188,3,RESAMPLE,6,False,False,False,"{'ee_class': 'DESCEND', 'contact_class': 'HOLD', 'obj_class': 'UNMOVED', 'flag_target_displaced': False, 'flag_gripper_closed': False, 'flag_ee_near_target': True, 'end_eef': [-0.1942010541735393, 0.18864224666552107, 1.0113783834622754], 'obj_disp': [3.241826834754491e-09, 2.0351758112102658e-08, -1.6440482308865967e-09], 'ee_dz': -0.0404, 'ee_dxy': 0.0068, 'odz': -0.0, 'odxy': 0.0, 'terminated_in_chunk': False}",24,30e013768ede02dc,True,0.0,38.3,
r129,5,178,3,NATURAL,3,False,True,False,"{'ee_class': 'DESCEND', 'contact_class': 'HOLD', 'obj_class': 'UNMOVED', 'flag_target_displaced': False, 'flag_gripper_closed': False, 'flag_ee_near_target': True, 'end_eef': [-0.18297441106970114, 0.22353364623050695, 1.0137912298730969], 'obj_disp': [-3.6672582304220214e-08, 7.18715517655788e-08, -5.457806317998859e-08], 'ee_dz': -0.0158, 'ee_dxy': 0.0077, 'odz': -0.0, 'odxy': 0.0, 'terminated_in_chunk': False}",24,c33f2453f2f17a43,,,25.4,from_S_post_descriptive
r138,5,188,3,RESAMPLE,7,True,True,False,"{'ee_class': 'DESCEND', 'contact_class': 'HOLD', 'obj_class': 'UNMOVED', 'flag_target_displaced': False, 'flag_gripper_closed': False, 'flag_ee_near_target': True, 'end_eef': [-0.1950985953121815, 0.1882691996513698, 1.0117098332612728], 'obj_disp': [3.241826834754491e-09, 2.0351758112102658e-08, -1.6440482308865967e-09], 'ee_dz': -0.0401, 'ee_dxy': 0.0058, 'odz': -0.0, 'odxy': 0.0, 'terminated_in_chunk': False}",24,9fbc1da5cf81227b,True,0.0,38.6,
r129,5,178,3,NATURAL,4,False,True,False,"{'ee_class': 'DESCEND', 'contact_class': 'CLOSING', 'obj_class': 'UNMOVED', 'flag_target_displaced': False, 'flag_gripper_closed': True, 'flag_ee_near_target': True, 'end_eef': [-0.18734624039565173, 0.2211208306791854, 1.0045117792648217], 'obj_disp': [-3.6074520204376626e-08, 7.064544496615532e-08, -5.376675060730918e-08], 'ee_dz': -0.0251, 'ee_dxy': 0.0027, 'odz': -0.0, 'odxy': 0.0, 'terminated_in_chunk': False}",24,f44d40ed143299bc,,,26.0,from_S_post_descriptive
r138,5,188,3,RESAMPLE,8,False,True,False,"{'ee_class': 'DESCEND', 'contact_class': 'HOLD', 'obj_class': 'UNMOVED', 'flag_target_displaced': False, 'flag_gripper_closed': False, 'flag_ee_near_target': True, 'end_eef': [-0.19380055671555826, 0.18967976669528416, 1.0084011286569845], 'obj_disp': [3.241826834754491e-09, 2.0351758112102658e-08, -1.6440482308865967e-09], 'ee_dz': -0.0434, 'ee_dxy': 0.0076, 'odz': -0.0, 'odxy': 0.0, 'terminated_in_chunk': False}",24,cc34c884398e18e9,True,0.0,37.3,
r138,5,188,3,NATURAL,1,False,False,False,"{'ee_class': 'STATIONARY', 'contact_class': 'HOLD', 'obj_class': 'UNMOVED', 'flag_target_displaced': False, 'flag_gripper_closed': True, 'flag_ee_near_target': True, 'end_eef': [-0.19461326178884872, 0.21301158544957524, 0.9529476712285966], 'obj_disp': [-0.0010013351120552738, 0.0013553578066883287, -0.002633255074276697], 'ee_dz': -0.0138, 'ee_dxy': 0.0044, 'odz': -0.0026, 'odxy': 0.0017, 'terminated_in_chunk': False}",24,9a5f52b5f2e5565d,,,26.9,from_S_post_descriptive
r138,5,188,3,NATURAL,2,False,True,False,"{'ee_class': 'DESCEND', 'contact_class': 'OPENING', 'obj_class': 'UNMOVED', 'flag_target_displaced': False, 'flag_gripper_closed': False, 'flag_ee_near_target': True, 'end_eef': [-0.1967270041988104, 0.21071334789131593, 0.9492855201384386], 'obj_disp': [0.00170151666132215, 0.010029391756891631, -0.004243970325962021], 'ee_dz': -0.0175, 'ee_dxy': 0.0033, 'odz': -0.0042, 'odxy': 0.0102, 'terminated_in_chunk': False}",24,ba74f360cc1ea2ac,,,26.2,from_S_post_descriptive
r138,5,188,3,NATURAL,3,False,True,False,"{'ee_class': 'STATIONARY', 'contact_class': 'HOLD', 'obj_class': 'UNMOVED', 'flag_target_displaced': False, 'flag_gripper_closed': True, 'flag_ee_near_target': True, 'end_eef': [-0.19658714759787, 0.21271336466571208, 0.953975088031396], 'obj_disp': [-0.0016910701030685704, 0.0012049070379094307, -0.0027259796405011416], 'ee_dz': -0.0128, 'ee_dxy': 0.0047, 'odz': -0.0027, 'odxy': 0.0021, 'terminated_in_chunk': False}",24,506119aacd323500,,,26.3,from_S_post_descriptive
r138,5,188,3,NATURAL,4,False,False,False,"{'ee_class': 'STATIONARY', 'contact_class': 'HOLD', 'obj_class': 'UNMOVED', 'flag_target_displaced': False, 'flag_gripper_closed': True, 'flag_ee_near_target': True, 'end_eef': [-0.19505981120011423, 0.21281568063781067, 0.953094458802133], 'obj_disp': [-0.0010702159601488348, 0.0013739719116556137, -0.0025888087355445677], 'ee_dz': -0.0137, 'ee_dxy': 0.0043, 'odz': -0.0026, 'odxy': 0.0017, 'terminated_in_chunk': False}",24,55cd57afe86859ff,,,26.2,from_S_post_descriptive
r142,9,123,6,RESAMPLE,1,False,True,False,"{'ee_class': 'DESCEND', 'contact_class': 'HOLD', 'obj_class': 'UNMOVED', 'flag_target_displaced': False, 'flag_gripper_closed': False, 'flag_ee_near_target': True, 'end_eef': [-0.002646986354759337, -0.2737005110133332, 1.1876329308548952], 'obj_disp': [0.00018118184738308112, 0.00016756809463014388, 0.00048543686104229877], 'ee_dz': -0.0162, 'ee_dxy': 0.0021, 'odz': 0.0005, 'odxy': 0.0002, 'terminated_in_chunk': False}",24,5ed20a4be74651b2,True,0.0,45.6,
r142,9,123,6,RESAMPLE,2,False,True,False,"{'ee_class': 'DESCEND', 'contact_class': 'HOLD', 'obj_class': 'UNMOVED', 'flag_target_displaced': False, 'flag_gripper_closed': False, 'flag_ee_near_target': True, 'end_eef': [-0.004387005639190263, -0.2741391858697372, 1.1870271048837722], 'obj_disp': [3.078867792492314e-05, -3.0619724873670595e-05, 0.0013576263973060776], 'ee_dz': -0.0168, 'ee_dxy': 0.0039, 'odz': 0.0014, 'odxy': 0.0, 'terminated_in_chunk': False}",24,51a2720cbc861652,True,0.0,44.4,
r142,9,123,6,RESAMPLE,3,False,True,False,"{'ee_class': 'DESCEND', 'contact_class': 'HOLD', 'obj_class': 'UNMOVED', 'flag_target_displaced': False, 'flag_gripper_closed': False, 'flag_ee_near_target': True, 'end_eef': [-0.01001046870681852, -0.27567746402222615, 1.1838424729702102], 'obj_disp': [-1.1541031407677135e-05, 7.009468220398052e-05, 0.003533873817594957], 'ee_dz': -0.02, 'ee_dxy': 0.0097, 'odz': 0.0035, 'odxy': 0.0001, 'terminated_in_chunk': False}",24,1f4bb0f4f2758193,True,0.0,48.8,
r143,9,122,4,RESAMPLE,1,False,False,False,"{'ee_class': 'STATIONARY', 'contact_class': 'HOLD', 'obj_class': 'UNMOVED', 'flag_target_displaced': False, 'flag_gripper_closed': False, 'flag_ee_near_target': True, 'end_eef': [0.014811934301655286, -0.25400215176667224, 1.1836559811552192], 'obj_disp': [-8.864212423695395e-05, -0.0039778614681387214, -0.003050470595349797], 'ee_dz': 0.0126, 'ee_dxy': 0.0149, 'odz': -0.0031, 'odxy': 0.004, 'terminated_in_chunk': False}",24,c614e994a8306829,True,0.0,42.9,
r142,9,123,6,RESAMPLE,4,False,True,False,"{'ee_class': 'DESCEND', 'contact_class': 'HOLD', 'obj_class': 'UNMOVED', 'flag_target_displaced': False, 'flag_gripper_closed': False, 'flag_ee_near_target': True, 'end_eef': [-0.007915055207700392, -0.2756280593311611, 1.1850070372684796], 'obj_disp': [4.358769753019624e-05, 7.712141686327945e-05, 0.002330147093599244], 'ee_dz': -0.0189, 'ee_dxy': 0.0076, 'odz': 0.0023, 'odxy': 0.0001, 'terminated_in_chunk': False}",24,5502b8fccab7b0d3,True,0.0,44.6,
r143,9,122,4,RESAMPLE,2,False,False,False,"{'ee_class': 'STATIONARY', 'contact_class': 'HOLD', 'obj_class': 'UNMOVED', 'flag_target_displaced': False, 'flag_gripper_closed': False, 'flag_ee_near_target': True, 'end_eef': [0.011312737642232687, -0.2565669103275343, 1.173405540123036], 'obj_disp': [-8.864212423695395e-05, -0.0039778614681387214, -0.003050470595349797], 'ee_dz': 0.0024, 'ee_dxy': 0.0123, 'odz': -0.0031, 'odxy': 0.004, 'terminated_in_chunk': False}",24,f9705ec5aea1ae25,True,0.0,42.6,
r142,9,123,6,RESAMPLE,5,False,True,False,"{'ee_class': 'DESCEND', 'contact_class': 'HOLD', 'obj_class': 'UNMOVED', 'flag_target_displaced': False, 'flag_gripper_closed': False, 'flag_ee_near_target': True, 'end_eef': [-0.008346110903247501, -0.27750090190921656, 1.1845797435639414], 'obj_disp': [-9.917612564114622e-05, 0.00058894807828197, 0.0021307223071289627], 'ee_dz': -0.0193, 'ee_dxy': 0.0087, 'odz': 0.0021, 'odxy': 0.0006, 'terminated_in_chunk': False}",24,c43c2326983b8a9f,True,0.0,45.4,
r143,9,122,4,RESAMPLE,3,False,False,False,"{'ee_class': 'ASCEND', 'contact_class': 'HOLD', 'obj_class': 'UNMOVED', 'flag_target_displaced': False, 'flag_gripper_closed': False, 'flag_ee_near_target': True, 'end_eef': [0.012743187067473856, -0.25601389684396947, 1.187785295413381], 'obj_disp': [-8.864212423695395e-05, -0.0039778614681387214, -0.003050470595349797], 'ee_dz': 0.0167, 'ee_dxy': 0.0127, 'odz': -0.0031, 'odxy': 0.004, 'terminated_in_chunk': False}",24,d829e4e58b259d44,True,0.0,43.1,
r142,9,123,6,RESAMPLE,6,True,True,False,"{'ee_class': 'DESCEND', 'contact_class': 'HOLD', 'obj_class': 'UNMOVED', 'flag_target_displaced': False, 'flag_gripper_closed': False, 'flag_ee_near_target': True, 'end_eef': [-0.005823031715757055, -0.2763613321536073, 1.1859720346724216], 'obj_disp': [1.0077441156374281e-05, 0.0001173931062711242, 0.0013968545137652555], 'ee_dz': -0.0179, 'ee_dxy': 0.0059, 'odz': 0.0014, 'odxy': 0.0001, 'terminated_in_chunk': False}",24,4c02285541151750,True,0.0,45.5,
r143,9,122,4,RESAMPLE,4,False,False,False,"{'ee_class': 'ASCEND', 'contact_class': 'HOLD', 'obj_class': 'UNMOVED', 'flag_target_displaced': False, 'flag_gripper_closed': False, 'flag_ee_near_target': True, 'end_eef': [0.013994435898557004, -0.25632411137239197, 1.1894298100431628], 'obj_disp': [-8.864212423695395e-05, -0.0039778614681387214, -0.003050470595349797], 'ee_dz': 0.0184, 'ee_dxy': 0.0125, 'odz': -0.0031, 'odxy': 0.004, 'terminated_in_chunk': False}",24,00b6b28141614b52,True,0.0,42.6,
r142,9,123,6,RESAMPLE,7,True,True,False,"{'ee_class': 'DESCEND', 'contact_class': 'HOLD', 'obj_class': 'UNMOVED', 'flag_target_displaced': False, 'flag_gripper_closed': False, 'flag_ee_near_target': True, 'end_eef': [0.0017064697375680886, -0.2751565333323193, 1.18787947852974], 'obj_disp': [4.6253622412594994e-05, -1.069873212011796e-05, 0.000413277514274224], 'ee_dz': -0.016, 'ee_dxy': 0.0027, 'odz': 0.0004, 'odxy': 0.0, 'terminated_in_chunk': False}",24,bc5c91ea84b606c5,True,0.0,45.3,
r143,9,122,4,RESAMPLE,5,False,False,False,"{'ee_class': 'DESCEND', 'contact_class': 'HOLD', 'obj_class': 'UNMOVED', 'flag_target_displaced': False, 'flag_gripper_closed': False, 'flag_ee_near_target': True, 'end_eef': [0.001360261800184344, -0.26338828874902953, 1.1510844836476588], 'obj_disp': [-8.864212423695395e-05, -0.0039778614681387214, -0.003050470595349797], 'ee_dz': -0.02, 'ee_dxy': 0.0127, 'odz': -0.0031, 'odxy': 0.004, 'terminated_in_chunk': False}",24,6aadc4c544465ada,True,0.0,42.9,
r142,9,123,6,RESAMPLE,8,True,True,False,"{'ee_class': 'DESCEND', 'contact_class': 'HOLD', 'obj_class': 'UNMOVED', 'flag_target_displaced': False, 'flag_gripper_closed': False, 'flag_ee_near_target': True, 'end_eef': [-0.005107037130342863, -0.2748961677363744, 1.1858416304085884], 'obj_disp': [7.80633328479885e-05, 2.728517233147043e-05, 0.0014848343686428844], 'ee_dz': -0.018, 'ee_dxy': 0.0047, 'odz': 0.0015, 'odxy': 0.0001, 'terminated_in_chunk': False}",24,2d90925531904a72,True,0.0,44.4,
r143,9,122,4,RESAMPLE,6,False,False,False,"{'ee_class': 'STATIONARY', 'contact_class': 'HOLD', 'obj_class': 'UNMOVED', 'flag_target_displaced': False, 'flag_gripper_closed': False, 'flag_ee_near_target': True, 'end_eef': [0.020174068064292477, -0.24933063118651966, 1.1831236955089095], 'obj_disp': [-8.864212423695395e-05, -0.0039778614681387214, -0.003050470595349797], 'ee_dz': 0.0121, 'ee_dxy': 0.0208, 'odz': -0.0031, 'odxy': 0.004, 'terminated_in_chunk': False}",24,e1df3c367d64ef07,True,0.0,43.2,
r142,9,123,6,NATURAL,1,False,True,False,"{'ee_class': 'STATIONARY', 'contact_class': 'CLOSING', 'obj_class': 'UNMOVED', 'flag_target_displaced': False, 'flag_gripper_closed': True, 'flag_ee_near_target': True, 'end_eef': [-0.02975550604466812, -0.23139219008723594, 1.1773867418053185], 'obj_disp': [0.001054024036748277, 0.000813505760465294, 0.0012493618484437086], 'ee_dz': 0.0013, 'ee_dxy': 0.0023, 'odz': 0.0012, 'odxy': 0.0013, 'terminated_in_chunk': False}",24,68d2cd20b829adf4,,,22.7,from_S_post_descriptive
r142,9,123,6,NATURAL,2,False,False,False,"{'ee_class': 'STATIONARY', 'contact_class': 'HOLD', 'obj_class': 'UNMOVED', 'flag_target_displaced': False, 'flag_gripper_closed': False, 'flag_ee_near_target': True, 'end_eef': [-0.02964084056867152, -0.232805818579257, 1.1749601110574774], 'obj_disp': [0.00026682057659200686, 0.00022316397269434018, 0.0004800363869088553], 'ee_dz': -0.0011, 'ee_dxy': 0.0015, 'odz': 0.0005, 'odxy': 0.0003, 'terminated_in_chunk': False}",24,de53b59987b29f25,,,22.8,from_S_post_descriptive
r143,9,122,4,RESAMPLE,7,False,False,False,"{'ee_class': 'STATIONARY', 'contact_class': 'HOLD', 'obj_class': 'UNMOVED', 'flag_target_displaced': False, 'flag_gripper_closed': False, 'flag_ee_near_target': True, 'end_eef': [0.01275662165122733, -0.2628220407638877, 1.1590032968192958], 'obj_disp': [-8.864212423695395e-05, -0.0039778614681387214, -0.003050470595349797], 'ee_dz': -0.012, 'ee_dxy': 0.0059, 'odz': -0.0031, 'odxy': 0.004, 'terminated_in_chunk': False}",24,564bb595996796f6,True,0.0,43.4,
r142,9,123,6,NATURAL,3,False,False,False,"{'ee_class': 'STATIONARY', 'contact_class': 'HOLD', 'obj_class': 'UNMOVED', 'flag_target_displaced': False, 'flag_gripper_closed': False, 'flag_ee_near_target': True, 'end_eef': [-0.028531473343134578, -0.2325509562179963, 1.175088722994845], 'obj_disp': [0.00010836950996468298, 9.580589836705178e-05, 0.00047528755617731733], 'ee_dz': -0.001, 'ee_dxy': 0.0006, 'odz': 0.0005, 'odxy': 0.0001, 'terminated_in_chunk': False}",24,f1648997ef88a1ab,,,22.6,from_S_post_descriptive
r142,9,123,6,NATURAL,4,False,True,False,"{'ee_class': 'STATIONARY', 'contact_class': 'HOLD', 'obj_class': 'UNMOVED', 'flag_target_displaced': False, 'flag_gripper_closed': False, 'flag_ee_near_target': True, 'end_eef': [-0.026902824770338462, -0.23258146141239702, 1.1738657722273265], 'obj_disp': [-0.00026374387128650246, -0.00016386208931645774, 0.00018325557013687543], 'ee_dz': -0.0022, 'ee_dxy': 0.0013, 'odz': 0.0002, 'odxy': 0.0003, 'terminated_in_chunk': False}",24,f4c191c35452f891,,,23.8,from_S_post_descriptive
r143,9,122,4,RESAMPLE,8,False,False,False,"{'ee_class': 'ASCEND', 'contact_class': 'HOLD', 'obj_class': 'UNMOVED', 'flag_target_displaced': False, 'flag_gripper_closed': False, 'flag_ee_near_target': True, 'end_eef': [0.013576260049008913, -0.25505284089341274, 1.189848837048202], 'obj_disp': [-8.864212423695395e-05, -0.0039778614681387214, -0.003050470595349797], 'ee_dz': 0.0188, 'ee_dxy': 0.0137, 'odz': -0.0031, 'odxy': 0.004, 'terminated_in_chunk': False}",24,cfa50be15f9fa992,True,0.0,43.5,
r143,9,122,4,NATURAL,1,False,False,False,"{'ee_class': 'STATIONARY', 'contact_class': 'HOLD', 'obj_class': 'UNMOVED', 'flag_target_displaced': False, 'flag_gripper_closed': False, 'flag_ee_near_target': False, 'end_eef': [0.048190547989843846, -0.1273775200072181, 1.051251185562317], 'obj_disp': [0.0, 0.0, 0.0], 'ee_dz': -0.0011, 'ee_dxy': 0.0025, 'odz': 0.0, 'odxy': 0.0, 'terminated_in_chunk': False}",24,9f5a093dfba03cb2,,,23.6,from_S_post_descriptive
r143,9,122,4,NATURAL,2,False,False,False,"{'ee_class': 'STATIONARY', 'contact_class': 'HOLD', 'obj_class': 'UNMOVED', 'flag_target_displaced': False, 'flag_gripper_closed': False, 'flag_ee_near_target': False, 'end_eef': [0.04695898153457712, -0.12686356775313234, 1.0517117075896796], 'obj_disp': [0.0, 0.0, 0.0], 'ee_dz': -0.0006, 'ee_dxy': 0.0013, 'odz': 0.0, 'odxy': 0.0, 'terminated_in_chunk': False}",24,2952c8c55d7c81d3,,,23.1,from_S_post_descriptive
r143,9,122,4,NATURAL,3,False,False,False,"{'ee_class': 'STATIONARY', 'contact_class': 'HOLD', 'obj_class': 'UNMOVED', 'flag_target_displaced': False, 'flag_gripper_closed': False, 'flag_ee_near_target': False, 'end_eef': [0.04614915246550682, -0.12641159470056426, 1.0498399668872513], 'obj_disp': [0.0, 0.0, 0.0], 'ee_dz': -0.0025, 'ee_dxy': 0.0006, 'odz': 0.0, 'odxy': 0.0, 'terminated_in_chunk': False}",24,0aa36f4048519abf,,,23.4,from_S_post_descriptive
r143,9,122,4,NATURAL,4,False,False,False,"{'ee_class': 'STATIONARY', 'contact_class': 'HOLD', 'obj_class': 'UNMOVED', 'flag_target_displaced': False, 'flag_gripper_closed': False, 'flag_ee_near_target': False, 'end_eef': [0.046603031383377035, -0.1264929804538228, 1.0531022214495895], 'obj_disp': [0.0, 0.0, 0.0], 'ee_dz': 0.0008, 'ee_dxy': 0.0008, 'odz': 0.0, 'odxy': 0.0, 'terminated_in_chunk': False}",24,46f443a67dc84aa3,,,23.4,from_S_post_descriptive
r156,9,136,4,RESAMPLE,1,False,False,False,"{'ee_class': 'DESCEND', 'contact_class': 'HOLD', 'obj_class': 'UNMOVED', 'flag_target_displaced': False, 'flag_gripper_closed': False, 'flag_ee_near_target': True, 'end_eef': [0.03418094314043563, -0.2795407070024704, 1.1821814867250124], 'obj_disp': [-0.0002624451144582138, -8.942975420089816e-06, 0.0002611739750100206], 'ee_dz': -0.0168, 'ee_dxy': 0.0059, 'odz': 0.0003, 'odxy': 0.0003, 'terminated_in_chunk': False}",24,383f3e42d6a9b3d5,True,0.0,38.9,
r156,9,136,4,RESAMPLE,2,False,True,False,"{'ee_class': 'DESCEND', 'contact_class': 'HOLD', 'obj_class': 'UNMOVED', 'flag_target_displaced': False, 'flag_gripper_closed': False, 'flag_ee_near_target': True, 'end_eef': [0.033263650039322516, -0.27798865558819436, 1.1832659776481793], 'obj_disp': [-0.00021407634982896495, 8.297215664554436e-05, 1.780340518497958e-05], 'ee_dz': -0.0157, 'ee_dxy': 0.0049, 'odz': 0.0, 'odxy': 0.0002, 'terminated_in_chunk': False}",24,ac44a7b286c20967,True,0.0,39.8,
r156,9,136,4,RESAMPLE,3,True,True,False,"{'ee_class': 'STATIONARY', 'contact_class': 'HOLD', 'obj_class': 'UNMOVED', 'flag_target_displaced': False, 'flag_gripper_closed': False, 'flag_ee_near_target': True, 'end_eef': [0.03854535201274427, -0.26534946845691676, 1.1872970525221123], 'obj_disp': [1.32972302719081e-05, -2.6296811405090992e-05, 0.00044492160343834186], 'ee_dz': -0.0116, 'ee_dxy': 0.0089, 'odz': 0.0004, 'odxy': 0.0, 'terminated_in_chunk': False}",24,dda8203b732c010f,True,0.0,41.0,
r156,9,136,4,RESAMPLE,4,False,True,False,"{'ee_class': 'DESCEND', 'contact_class': 'HOLD', 'obj_class': 'UNMOVED', 'flag_target_displaced': False, 'flag_gripper_closed': False, 'flag_ee_near_target': True, 'end_eef': [0.03671308051545387, -0.2748192755238294, 1.1838265226026703], 'obj_disp': [7.915054118429188e-05, -7.230784756140363e-05, 0.00011558537500699906], 'ee_dz': -0.0151, 'ee_dxy': 0.001, 'odz': 0.0001, 'odxy': 0.0001, 'terminated_in_chunk': False}",24,1373c51fb596f0ff,True,0.0,40.3,
r156,9,136,4,RESAMPLE,5,False,True,False,"{'ee_class': 'DESCEND', 'contact_class': 'HOLD', 'obj_class': 'UNMOVED', 'flag_target_displaced': False, 'flag_gripper_closed': False, 'flag_ee_near_target': True, 'end_eef': [0.03173336048818763, -0.2764436289044269, 1.183622297300642], 'obj_disp': [-0.0003891544967786417, 0.00042345179912472997, -5.486551127553696e-05], 'ee_dz': -0.0153, 'ee_dxy': 0.005, 'odz': -0.0001, 'odxy': 0.0006, 'terminated_in_chunk': False}",24,42b6a265ac0f4a32,True,0.0,43.6,
r158,9,138,5,RESAMPLE,1,True,True,False,"{'ee_class': 'STATIONARY', 'contact_class': 'HOLD', 'obj_class': 'UNMOVED', 'flag_target_displaced': False, 'flag_gripper_closed': False, 'flag_ee_near_target': True, 'end_eef': [-0.004718698541340587, -0.2875726373993741, 1.188054894633574], 'obj_disp': [0.00034217828003462077, 0.00032513049911242486, 0.0007342576273114965], 'ee_dz': -0.0122, 'ee_dxy': 0.0053, 'odz': 0.0007, 'odxy': 0.0005, 'terminated_in_chunk': False}",24,0ca6bba26b41ac8e,True,0.0,47.0,
r156,9,136,4,RESAMPLE,6,False,True,False,"{'ee_class': 'STATIONARY', 'contact_class': 'HOLD', 'obj_class': 'UNMOVED', 'flag_target_displaced': False, 'flag_gripper_closed': False, 'flag_ee_near_target': True, 'end_eef': [0.03622392371407942, -0.275501204814098, 1.1841332184836615], 'obj_disp': [0.00014560587370889, -0.00016186514020360976, 0.0003713877152062839], 'ee_dz': -0.0148, 'ee_dxy': 0.0015, 'odz': 0.0004, 'odxy': 0.0002, 'terminated_in_chunk': False}",24,4e6dc2bf9622acc4,True,0.0,40.9,
r158,9,138,5,RESAMPLE,2,False,True,False,"{'ee_class': 'DESCEND', 'contact_class': 'HOLD', 'obj_class': 'UNMOVED', 'flag_target_displaced': False, 'flag_gripper_closed': False, 'flag_ee_near_target': True, 'end_eef': [-0.014324245945535198, -0.28787982610061275, 1.1819601730143334], 'obj_disp': [-0.00017338353410787082, 0.00030140462125072265, 0.00404246632092109], 'ee_dz': -0.0183, 'ee_dxy': 0.0147, 'odz': 0.004, 'odxy': 0.0003, 'terminated_in_chunk': False}",24,a7bdc5abd4b2fa4d,True,0.0,51.6,
r156,9,136,4,RESAMPLE,7,False,True,False,"{'ee_class': 'STATIONARY', 'contact_class': 'HOLD', 'obj_class': 'UNMOVED', 'flag_target_displaced': False, 'flag_gripper_closed': False, 'flag_ee_near_target': True, 'end_eef': [0.03375331726550822, -0.2735476609376591, 1.1843563368189165], 'obj_disp': [8.037605486791582e-05, 0.0003098716528316392, 0.0001653737007427658], 'ee_dz': -0.0146, 'ee_dxy': 0.0024, 'odz': 0.0002, 'odxy': 0.0003, 'terminated_in_chunk': False}",24,b8b9fcb836efda4f,True,0.0,40.2,
r158,9,138,5,RESAMPLE,3,True,True,False,"{'ee_class': 'STATIONARY', 'contact_class': 'HOLD', 'obj_class': 'UNMOVED', 'flag_target_displaced': False, 'flag_gripper_closed': False, 'flag_ee_near_target': True, 'end_eef': [0.0011722193223701605, -0.2875526058651608, 1.190230274023816], 'obj_disp': [0.00018601868456511253, 0.0001760396130521813, 0.00016586440593679974], 'ee_dz': -0.01, 'ee_dxy': 0.0021, 'odz': 0.0002, 'odxy': 0.0003, 'terminated_in_chunk': False}",24,ae75674f3097b409,True,0.0,48.0,
r156,9,136,4,RESAMPLE,8,False,False,False,"{'ee_class': 'DESCEND', 'contact_class': 'HOLD', 'obj_class': 'UNMOVED', 'flag_target_displaced': False, 'flag_gripper_closed': False, 'flag_ee_near_target': True, 'end_eef': [0.03831849836264488, -0.2759733373482279, 1.1824619873583517], 'obj_disp': [6.969761812907621e-05, -0.00010384231784238418, 0.0002629188108986824], 'ee_dz': -0.0165, 'ee_dxy': 0.003, 'odz': 0.0003, 'odxy': 0.0001, 'terminated_in_chunk': False}",24,ab8caa259e3cf5ea,True,0.0,39.7,
r156,9,136,4,NATURAL,1,True,True,False,"{'ee_class': 'ASCEND', 'contact_class': 'HOLD', 'obj_class': 'TOWARD_LIFT', 'flag_target_displaced': True, 'flag_gripper_closed': True, 'flag_ee_near_target': True, 'end_eef': [0.0038984033645078978, -0.19092416816784066, 1.2045010852967755], 'obj_disp': [-0.0039666034939638654, 0.018333692596582435, 0.038867077492220625], 'ee_dz': 0.0384, 'ee_dxy': 0.0199, 'odz': 0.0389, 'odxy': 0.0188, 'terminated_in_chunk': False}",15,12097b393c52139c,,,15.2,from_S_post_descriptive
r158,9,138,5,RESAMPLE,4,False,True,False,"{'ee_class': 'DESCEND', 'contact_class': 'HOLD', 'obj_class': 'UNMOVED', 'flag_target_displaced': False, 'flag_gripper_closed': False, 'flag_ee_near_target': True, 'end_eef': [-0.01259139567861274, -0.28864489793370757, 1.184460480093059], 'obj_disp': [8.186523058974736e-05, 0.00043668581653222294, 0.0025673428562653644], 'ee_dz': -0.0158, 'ee_dxy': 0.0131, 'odz': 0.0026, 'odxy': 0.0004, 'terminated_in_chunk': False}",24,a19357cf65b82f55,True,0.0,46.5,
r156,9,136,4,NATURAL,2,False,True,False,"{'ee_class': 'ASCEND', 'contact_class': 'HOLD', 'obj_class': 'UNMOVED', 'flag_target_displaced': False, 'flag_gripper_closed': True, 'flag_ee_near_target': True, 'end_eef': [0.0043207958048600385, -0.1906127022909736, 1.1967161235684338], 'obj_disp': [-0.0030768869717292154, 0.008125941668179926, -0.004704540277218117], 'ee_dz': 0.0306, 'ee_dxy': 0.0202, 'odz': -0.0047, 'odxy': 0.0087, 'terminated_in_chunk': False}",24,932d3eff74f55492,,,24.7,from_S_post_descriptive
r156,9,136,4,NATURAL,3,False,True,False,"{'ee_class': 'ASCEND', 'contact_class': 'HOLD', 'obj_class': 'TOWARD_LIFT', 'flag_target_displaced': True, 'flag_gripper_closed': True, 'flag_ee_near_target': True, 'end_eef': [0.0037671557828790917, -0.19680775319186872, 1.200558860235831], 'obj_disp': [-0.0045765686544643365, 0.011957546587823165, 0.03539063554225019], 'ee_dz': 0.0344, 'ee_dxy': 0.0141, 'odz': 0.0354, 'odxy': 0.0128, 'terminated_in_chunk': False}",14,5dcbb6a08de46168,,,14.1,from_S_post_descriptive
r156,9,136,4,NATURAL,4,False,True,False,"{'ee_class': 'ASCEND', 'contact_class': 'HOLD', 'obj_class': 'UNMOVED', 'flag_target_displaced': False, 'flag_gripper_closed': True, 'flag_ee_near_target': True, 'end_eef': [0.00199900872893152, -0.20116394906144913, 1.1941938237891692], 'obj_disp': [-0.003005315962289288, 0.0057096133570701535, -0.004705205353884523], 'ee_dz': 0.0281, 'ee_dxy': 0.0101, 'odz': -0.0047, 'odxy': 0.0065, 'terminated_in_chunk': False}",24,619c90025ff0bdeb,,,24.5,from_S_post_descriptive
r158,9,138,5,RESAMPLE,5,False,True,False,"{'ee_class': 'STATIONARY', 'contact_class': 'HOLD', 'obj_class': 'UNMOVED', 'flag_target_displaced': False, 'flag_gripper_closed': False, 'flag_ee_near_target': True, 'end_eef': [-0.01003950872692539, -0.28877761029652343, 1.1865990641561257], 'obj_disp': [0.00013054286889312497, 0.00024142602467558394, 0.0013079919229079806], 'ee_dz': -0.0136, 'ee_dxy': 0.0107, 'odz': 0.0013, 'odxy': 0.0003, 'terminated_in_chunk': False}",24,3d7307ae6d748410,True,0.0,47.5,
r158,9,138,5,RESAMPLE,6,False,True,False,"{'ee_class': 'STATIONARY', 'contact_class': 'HOLD', 'obj_class': 'UNMOVED', 'flag_target_displaced': False, 'flag_gripper_closed': False, 'flag_ee_near_target': True, 'end_eef': [-0.005671241597093476, -0.2884990446860403, 1.1876265552716319], 'obj_disp': [8.431852030413647e-05, 0.0001609109105367157, 0.0007944332113813957], 'ee_dz': -0.0126, 'ee_dxy': 0.0065, 'odz': 0.0008, 'odxy': 0.0002, 'terminated_in_chunk': False}",24,f8e8ca0ab1e6b980,True,0.0,46.5,
r158,9,138,5,RESAMPLE,7,False,True,False,"{'ee_class': 'DESCEND', 'contact_class': 'HOLD', 'obj_class': 'UNMOVED', 'flag_target_displaced': False, 'flag_gripper_closed': False, 'flag_ee_near_target': True, 'end_eef': [-0.014251807074021874, -0.2893717616677379, 1.1840290562258153], 'obj_disp': [-1.8037176805889635e-05, 0.00029738242566657025, 0.0026788198591063406], 'ee_dz': -0.0162, 'ee_dxy': 0.0149, 'odz': 0.0027, 'odxy': 0.0003, 'terminated_in_chunk': False}",24,6adaa942c86aa7ac,True,0.0,51.9,
r158,9,138,5,RESAMPLE,8,True,True,False,"{'ee_class': 'STATIONARY', 'contact_class': 'HOLD', 'obj_class': 'UNMOVED', 'flag_target_displaced': False, 'flag_gripper_closed': False, 'flag_ee_near_target': True, 'end_eef': [-0.0069286623206039795, -0.28925162892187006, 1.1867821821540736], 'obj_disp': [5.334619933841309e-06, 0.0001475243362599743, 0.0011821093407686778], 'ee_dz': -0.0134, 'ee_dxy': 0.008, 'odz': 0.0012, 'odxy': 0.0001, 'terminated_in_chunk': False}",24,b9cbf2f97040807a,True,0.0,47.8,
r158,9,138,5,NATURAL,1,False,True,False,"{'ee_class': 'STATIONARY', 'contact_class': 'CLOSING', 'obj_class': 'UNMOVED', 'flag_target_displaced': True, 'flag_gripper_closed': True, 'flag_ee_near_target': True, 'end_eef': [-0.048083580852061325, -0.27820710640473123, 1.1606679584900086], 'obj_disp': [-0.02020320036205032, 0.0037756948452090655, 0.0008877620592140367], 'ee_dz': 0.007, 'ee_dxy': 0.0034, 'odz': 0.0009, 'odxy': 0.0206, 'terminated_in_chunk': False}",24,991f92cd2ad7f9db,,,24.6,from_S_post_descriptive
r158,9,138,5,NATURAL,2,True,True,False,"{'ee_class': 'STATIONARY', 'contact_class': 'CLOSING', 'obj_class': 'UNMOVED', 'flag_target_displaced': True, 'flag_gripper_closed': True, 'flag_ee_near_target': True, 'end_eef': [-0.04864929631016418, -0.27947743801924013, 1.1607045508161806], 'obj_disp': [-0.02144098583388474, 0.0006678954034892715, 0.0027557923254308836], 'ee_dz': 0.007, 'ee_dxy': 0.0044, 'odz': 0.0028, 'odxy': 0.0215, 'terminated_in_chunk': False}",24,0819e34633991c4a,,,24.6,from_S_post_descriptive
r158,9,138,5,NATURAL,3,False,True,False,"{'ee_class': 'STATIONARY', 'contact_class': 'CLOSING', 'obj_class': 'UNMOVED', 'flag_target_displaced': True, 'flag_gripper_closed': True, 'flag_ee_near_target': True, 'end_eef': [-0.04809133006805072, -0.27888464908675425, 1.162066643967814], 'obj_disp': [-0.019995201088307435, 0.003416663192177871, 0.0004474486171355263], 'ee_dz': 0.0084, 'ee_dxy': 0.0036, 'odz': 0.0004, 'odxy': 0.0203, 'terminated_in_chunk': False}",24,9169b45886f080e1,,,24.4,from_S_post_descriptive
r158,9,138,5,NATURAL,4,False,True,False,"{'ee_class': 'STATIONARY', 'contact_class': 'CLOSING', 'obj_class': 'UNMOVED', 'flag_target_displaced': False, 'flag_gripper_closed': True, 'flag_ee_near_target': True, 'end_eef': [-0.04728898630695125, -0.28201714504632863, 1.15808337838983], 'obj_disp': [-0.017839350302529366, -0.0005712987254863355, 0.00035274291308584615], 'ee_dz': 0.0044, 'ee_dxy': 0.0052, 'odz': 0.0004, 'odxy': 0.0178, 'terminated_in_chunk': False}",24,8a4004af6838e2da,,,24.5,from_S_post_descriptive
r160,9,140,5,RESAMPLE,1,False,True,False,"{'ee_class': 'DESCEND', 'contact_class': 'HOLD', 'obj_class': 'UNMOVED', 'flag_target_displaced': False, 'flag_gripper_closed': False, 'flag_ee_near_target': True, 'end_eef': [-0.03438413256969623, -0.270222727426171, 1.2035932314823936], 'obj_disp': [0.0, 0.0, 0.0], 'ee_dz': -0.0358, 'ee_dxy': 0.0064, 'odz': 0.0, 'odxy': 0.0, 'terminated_in_chunk': False}",24,1092b2fcb9e86bce,True,0.0,47.5,
r160,9,140,5,RESAMPLE,2,False,True,False,"{'ee_class': 'DESCEND', 'contact_class': 'HOLD', 'obj_class': 'UNMOVED', 'flag_target_displaced': False, 'flag_gripper_closed': False, 'flag_ee_near_target': True, 'end_eef': [-0.028654422562778295, -0.26708674218863965, 1.210920595621692], 'obj_disp': [0.0, 0.0, 0.0], 'ee_dz': -0.0285, 'ee_dxy': 0.0011, 'odz': 0.0, 'odxy': 0.0, 'terminated_in_chunk': False}",24,ae3f0b0b8b907c43,True,0.0,47.2,
r160,9,140,5,RESAMPLE,3,True,True,False,"{'ee_class': 'DESCEND', 'contact_class': 'HOLD', 'obj_class': 'UNMOVED', 'flag_target_displaced': False, 'flag_gripper_closed': False, 'flag_ee_near_target': True, 'end_eef': [-0.03759021253777926, -0.2690051722132997, 1.2076901692753343], 'obj_disp': [0.0, 0.0, 0.0], 'ee_dz': -0.0317, 'ee_dxy': 0.0087, 'odz': 0.0, 'odxy': 0.0, 'terminated_in_chunk': False}",24,5ad7e7203d18ab60,True,0.0,47.2,
r160,9,140,5,RESAMPLE,4,False,True,False,"{'ee_class': 'DESCEND', 'contact_class': 'HOLD', 'obj_class': 'UNMOVED', 'flag_target_displaced': False, 'flag_gripper_closed': False, 'flag_ee_near_target': True, 'end_eef': [-0.030160507066832227, -0.2648122821480593, 1.2144223289602696], 'obj_disp': [0.0, 0.0, 0.0], 'ee_dz': -0.025, 'ee_dxy': 0.0017, 'odz': 0.0, 'odxy': 0.0, 'terminated_in_chunk': False}",24,86c3320a27535d22,True,0.0,47.1,
r164,9,145,4,RESAMPLE,1,True,True,False,"{'ee_class': 'STATIONARY', 'contact_class': 'HOLD', 'obj_class': 'UNMOVED', 'flag_target_displaced': False, 'flag_gripper_closed': False, 'flag_ee_near_target': True, 'end_eef': [0.03819264579770899, -0.2810770462203804, 1.1830807792687879], 'obj_disp': [7.636441704662184e-05, -0.00021261407839234803, 0.0006013082636417977], 'ee_dz': -0.0085, 'ee_dxy': 0.0027, 'odz': 0.0006, 'odxy': 0.0002, 'terminated_in_chunk': False}",24,fe942e66585b082d,True,0.0,37.8,
r160,9,140,5,RESAMPLE,5,True,True,False,"{'ee_class': 'DESCEND', 'contact_class': 'HOLD', 'obj_class': 'UNMOVED', 'flag_target_displaced': False, 'flag_gripper_closed': False, 'flag_ee_near_target': True, 'end_eef': [-0.035109943650470085, -0.26948126870389333, 1.2089675603699157], 'obj_disp': [0.0, 0.0, 0.0], 'ee_dz': -0.0304, 'ee_dxy': 0.0066, 'odz': 0.0, 'odxy': 0.0, 'terminated_in_chunk': False}",24,381c7ce0a2d7d156,True,0.0,47.3,
r164,9,145,4,RESAMPLE,2,True,True,False,"{'ee_class': 'STATIONARY', 'contact_class': 'HOLD', 'obj_class': 'UNMOVED', 'flag_target_displaced': False, 'flag_gripper_closed': False, 'flag_ee_near_target': True, 'end_eef': [0.037332328103952775, -0.2789960500895119, 1.1848082453352435], 'obj_disp': [0.0002237804689423778, 0.0002521494153337467, 7.723827735750532e-05], 'ee_dz': -0.0068, 'ee_dxy': 0.0016, 'odz': 0.0001, 'odxy': 0.0003, 'terminated_in_chunk': False}",24,5d2bdaa0fc4cf0fd,True,0.0,38.2,
r164,9,145,4,RESAMPLE,3,True,True,False,"{'ee_class': 'STATIONARY', 'contact_class': 'HOLD', 'obj_class': 'UNMOVED', 'flag_target_displaced': False, 'flag_gripper_closed': False, 'flag_ee_near_target': True, 'end_eef': [0.03691575662842103, -0.278837052320396, 1.1859391046872505], 'obj_disp': [0.00022035917552765127, 0.0003179090675971552, 0.0002530467271948389], 'ee_dz': -0.0057, 'ee_dxy': 0.0013, 'odz': 0.0003, 'odxy': 0.0004, 'terminated_in_chunk': False}",24,148e16f965c9a641,True,0.0,39.1,
r160,9,140,5,RESAMPLE,6,True,True,False,"{'ee_class': 'DESCEND', 'contact_class': 'HOLD', 'obj_class': 'UNMOVED', 'flag_target_displaced': False, 'flag_gripper_closed': False, 'flag_ee_near_target': True, 'end_eef': [-0.026235722288923548, -0.2678563275933639, 1.2178903588950558], 'obj_disp': [0.0, 0.0, 0.0], 'ee_dz': -0.0215, 'ee_dxy': 0.0035, 'odz': 0.0, 'odxy': 0.0, 'terminated_in_chunk': False}",24,f6c4adaf6f883154,True,0.0,48.4,
r164,9,145,4,RESAMPLE,4,True,True,False,"{'ee_class': 'STATIONARY', 'contact_class': 'HOLD', 'obj_class': 'UNMOVED', 'flag_target_displaced': False, 'flag_gripper_closed': False, 'flag_ee_near_target': True, 'end_eef': [0.03577015511402153, -0.28307240508505843, 1.1813263144657817], 'obj_disp': [-0.0004054750966081336, 7.378877083413782e-05, 6.474713697257606e-05], 'ee_dz': -0.0103, 'ee_dxy': 0.0034, 'odz': 0.0001, 'odxy': 0.0004, 'terminated_in_chunk': False}",24,f1dda179e7332c95,True,0.0,38.0,
r160,9,140,5,RESAMPLE,7,False,True,False,"{'ee_class': 'DESCEND', 'contact_class': 'HOLD', 'obj_class': 'UNMOVED', 'flag_target_displaced': False, 'flag_gripper_closed': False, 'flag_ee_near_target': True, 'end_eef': [-0.026608311500346222, -0.2678421525491845, 1.2077632594826744], 'obj_disp': [0.0, 0.0, 0.0], 'ee_dz': -0.0316, 'ee_dxy': 0.0032, 'odz': 0.0, 'odxy': 0.0, 'terminated_in_chunk': False}",24,0901028883691b8c,True,0.0,48.7,
r164,9,145,4,RESAMPLE,5,True,True,False,"{'ee_class': 'STATIONARY', 'contact_class': 'HOLD', 'obj_class': 'UNMOVED', 'flag_target_displaced': False, 'flag_gripper_closed': False, 'flag_ee_near_target': True, 'end_eef': [0.0348818838901337, -0.2799572599196329, 1.184995323095388], 'obj_disp': [-0.0011977209612455755, 0.000937985189841728, -0.00010024716301271219], 'ee_dz': -0.0066, 'ee_dxy': 0.001, 'odz': -0.0001, 'odxy': 0.0015, 'terminated_in_chunk': False}",24,21582ad55f3f80ac,True,0.0,38.2,
r160,9,140,5,RESAMPLE,8,False,True,False,"{'ee_class': 'DESCEND', 'contact_class': 'HOLD', 'obj_class': 'UNMOVED', 'flag_target_displaced': False, 'flag_gripper_closed': False, 'flag_ee_near_target': True, 'end_eef': [-0.034494615247900075, -0.2693100153091735, 1.2079897325532427], 'obj_disp': [0.0, 0.0, 0.0], 'ee_dz': -0.0314, 'ee_dxy': 0.006, 'odz': 0.0, 'odxy': 0.0, 'terminated_in_chunk': False}",24,3f622a068d8bb2fd,True,0.0,48.5,
r164,9,145,4,RESAMPLE,6,False,True,False,"{'ee_class': 'STATIONARY', 'contact_class': 'HOLD', 'obj_class': 'UNMOVED', 'flag_target_displaced': False, 'flag_gripper_closed': False, 'flag_ee_near_target': True, 'end_eef': [0.03703736870781238, -0.28012558291484424, 1.184345629445156], 'obj_disp': [3.541968203177315e-05, 0.00019697625092451876, 6.387936116958315e-06], 'ee_dz': -0.0073, 'ee_dxy': 0.0013, 'odz': 0.0, 'odxy': 0.0002, 'terminated_in_chunk': False}",24,d49f8e17616055d4,True,0.0,38.6,
r160,9,140,5,NATURAL,1,False,True,False,"{'ee_class': 'STATIONARY', 'contact_class': 'CLOSING', 'obj_class': 'UNMOVED', 'flag_target_displaced': True, 'flag_gripper_closed': True, 'flag_ee_near_target': True, 'end_eef': [-0.0804952829297313, -0.2875344367517622, 1.1640725050064067], 'obj_disp': [-0.0251679586053801, -0.007426532205451752, 0.003625541899739071], 'ee_dz': -0.003, 'ee_dxy': 0.0089, 'odz': 0.0036, 'odxy': 0.0262, 'terminated_in_chunk': False}",24,9cdeab44b8e2ac09,,,24.2,from_S_post_descriptive
r160,9,140,5,NATURAL,2,False,True,False,"{'ee_class': 'STATIONARY', 'contact_class': 'CLOSING', 'obj_class': 'UNMOVED', 'flag_target_displaced': True, 'flag_gripper_closed': True, 'flag_ee_near_target': True, 'end_eef': [-0.07902244652745666, -0.285035297398906, 1.1691542662031358], 'obj_disp': [-0.02489775136669337, -0.005322354533082219, 0.004153492571075557], 'ee_dz': 0.0021, 'ee_dxy': 0.0061, 'odz': 0.0042, 'odxy': 0.0255, 'terminated_in_chunk': False}",24,4ee85d17b6ee647a,,,24.4,from_S_post_descriptive
r164,9,145,4,RESAMPLE,7,False,True,False,"{'ee_class': 'STATIONARY', 'contact_class': 'HOLD', 'obj_class': 'UNMOVED', 'flag_target_displaced': False, 'flag_gripper_closed': False, 'flag_ee_near_target': True, 'end_eef': [0.03761195708589607, -0.27807862297220454, 1.186571607954021], 'obj_disp': [0.00045363268885800084, 0.0005601331383912611, 0.00043978399465127715], 'ee_dz': -0.0051, 'ee_dxy': 0.0024, 'odz': 0.0004, 'odxy': 0.0007, 'terminated_in_chunk': False}",24,94b5e8cc8f264f6f,True,0.0,40.0,
r160,9,140,5,NATURAL,3,False,True,False,"{'ee_class': 'STATIONARY', 'contact_class': 'CLOSING', 'obj_class': 'UNMOVED', 'flag_target_displaced': True, 'flag_gripper_closed': True, 'flag_ee_near_target': True, 'end_eef': [-0.07921081213627146, -0.28461821261361575, 1.1668950625831012], 'obj_disp': [-0.02206367475531525, -0.004052601386866195, 0.004439969236037955], 'ee_dz': -0.0002, 'ee_dxy': 0.006, 'odz': 0.0044, 'odxy': 0.0224, 'terminated_in_chunk': False}",24,c7b2ec23d93461b9,,,24.4,from_S_post_descriptive
r164,9,145,4,RESAMPLE,8,True,True,False,"{'ee_class': 'STATIONARY', 'contact_class': 'HOLD', 'obj_class': 'UNMOVED', 'flag_target_displaced': False, 'flag_gripper_closed': False, 'flag_ee_near_target': True, 'end_eef': [0.036341668115888286, -0.28193819441922685, 1.182016799608137], 'obj_disp': [-0.00013350053321037336, 4.7826949276963404e-05, 0.0001669795168441901], 'ee_dz': -0.0096, 'ee_dxy': 0.0023, 'odz': 0.0002, 'odxy': 0.0001, 'terminated_in_chunk': False}",24,7f72db4ebcf33f1f,True,0.0,38.2,
r160,9,140,5,NATURAL,4,False,True,False,"{'ee_class': 'STATIONARY', 'contact_class': 'CLOSING', 'obj_class': 'UNMOVED', 'flag_target_displaced': True, 'flag_gripper_closed': True, 'flag_ee_near_target': True, 'end_eef': [-0.07930676687376449, -0.28753999658772184, 1.1653030172903238], 'obj_disp': [-0.025147585801167542, -0.009113851994065225, 0.0030577413857364455], 'ee_dz': -0.0018, 'ee_dxy': 0.0081, 'odz': 0.0031, 'odxy': 0.0267, 'terminated_in_chunk': False}",24,c6180baaef4d65f3,,,24.5,from_S_post_descriptive
r164,9,145,4,NATURAL,1,False,True,False,"{'ee_class': 'STATIONARY', 'contact_class': 'CLOSING', 'obj_class': 'UNMOVED', 'flag_target_displaced': False, 'flag_gripper_closed': True, 'flag_ee_near_target': True, 'end_eef': [-0.015111746492476683, -0.17848317788621973, 1.1506455283836559], 'obj_disp': [-0.004705942943044683, -0.0018145649081083293, 0.0005988665087546252], 'ee_dz': 0.0042, 'ee_dxy': 0.0065, 'odz': 0.0006, 'odxy': 0.005, 'terminated_in_chunk': False}",24,036d5a7431c15465,,,25.8,from_S_post_descriptive
r164,9,145,4,NATURAL,2,True,True,False,"{'ee_class': 'STATIONARY', 'contact_class': 'CLOSING', 'obj_class': 'UNMOVED', 'flag_target_displaced': False, 'flag_gripper_closed': True, 'flag_ee_near_target': True, 'end_eef': [-0.015232320155912284, -0.17436976339379265, 1.1523722907438299], 'obj_disp': [-0.009279737371598838, -0.0005016809940959488, 0.00021707641420598556], 'ee_dz': 0.006, 'ee_dxy': 0.0081, 'odz': 0.0002, 'odxy': 0.0093, 'terminated_in_chunk': False}",16,554d698f37d3ebb9,,,17.0,from_S_post_descriptive
r164,9,145,4,NATURAL,3,True,True,False,"{'ee_class': 'STATIONARY', 'contact_class': 'CLOSING', 'obj_class': 'UNMOVED', 'flag_target_displaced': False, 'flag_gripper_closed': True, 'flag_ee_near_target': True, 'end_eef': [-0.015841800293353296, -0.1788859646299717, 1.1506732322813438], 'obj_disp': [-0.0027742372189532676, -0.0003852227112863815, 0.002048387039277788], 'ee_dz': 0.0043, 'ee_dxy': 0.0073, 'odz': 0.002, 'odxy': 0.0028, 'terminated_in_chunk': False}",14,c890bfcfff6aed8e,,,14.9,from_S_post_descriptive
r164,9,145,4,NATURAL,4,False,True,False,"{'ee_class': 'STATIONARY', 'contact_class': 'CLOSING', 'obj_class': 'UNMOVED', 'flag_target_displaced': False, 'flag_gripper_closed': True, 'flag_ee_near_target': True, 'end_eef': [-0.014450677812483097, -0.1770950091242046, 1.1507304897023505], 'obj_disp': [-0.0048669544683987275, -0.0014214210541918237, -0.0001717550201134621], 'ee_dz': 0.0043, 'ee_dxy': 0.0062, 'odz': -0.0002, 'odxy': 0.0051, 'terminated_in_chunk': False}",24,3b06bb3429418114,,,24.9,from_S_post_descriptive
r166,9,144,5,RESAMPLE,1,False,True,False,"{'ee_class': 'STATIONARY', 'contact_class': 'HOLD', 'obj_class': 'UNMOVED', 'flag_target_displaced': False, 'flag_gripper_closed': False, 'flag_ee_near_target': True, 'end_eef': [0.0015164962942295496, -0.2518323882161781, 1.1850246881144135], 'obj_disp': [0.00020319546194275638, 0.00016714046453575326, 0.0011973016801267722], 'ee_dz': -0.0114, 'ee_dxy': 0.003, 'odz': 0.0012, 'odxy': 0.0003, 'terminated_in_chunk': False}",24,321da5ae0122d733,True,0.0,48.1,
r166,9,144,5,RESAMPLE,2,False,False,False,"{'ee_class': 'STATIONARY', 'contact_class': 'HOLD', 'obj_class': 'UNMOVED', 'flag_target_displaced': False, 'flag_gripper_closed': False, 'flag_ee_near_target': True, 'end_eef': [0.00585740686353666, -0.25331182892312804, 1.1851298017867768], 'obj_disp': [0.00026086235814466036, 0.00025957430690942696, 0.00017514300616494616], 'ee_dz': -0.0113, 'ee_dxy': 0.0023, 'odz': 0.0002, 'odxy': 0.0004, 'terminated_in_chunk': False}",24,f1114316a02c2494,True,0.0,47.3,
r166,9,144,5,RESAMPLE,3,False,False,False,"{'ee_class': 'STATIONARY', 'contact_class': 'HOLD', 'obj_class': 'UNMOVED', 'flag_target_displaced': False, 'flag_gripper_closed': False, 'flag_ee_near_target': True, 'end_eef': [-0.0005117510195039665, -0.25096384532766247, 1.18506289659586], 'obj_disp': [0.000249701334393811, 0.00023081015404396998, 0.001576253174893738], 'ee_dz': -0.0114, 'ee_dxy': 0.0051, 'odz': 0.0016, 'odxy': 0.0003, 'terminated_in_chunk': False}",24,91077deb54a0cf31,True,0.0,48.1,
r168,9,149,4,RESAMPLE,1,False,False,False,"{'ee_class': 'STATIONARY', 'contact_class': 'HOLD', 'obj_class': 'UNMOVED', 'flag_target_displaced': False, 'flag_gripper_closed': False, 'flag_ee_near_target': True, 'end_eef': [-0.03483540638914868, -0.2579913835028418, 1.172624357994567], 'obj_disp': [0.00011574283445670713, -0.002539176953939848, -0.00023143428143490574], 'ee_dz': 0.013, 'ee_dxy': 0.0213, 'odz': -0.0002, 'odxy': 0.0025, 'terminated_in_chunk': False}",24,309317a4db3791e8,True,0.0,50.1,
r166,9,144,5,RESAMPLE,4,False,True,False,"{'ee_class': 'STATIONARY', 'contact_class': 'HOLD', 'obj_class': 'UNMOVED', 'flag_target_displaced': False, 'flag_gripper_closed': False, 'flag_ee_near_target': True, 'end_eef': [-0.0016802690488754955, -0.25193439838893966, 1.1844015850574023], 'obj_disp': [0.0003159509105936289, 0.0003041448268530367, 0.0015220348877460488], 'ee_dz': -0.012, 'ee_dxy': 0.0057, 'odz': 0.0015, 'odxy': 0.0004, 'terminated_in_chunk': False}",24,e8f196e6a069b31a,True,0.0,48.6,
r168,9,149,4,RESAMPLE,2,False,False,False,"{'ee_class': 'STATIONARY', 'contact_class': 'HOLD', 'obj_class': 'UNMOVED', 'flag_target_displaced': False, 'flag_gripper_closed': False, 'flag_ee_near_target': True, 'end_eef': [-0.03900798522964442, -0.26100013353480545, 1.1744773232558303], 'obj_disp': [4.344068534344048e-05, -0.00274462406645104, -0.00023143427172644948], 'ee_dz': 0.0148, 'ee_dxy': 0.0168, 'odz': -0.0002, 'odxy': 0.0027, 'terminated_in_chunk': False}",24,d2be3a6d09768e14,True,0.0,49.9,
r166,9,144,5,RESAMPLE,5,False,True,False,"{'ee_class': 'STATIONARY', 'contact_class': 'HOLD', 'obj_class': 'UNMOVED', 'flag_target_displaced': False, 'flag_gripper_closed': False, 'flag_ee_near_target': True, 'end_eef': [-0.001664944835024793, -0.2530900761068922, 1.184177727013731], 'obj_disp': [0.0003944685588501938, 0.000590417578159308, 0.0010601187986862826], 'ee_dz': -0.0122, 'ee_dxy': 0.0054, 'odz': 0.0011, 'odxy': 0.0007, 'terminated_in_chunk': False}",24,66437b8dda8bd9f8,True,0.0,48.4,
r168,9,149,4,RESAMPLE,3,False,False,False,"{'ee_class': 'STATIONARY', 'contact_class': 'HOLD', 'obj_class': 'UNMOVED', 'flag_target_displaced': False, 'flag_gripper_closed': False, 'flag_ee_near_target': True, 'end_eef': [-0.038682108163098576, -0.2611431841355109, 1.168988196936929], 'obj_disp': [-2.7275341960519145e-05, -0.0009061440822768496, -0.00023143423319438305], 'ee_dz': 0.0093, 'ee_dxy': 0.0168, 'odz': -0.0002, 'odxy': 0.0009, 'terminated_in_chunk': False}",24,c7800178862ee2c3,True,0.0,49.2,
r166,9,144,5,RESAMPLE,6,True,True,False,"{'ee_class': 'STATIONARY', 'contact_class': 'HOLD', 'obj_class': 'UNMOVED', 'flag_target_displaced': False, 'flag_gripper_closed': False, 'flag_ee_near_target': True, 'end_eef': [0.0008470058021907085, -0.25094353470855796, 1.184668169600758], 'obj_disp': [0.0003850746186671739, 0.0003544708326678192, 0.0012805348356383917], 'ee_dz': -0.0118, 'ee_dxy': 0.0041, 'odz': 0.0013, 'odxy': 0.0005, 'terminated_in_chunk': False}",24,618c66aa4132da09,True,0.0,47.7,
r168,9,149,4,RESAMPLE,4,False,False,False,"{'ee_class': 'ASCEND', 'contact_class': 'HOLD', 'obj_class': 'UNMOVED', 'flag_target_displaced': False, 'flag_gripper_closed': False, 'flag_ee_near_target': True, 'end_eef': [-0.039751485649046084, -0.2554126977008247, 1.1754601483683278], 'obj_disp': [8.13052827463405e-05, -0.0024840628652981755, -0.00023143429922400927], 'ee_dz': 0.0158, 'ee_dxy': 0.0219, 'odz': -0.0002, 'odxy': 0.0025, 'terminated_in_chunk': False}",24,eb316f2c5481d5f0,True,0.0,49.2,
r166,9,144,5,RESAMPLE,7,False,True,False,"{'ee_class': 'STATIONARY', 'contact_class': 'HOLD', 'obj_class': 'UNMOVED', 'flag_target_displaced': False, 'flag_gripper_closed': False, 'flag_ee_near_target': True, 'end_eef': [0.0020425665788818435, -0.2526908467829785, 1.1849307758851917], 'obj_disp': [0.0002649291569261931, 0.00023068079763027827, 0.0007167817343112226], 'ee_dz': -0.0115, 'ee_dxy': 0.002, 'odz': 0.0007, 'odxy': 0.0004, 'terminated_in_chunk': False}",24,7da0731d2824dc4d,True,0.0,47.8,
r168,9,149,4,RESAMPLE,5,False,False,False,"{'ee_class': 'STATIONARY', 'contact_class': 'HOLD', 'obj_class': 'UNMOVED', 'flag_target_displaced': False, 'flag_gripper_closed': False, 'flag_ee_near_target': True, 'end_eef': [-0.04111281165568666, -0.2587590219836332, 1.1681769645874787], 'obj_disp': [-2.700552158555955e-05, -0.001214774205811009, -0.00023143423318083833], 'ee_dz': 0.0085, 'ee_dxy': 0.0183, 'odz': -0.0002, 'odxy': 0.0012, 'terminated_in_chunk': False}",24,d66e0f13aec32705,True,0.0,49.8,
r166,9,144,5,RESAMPLE,8,False,False,False,"{'ee_class': 'STATIONARY', 'contact_class': 'HOLD', 'obj_class': 'UNMOVED', 'flag_target_displaced': False, 'flag_gripper_closed': False, 'flag_ee_near_target': True, 'end_eef': [-0.00038208186261495455, -0.253349781715365, 1.1842498226368567], 'obj_disp': [0.0001918935414175916, 0.00027185050346550943, 0.0011049664682873939], 'ee_dz': -0.0122, 'ee_dxy': 0.0041, 'odz': 0.0011, 'odxy': 0.0003, 'terminated_in_chunk': False}",24,f58b45030b2e94a0,True,0.0,48.0,
r168,9,149,4,RESAMPLE,6,False,False,False,"{'ee_class': 'STATIONARY', 'contact_class': 'HOLD', 'obj_class': 'UNMOVED', 'flag_target_displaced': False, 'flag_gripper_closed': False, 'flag_ee_near_target': True, 'end_eef': [-0.03650428704554674, -0.2541251205120785, 1.164791832767045], 'obj_disp': [-2.1410492599047842e-05, -0.0007599207559772503, -0.00023143423188320966], 'ee_dz': 0.0051, 'ee_dxy': 0.0241, 'odz': -0.0002, 'odxy': 0.0008, 'terminated_in_chunk': False}",24,1139385cb50edfee,True,0.0,49.8,
r166,9,144,5,NATURAL,1,False,False,False,"{'ee_class': 'STATIONARY', 'contact_class': 'OPENING', 'obj_class': 'UNMOVED', 'flag_target_displaced': False, 'flag_gripper_closed': False, 'flag_ee_near_target': False, 'end_eef': [-0.07583706783186461, -0.2945291311845721, 1.1778098232272332], 'obj_disp': [0.014002983848260722, -0.0018341257986546067, 0.008566740606716694], 'ee_dz': -0.0068, 'ee_dxy': 0.0174, 'odz': 0.0086, 'odxy': 0.0141, 'terminated_in_chunk': False}",24,5375830ab72c03ac,,,23.9,from_S_post_descriptive
r166,9,144,5,NATURAL,2,False,False,False,"{'ee_class': 'STATIONARY', 'contact_class': 'OPENING', 'obj_class': 'UNMOVED', 'flag_target_displaced': False, 'flag_gripper_closed': False, 'flag_ee_near_target': False, 'end_eef': [-0.07742550631043252, -0.2876877120666323, 1.1797034896309886], 'obj_disp': [0.011064295104342349, 0.000168610978135475, 0.006033934865594226], 'ee_dz': -0.0049, 'ee_dxy': 0.0126, 'odz': 0.006, 'odxy': 0.0111, 'terminated_in_chunk': False}",24,d17bf4a42ae65472,,,23.7,from_S_post_descriptive
r168,9,149,4,RESAMPLE,7,False,False,False,"{'ee_class': 'STATIONARY', 'contact_class': 'HOLD', 'obj_class': 'UNMOVED', 'flag_target_displaced': False, 'flag_gripper_closed': False, 'flag_ee_near_target': True, 'end_eef': [-0.04023068312354995, -0.25924681561742197, 1.1715047685258737], 'obj_disp': [-2.484475402569214e-05, -0.0007782976374592354, -0.00023143423367910643], 'ee_dz': 0.0119, 'ee_dxy': 0.018, 'odz': -0.0002, 'odxy': 0.0008, 'terminated_in_chunk': False}",24,d519d03bfcd65b8d,True,0.0,49.9,
r166,9,144,5,NATURAL,3,False,False,False,"{'ee_class': 'STATIONARY', 'contact_class': 'OPENING', 'obj_class': 'UNMOVED', 'flag_target_displaced': False, 'flag_gripper_closed': False, 'flag_ee_near_target': False, 'end_eef': [-0.075454826051031, -0.29477561983755396, 1.1834773572849084], 'obj_disp': [0.01343066438812901, -0.0013642419650086723, 0.002740274915966623], 'ee_dz': -0.0012, 'ee_dxy': 0.0174, 'odz': 0.0027, 'odxy': 0.0135, 'terminated_in_chunk': False}",24,cf7ad569581a10f5,,,23.8,from_S_post_descriptive
r166,9,144,5,NATURAL,4,False,False,False,"{'ee_class': 'STATIONARY', 'contact_class': 'OPENING', 'obj_class': 'UNMOVED', 'flag_target_displaced': False, 'flag_gripper_closed': False, 'flag_ee_near_target': False, 'end_eef': [-0.07538032390022506, -0.2967654952815812, 1.1726569400237694], 'obj_disp': [0.018996933498730988, -0.005074524322080387, 0.007703383608163028], 'ee_dz': -0.012, 'ee_dxy': 0.0192, 'odz': 0.0077, 'odxy': 0.0197, 'terminated_in_chunk': False}",24,eec292694aa09b3d,,,24.1,from_S_post_descriptive
r168,9,149,4,RESAMPLE,8,False,False,False,"{'ee_class': 'ASCEND', 'contact_class': 'HOLD', 'obj_class': 'UNMOVED', 'flag_target_displaced': False, 'flag_gripper_closed': False, 'flag_ee_near_target': True, 'end_eef': [-0.04284368427197947, -0.2578135196509871, 1.1837918176131046], 'obj_disp': [6.678903201423267e-05, -0.0025099870197122787, -0.0002314342535547631], 'ee_dz': 0.0241, 'ee_dxy': 0.0189, 'odz': -0.0002, 'odxy': 0.0025, 'terminated_in_chunk': False}",24,90026abf594c0a4f,True,0.0,48.9,
r168,9,149,4,NATURAL,1,False,False,False,"{'ee_class': 'DESCEND', 'contact_class': 'HOLD', 'obj_class': 'UNMOVED', 'flag_target_displaced': False, 'flag_gripper_closed': False, 'flag_ee_near_target': False, 'end_eef': [0.1675433182943313, 0.08440880972856539, 1.1559867268375177], 'obj_disp': [0.0, 0.0, 0.0], 'ee_dz': -0.0403, 'ee_dxy': 0.0366, 'odz': 0.0, 'odxy': 0.0, 'terminated_in_chunk': False}",24,bbaf4a852e5f852a,,,22.0,from_S_post_descriptive
r168,9,149,4,NATURAL,2,False,False,False,"{'ee_class': 'DESCEND', 'contact_class': 'HOLD', 'obj_class': 'UNMOVED', 'flag_target_displaced': False, 'flag_gripper_closed': False, 'flag_ee_near_target': False, 'end_eef': [0.16159279700427212, 0.09310194085951282, 1.1652602481883656], 'obj_disp': [0.0, 0.0, 0.0], 'ee_dz': -0.031, 'ee_dxy': 0.041, 'odz': 0.0, 'odxy': 0.0, 'terminated_in_chunk': False}",24,ce5254dbcd94d17f,,,22.8,from_S_post_descriptive
r168,9,149,4,NATURAL,3,False,False,False,"{'ee_class': 'DESCEND', 'contact_class': 'HOLD', 'obj_class': 'UNMOVED', 'flag_target_displaced': False, 'flag_gripper_closed': False, 'flag_ee_near_target': False, 'end_eef': [0.1615349513617087, 0.0864066309799309, 1.163040709769181], 'obj_disp': [0.0, 0.0, 0.0], 'ee_dz': -0.0332, 'ee_dxy': 0.035, 'odz': 0.0, 'odxy': 0.0, 'terminated_in_chunk': False}",24,23bd77a527d48e13,,,22.3,from_S_post_descriptive
r168,9,149,4,NATURAL,4,False,False,False,"{'ee_class': 'DESCEND', 'contact_class': 'HOLD', 'obj_class': 'UNMOVED', 'flag_target_displaced': False, 'flag_gripper_closed': False, 'flag_ee_near_target': False, 'end_eef': [0.1622999202140453, 0.08691628793268372, 1.16122254172034], 'obj_disp': [0.0, 0.0, 0.0], 'ee_dz': -0.0351, 'ee_dxy': 0.0358, 'odz': 0.0, 'odxy': 0.0, 'terminated_in_chunk': False}",24,dcd863b5f463f761,,,22.7,from_S_post_descriptive
r171,9,152,5,RESAMPLE,1,False,False,False,"{'ee_class': 'DESCEND', 'contact_class': 'HOLD', 'obj_class': 'UNMOVED', 'flag_target_displaced': False, 'flag_gripper_closed': False, 'flag_ee_near_target': True, 'end_eef': [-0.02102630102797859, -0.28863283997230255, 1.148891359479081], 'obj_disp': [-0.001399868977662545, -0.0031762953619094425, -0.0001684384476752232], 'ee_dz': -0.0193, 'ee_dxy': 0.0181, 'odz': -0.0002, 'odxy': 0.0035, 'terminated_in_chunk': False}",24,f44435c3c64a67de,True,0.0,44.6,
r171,9,152,5,RESAMPLE,2,False,False,False,"{'ee_class': 'DESCEND', 'contact_class': 'HOLD', 'obj_class': 'UNMOVED', 'flag_target_displaced': False, 'flag_gripper_closed': False, 'flag_ee_near_target': True, 'end_eef': [-0.021165324941159882, -0.2904981681747978, 1.1479490638228718], 'obj_disp': [-0.0021371362004665648, -0.0051300423429500586, -0.00017482896082743338], 'ee_dz': -0.0202, 'ee_dxy': 0.019, 'odz': -0.0002, 'odxy': 0.0056, 'terminated_in_chunk': False}",24,7058538781cc85f4,True,0.0,45.0,
r171,9,152,5,RESAMPLE,3,False,False,False,"{'ee_class': 'DESCEND', 'contact_class': 'HOLD', 'obj_class': 'UNMOVED', 'flag_target_displaced': False, 'flag_gripper_closed': False, 'flag_ee_near_target': True, 'end_eef': [-0.024825915880376265, -0.2959828526848481, 1.144977782825116], 'obj_disp': [-0.0041483407812333735, -0.010923273957243074, 0.00018441990764905825], 'ee_dz': -0.0232, 'ee_dxy': 0.0248, 'odz': 0.0002, 'odxy': 0.0117, 'terminated_in_chunk': False}",24,3426b49b27ad4aee,True,0.0,45.4,
r172,9,151,5,RESAMPLE,1,False,True,False,"{'ee_class': 'DESCEND', 'contact_class': 'HOLD', 'obj_class': 'UNMOVED', 'flag_target_displaced': False, 'flag_gripper_closed': False, 'flag_ee_near_target': True, 'end_eef': [0.03153173623516443, -0.26543272591858796, 1.179185417594019], 'obj_disp': [-0.00024009169440086797, 0.00025665415565523375, 0.0036157419171731764], 'ee_dz': -0.0167, 'ee_dxy': 0.0158, 'odz': 0.0036, 'odxy': 0.0004, 'terminated_in_chunk': False}",24,44211c63ebf4f943,True,0.0,46.7,
r171,9,152,5,RESAMPLE,4,False,False,False,"{'ee_class': 'DESCEND', 'contact_class': 'HOLD', 'obj_class': 'UNMOVED', 'flag_target_displaced': False, 'flag_gripper_closed': False, 'flag_ee_near_target': True, 'end_eef': [-0.02170763921458466, -0.29147297747257794, 1.1473106067959522], 'obj_disp': [-0.00238343203773427, -0.00592820884784373, -0.00017187090635206737], 'ee_dz': -0.0208, 'ee_dxy': 0.0199, 'odz': -0.0002, 'odxy': 0.0064, 'terminated_in_chunk': False}",24,8f17fd844bc07cdf,True,0.0,44.8,
r172,9,151,5,RESAMPLE,2,True,True,False,"{'ee_class': 'STATIONARY', 'contact_class': 'HOLD', 'obj_class': 'UNMOVED', 'flag_target_displaced': False, 'flag_gripper_closed': False, 'flag_ee_near_target': True, 'end_eef': [0.03983544440662558, -0.26373667123454214, 1.1823243683967453], 'obj_disp': [-1.7849286777692208e-05, 0.0006372238754162041, 0.001682614430780216], 'ee_dz': -0.0136, 'ee_dxy': 0.0073, 'odz': 0.0017, 'odxy': 0.0006, 'terminated_in_chunk': False}",24,8c032a87262131fe,True,0.0,47.1,
r171,9,152,5,RESAMPLE,5,False,False,False,"{'ee_class': 'STATIONARY', 'contact_class': 'HOLD', 'obj_class': 'UNMOVED', 'flag_target_displaced': False, 'flag_gripper_closed': False, 'flag_ee_near_target': True, 'end_eef': [-0.019681111539266785, -0.2876081877397842, 1.153479211787782], 'obj_disp': [-0.001391951604801189, -0.003067594306098931, -0.0001683962387304394], 'ee_dz': -0.0147, 'ee_dxy': 0.0165, 'odz': -0.0002, 'odxy': 0.0034, 'terminated_in_chunk': False}",24,9217f3885444a30e,True,0.0,44.8,
r172,9,151,5,RESAMPLE,3,False,True,False,"{'ee_class': 'STATIONARY', 'contact_class': 'HOLD', 'obj_class': 'UNMOVED', 'flag_target_displaced': False, 'flag_gripper_closed': False, 'flag_ee_near_target': True, 'end_eef': [0.03969656507778884, -0.2638596705803777, 1.182257463067082], 'obj_disp': [0.00011919051607494485, 0.0002841193378129159, 0.001631687775410784], 'ee_dz': -0.0136, 'ee_dxy': 0.0075, 'odz': 0.0016, 'odxy': 0.0003, 'terminated_in_chunk': False}",24,680337f3dc23edb7,True,0.0,47.1,
r171,9,152,5,RESAMPLE,6,False,False,False,"{'ee_class': 'STATIONARY', 'contact_class': 'HOLD', 'obj_class': 'UNMOVED', 'flag_target_displaced': False, 'flag_gripper_closed': False, 'flag_ee_near_target': True, 'end_eef': [-0.02102269440526209, -0.2916378695459868, 1.1539625234809059], 'obj_disp': [-0.00265447575639865, -0.0072712806850508405, -0.00016846169034701042], 'ee_dz': -0.0142, 'ee_dxy': 0.0193, 'odz': -0.0002, 'odxy': 0.0077, 'terminated_in_chunk': False}",24,0eb4149025d3eb41,True,0.0,46.0,
r172,9,151,5,RESAMPLE,4,False,True,False,"{'ee_class': 'STATIONARY', 'contact_class': 'HOLD', 'obj_class': 'UNMOVED', 'flag_target_displaced': False, 'flag_gripper_closed': False, 'flag_ee_near_target': True, 'end_eef': [0.03902918120978852, -0.2613331945587847, 1.1828509644874656], 'obj_disp': [0.00025474363276261486, 0.00033220779363357655, 0.0017631522740579886], 'ee_dz': -0.013, 'ee_dxy': 0.008, 'odz': 0.0018, 'odxy': 0.0004, 'terminated_in_chunk': False}",24,61703a7d504a8e2b,True,0.0,47.5,
r171,9,152,5,RESAMPLE,7,False,False,False,"{'ee_class': 'STATIONARY', 'contact_class': 'HOLD', 'obj_class': 'UNMOVED', 'flag_target_displaced': False, 'flag_gripper_closed': False, 'flag_ee_near_target': True, 'end_eef': [-0.018828421865835002, -0.28915084774213823, 1.1568730401261387], 'obj_disp': [-0.0021624080774623, -0.0043105670963329845, -0.00020109943220214532], 'ee_dz': -0.0113, 'ee_dxy': 0.0163, 'odz': -0.0002, 'odxy': 0.0048, 'terminated_in_chunk': False}",24,693e76117497a088,True,0.0,45.9,
r172,9,151,5,RESAMPLE,5,False,False,False,"{'ee_class': 'STATIONARY', 'contact_class': 'HOLD', 'obj_class': 'UNMOVED', 'flag_target_displaced': False, 'flag_gripper_closed': False, 'flag_ee_near_target': True, 'end_eef': [0.04083433021035228, -0.2640765575723977, 1.1850450103996235], 'obj_disp': [8.438376456020719e-05, 6.524647913075388e-05, 0.0007039230701435528], 'ee_dz': -0.0108, 'ee_dxy': 0.0065, 'odz': 0.0007, 'odxy': 0.0001, 'terminated_in_chunk': False}",24,0f74d72b8a295bbe,True,0.0,46.3,
r171,9,152,5,RESAMPLE,8,False,False,False,"{'ee_class': 'STATIONARY', 'contact_class': 'HOLD', 'obj_class': 'UNMOVED', 'flag_target_displaced': False, 'flag_gripper_closed': False, 'flag_ee_near_target': True, 'end_eef': [-0.024057861061781764, -0.2871075421068282, 1.155347915299344], 'obj_disp': [-0.0016665236446477723, -0.002991157492057861, -0.00017045776464219564], 'ee_dz': -0.0128, 'ee_dxy': 0.0206, 'odz': -0.0002, 'odxy': 0.0034, 'terminated_in_chunk': False}",24,2b5f6b2b79af0185,True,0.0,44.8,
r171,9,152,5,NATURAL,1,False,False,False,"{'ee_class': 'STATIONARY', 'contact_class': 'HOLD', 'obj_class': 'UNMOVED', 'flag_target_displaced': False, 'flag_gripper_closed': False, 'flag_ee_near_target': True, 'end_eef': [0.03779684247987536, -0.2650830421024233, 1.1456640040708364], 'obj_disp': [0.005866440735927741, -0.007900274947109098, 0.0004461523116192634], 'ee_dz': -0.0013, 'ee_dxy': 0.015, 'odz': 0.0004, 'odxy': 0.0098, 'terminated_in_chunk': False}",24,933898a362830203,,,22.6,from_S_post_descriptive
r172,9,151,5,RESAMPLE,6,False,False,False,"{'ee_class': 'STATIONARY', 'contact_class': 'HOLD', 'obj_class': 'UNMOVED', 'flag_target_displaced': False, 'flag_gripper_closed': False, 'flag_ee_near_target': True, 'end_eef': [0.041859537353049855, -0.26129378369129325, 1.1840137265280626], 'obj_disp': [0.00013756623157257925, 0.00016496632680679246, 0.0015995867955158616], 'ee_dz': -0.0119, 'ee_dxy': 0.0052, 'odz': 0.0016, 'odxy': 0.0002, 'terminated_in_chunk': False}",24,1ade54723e2bb05e,True,0.0,45.7,
r171,9,152,5,NATURAL,2,False,False,False,"{'ee_class': 'STATIONARY', 'contact_class': 'HOLD', 'obj_class': 'UNMOVED', 'flag_target_displaced': False, 'flag_gripper_closed': False, 'flag_ee_near_target': True, 'end_eef': [0.030985042003128266, -0.2576553941564558, 1.1517645130498675], 'obj_disp': [0.0017731572121524805, 0.000228527692924807, 0.0018555519444505286], 'ee_dz': 0.0048, 'ee_dxy': 0.0066, 'odz': 0.0019, 'odxy': 0.0018, 'terminated_in_chunk': False}",24,be49b4cf3a365813,,,22.9,from_S_post_descriptive
r171,9,152,5,NATURAL,3,False,False,False,"{'ee_class': 'STATIONARY', 'contact_class': 'HOLD', 'obj_class': 'UNMOVED', 'flag_target_displaced': False, 'flag_gripper_closed': False, 'flag_ee_near_target': True, 'end_eef': [0.030376873075720873, -0.26011876795561545, 1.1475795665207087], 'obj_disp': [0.0015206292964115194, -0.001095187547762111, 0.00112995085078893], 'ee_dz': 0.0006, 'ee_dxy': 0.0062, 'odz': 0.0011, 'odxy': 0.0019, 'terminated_in_chunk': False}",24,b9833231977a1ee4,,,22.5,from_S_post_descriptive
r172,9,151,5,RESAMPLE,7,False,True,False,"{'ee_class': 'STATIONARY', 'contact_class': 'HOLD', 'obj_class': 'UNMOVED', 'flag_target_displaced': False, 'flag_gripper_closed': False, 'flag_ee_near_target': True, 'end_eef': [0.03959423247072866, -0.26600671891072397, 1.1839903364335642], 'obj_disp': [-0.00013164841832862678, 0.00030978950804666505, 0.00025797450963316315], 'ee_dz': -0.0119, 'ee_dxy': 0.0083, 'odz': 0.0003, 'odxy': 0.0003, 'terminated_in_chunk': False}",24,f1e567318282cb08,True,0.0,47.1,
r171,9,152,5,NATURAL,4,False,False,False,"{'ee_class': 'STATIONARY', 'contact_class': 'HOLD', 'obj_class': 'UNMOVED', 'flag_target_displaced': False, 'flag_gripper_closed': False, 'flag_ee_near_target': True, 'end_eef': [0.043378149040278965, -0.2589571305385511, 1.158703982489489], 'obj_disp': [0.0096077477843363, -0.002620038248651646, 0.0031158579986005908], 'ee_dz': 0.0117, 'ee_dxy': 0.0189, 'odz': 0.0031, 'odxy': 0.01, 'terminated_in_chunk': False}",24,f5f13bc3ca6f6924,,,22.4,from_S_post_descriptive
r172,9,151,5,RESAMPLE,8,False,True,False,"{'ee_class': 'STATIONARY', 'contact_class': 'HOLD', 'obj_class': 'UNMOVED', 'flag_target_displaced': False, 'flag_gripper_closed': False, 'flag_ee_near_target': True, 'end_eef': [0.035572436648672566, -0.2662593361331948, 1.1809235676324534], 'obj_disp': [-0.00021577115656071233, 0.0003803662491495552, 0.0033012447371083553], 'ee_dz': -0.015, 'ee_dxy': 0.0121, 'odz': 0.0033, 'odxy': 0.0004, 'terminated_in_chunk': False}",24,ccba5a704d94958d,True,0.0,45.9,
r172,9,151,5,NATURAL,1,True,True,False,"{'ee_class': 'STATIONARY', 'contact_class': 'CLOSING', 'obj_class': 'UNMOVED', 'flag_target_displaced': False, 'flag_gripper_closed': False, 'flag_ee_near_target': False, 'end_eef': [-0.06191358285914425, -0.24313811995993936, 1.1403252126327434], 'obj_disp': [0.0023083741390064957, -0.003273631278635891, -0.0038543917984270593], 'ee_dz': -0.0011, 'ee_dxy': 0.0071, 'odz': -0.0039, 'odxy': 0.004, 'terminated_in_chunk': False}",24,2976ee2b09a2eed4,,,24.5,from_S_post_descriptive
r172,9,151,5,NATURAL,2,False,False,False,"{'ee_class': 'STATIONARY', 'contact_class': 'CLOSING', 'obj_class': 'UNMOVED', 'flag_target_displaced': False, 'flag_gripper_closed': True, 'flag_ee_near_target': False, 'end_eef': [-0.06307405350632804, -0.24372058960413362, 1.139831351228857], 'obj_disp': [0.0032382112494874563, -0.004501805207817011, -0.005417022000911764], 'ee_dz': -0.0016, 'ee_dxy': 0.0084, 'odz': -0.0054, 'odxy': 0.0055, 'terminated_in_chunk': False}",24,cdf403c1614a5f31,,,23.5,from_S_post_descriptive
r172,9,151,5,NATURAL,3,False,False,False,"{'ee_class': 'STATIONARY', 'contact_class': 'CLOSING', 'obj_class': 'UNMOVED', 'flag_target_displaced': False, 'flag_gripper_closed': True, 'flag_ee_near_target': False, 'end_eef': [-0.06306306061375447, -0.2439034065848111, 1.1398560292805888], 'obj_disp': [0.003139102574424367, -0.004443694699777567, -0.005280866873287993], 'ee_dz': -0.0016, 'ee_dxy': 0.0084, 'odz': -0.0053, 'odxy': 0.0054, 'terminated_in_chunk': False}",24,23700a9b655d1625,,,23.9,from_S_post_descriptive
r172,9,151,5,NATURAL,4,False,False,False,"{'ee_class': 'STATIONARY', 'contact_class': 'HOLD', 'obj_class': 'UNMOVED', 'flag_target_displaced': False, 'flag_gripper_closed': False, 'flag_ee_near_target': True, 'end_eef': [-0.05403805229412801, -0.24036293371504383, 1.140638997725854], 'obj_disp': [-0.0023713644032363895, 0.000557098787966892, 0.0015076347384619382], 'ee_dz': -0.0008, 'ee_dxy': 0.0013, 'odz': 0.0015, 'odxy': 0.0024, 'terminated_in_chunk': False}",24,b61ff5a4dab24c04,,,24.2,from_S_post_descriptive
r175,9,155,6,RESAMPLE,1,False,True,False,"{'ee_class': 'DESCEND', 'contact_class': 'HOLD', 'obj_class': 'UNMOVED', 'flag_target_displaced': False, 'flag_gripper_closed': False, 'flag_ee_near_target': True, 'end_eef': [0.05376092893030676, -0.27554517084940866, 1.1924572455259839], 'obj_disp': [0.0, 0.0, 0.0], 'ee_dz': -0.0242, 'ee_dxy': 0.0104, 'odz': 0.0, 'odxy': 0.0, 'terminated_in_chunk': False}",24,bebbd5553fb8757e,True,0.0,49.2,
r180,9,160,4,RESAMPLE,1,False,True,False,"{'ee_class': 'STATIONARY', 'contact_class': 'HOLD', 'obj_class': 'UNMOVED', 'flag_target_displaced': False, 'flag_gripper_closed': False, 'flag_ee_near_target': True, 'end_eef': [0.0038368663396982153, -0.2706521754997455, 1.1828165090517178], 'obj_disp': [-0.0008702438332509783, 0.0005082209242767699, 0.0010359294435724475], 'ee_dz': -0.0123, 'ee_dxy': 0.0093, 'odz': 0.001, 'odxy': 0.001, 'terminated_in_chunk': False}",24,a7aa06e58f7f5be9,True,0.0,37.7,
r175,9,155,6,RESAMPLE,2,True,True,False,"{'ee_class': 'DESCEND', 'contact_class': 'HOLD', 'obj_class': 'UNMOVED', 'flag_target_displaced': False, 'flag_gripper_closed': False, 'flag_ee_near_target': True, 'end_eef': [0.051055485501286996, -0.28316010359785854, 1.1901882398568298], 'obj_disp': [0.0, 0.0, 0.0], 'ee_dz': -0.0265, 'ee_dxy': 0.0065, 'odz': 0.0, 'odxy': 0.0, 'terminated_in_chunk': False}",24,08839c7e2ac4fda0,True,0.0,49.9,
r180,9,160,4,RESAMPLE,2,True,True,False,"{'ee_class': 'STATIONARY', 'contact_class': 'HOLD', 'obj_class': 'UNMOVED', 'flag_target_displaced': False, 'flag_gripper_closed': False, 'flag_ee_near_target': True, 'end_eef': [0.009535948158601518, -0.2642585168026762, 1.1860964034795294], 'obj_disp': [-0.0020596398368299147, 0.004066563969126136, 0.0001193822156138058], 'ee_dz': -0.009, 'ee_dxy': 0.0039, 'odz': 0.0001, 'odxy': 0.0046, 'terminated_in_chunk': False}",24,38e19360a0f46329,True,0.0,37.4,
r175,9,155,6,RESAMPLE,3,True,True,False,"{'ee_class': 'DESCEND', 'contact_class': 'HOLD', 'obj_class': 'UNMOVED', 'flag_target_displaced': False, 'flag_gripper_closed': False, 'flag_ee_near_target': True, 'end_eef': [0.05539615377724921, -0.2781226269089341, 1.1982956101446498], 'obj_disp': [0.0, 0.0, 0.0], 'ee_dz': -0.0184, 'ee_dxy': 0.0074, 'odz': 0.0, 'odxy': 0.0, 'terminated_in_chunk': False}",24,5ed63932df74e4d0,True,0.0,49.6,
r180,9,160,4,RESAMPLE,3,False,True,False,"{'ee_class': 'STATIONARY', 'contact_class': 'HOLD', 'obj_class': 'UNMOVED', 'flag_target_displaced': False, 'flag_gripper_closed': False, 'flag_ee_near_target': True, 'end_eef': [0.00790592501348391, -0.2681413232380208, 1.1834501676763467], 'obj_disp': [-0.00021253230150522148, 0.00028218964009602, 0.00017832734012879214], 'ee_dz': -0.0117, 'ee_dxy': 0.0047, 'odz': 0.0002, 'odxy': 0.0004, 'terminated_in_chunk': False}",24,5f0a4c8432996633,True,0.0,37.7,
r180,9,160,4,RESAMPLE,4,True,True,False,"{'ee_class': 'STATIONARY', 'contact_class': 'HOLD', 'obj_class': 'UNMOVED', 'flag_target_displaced': False, 'flag_gripper_closed': False, 'flag_ee_near_target': True, 'end_eef': [0.007629194849292347, -0.2715803283700168, 1.1822680692791485], 'obj_disp': [-0.00037933350625340284, 0.000357069919214803, 0.0008425209101017295], 'ee_dz': -0.0129, 'ee_dxy': 0.0067, 'odz': 0.0008, 'odxy': 0.0005, 'terminated_in_chunk': False}",24,3923a09ac54ea9c3,True,0.0,37.8,
r175,9,155,6,RESAMPLE,4,False,True,False,"{'ee_class': 'DESCEND', 'contact_class': 'HOLD', 'obj_class': 'UNMOVED', 'flag_target_displaced': False, 'flag_gripper_closed': False, 'flag_ee_near_target': True, 'end_eef': [0.052868122256646374, -0.2774996321181355, 1.197020105778923], 'obj_disp': [0.0, 0.0, 0.0], 'ee_dz': -0.0197, 'ee_dxy': 0.009, 'odz': 0.0, 'odxy': 0.0, 'terminated_in_chunk': False}",24,52365824a027d9af,True,0.0,49.7,
r180,9,160,4,RESAMPLE,5,False,True,False,"{'ee_class': 'STATIONARY', 'contact_class': 'HOLD', 'obj_class': 'UNMOVED', 'flag_target_displaced': False, 'flag_gripper_closed': False, 'flag_ee_near_target': True, 'end_eef': [0.008220315307322552, -0.26668945239604436, 1.1838747576111681], 'obj_disp': [-0.0005218226282023772, 0.0008162137553880955, 0.00021820121799276393], 'ee_dz': -0.0113, 'ee_dxy': 0.0042, 'odz': 0.0002, 'odxy': 0.001, 'terminated_in_chunk': False}",24,375cf07324703bcd,True,0.0,37.7,
r175,9,155,6,RESAMPLE,5,False,False,False,"{'ee_class': 'DESCEND', 'contact_class': 'HOLD', 'obj_class': 'UNMOVED', 'flag_target_displaced': False, 'flag_gripper_closed': False, 'flag_ee_near_target': True, 'end_eef': [0.060381257913481465, -0.2757048214453542, 1.188974509091748], 'obj_disp': [0.0, 0.0, 0.0], 'ee_dz': -0.0277, 'ee_dxy': 0.0101, 'odz': 0.0, 'odxy': 0.0, 'terminated_in_chunk': False}",24,ca20dbe9b2faa824,True,0.0,49.5,
r180,9,160,4,RESAMPLE,6,False,True,False,"{'ee_class': 'STATIONARY', 'contact_class': 'HOLD', 'obj_class': 'UNMOVED', 'flag_target_displaced': False, 'flag_gripper_closed': False, 'flag_ee_near_target': True, 'end_eef': [-0.0010305786420198096, -0.2668908575380231, 1.1902724174918589], 'obj_disp': [0.0, 0.0, 0.0], 'ee_dz': -0.0049, 'ee_dxy': 0.0134, 'odz': 0.0, 'odxy': 0.0, 'terminated_in_chunk': False}",24,8dcc1c554c8359d5,True,0.0,37.8,
r175,9,155,6,RESAMPLE,6,True,True,False,"{'ee_class': 'DESCEND', 'contact_class': 'HOLD', 'obj_class': 'UNMOVED', 'flag_target_displaced': False, 'flag_gripper_closed': False, 'flag_ee_near_target': True, 'end_eef': [0.05528495420140338, -0.27847949747427325, 1.1891529705364543], 'obj_disp': [7.961819825218208e-05, 4.511461144734996e-05, 4.64383178262473e-05], 'ee_dz': -0.0275, 'ee_dxy': 0.0071, 'odz': 0.0, 'odxy': 0.0001, 'terminated_in_chunk': False}",24,f404b9b635dfa960,True,0.0,49.7,
r180,9,160,4,RESAMPLE,7,False,True,False,"{'ee_class': 'STATIONARY', 'contact_class': 'HOLD', 'obj_class': 'UNMOVED', 'flag_target_displaced': False, 'flag_gripper_closed': False, 'flag_ee_near_target': True, 'end_eef': [0.00427053908808493, -0.2708333044485957, 1.1828424122347347], 'obj_disp': [-0.0005259839203794955, 0.00046519319965820927, 0.0010843306374317407], 'ee_dz': -0.0123, 'ee_dxy': 0.009, 'odz': 0.0011, 'odxy': 0.0007, 'terminated_in_chunk': False}",24,c651ca1b53a09fd5,True,0.0,38.1,
r180,9,160,4,RESAMPLE,8,False,True,False,"{'ee_class': 'STATIONARY', 'contact_class': 'HOLD', 'obj_class': 'UNMOVED', 'flag_target_displaced': False, 'flag_gripper_closed': False, 'flag_ee_near_target': True, 'end_eef': [0.00654242941879769, -0.26870067919727725, 1.182838164097596], 'obj_disp': [-0.0006833489105507393, 0.0005845624992135701, 0.00034194035850276805], 'ee_dz': -0.0123, 'ee_dxy': 0.0061, 'odz': 0.0003, 'odxy': 0.0009, 'terminated_in_chunk': False}",24,6a22d93f6ad89618,True,0.0,38.2,
r175,9,155,6,RESAMPLE,7,True,True,False,"{'ee_class': 'DESCEND', 'contact_class': 'HOLD', 'obj_class': 'UNMOVED', 'flag_target_displaced': False, 'flag_gripper_closed': False, 'flag_ee_near_target': True, 'end_eef': [0.0508158507578052, -0.27984090064798983, 1.194033385328079], 'obj_disp': [0.0, 0.0, 0.0], 'ee_dz': -0.0226, 'ee_dxy': 0.0084, 'odz': 0.0, 'odxy': 0.0, 'terminated_in_chunk': False}",24,8b53727e31574e6e,True,0.0,50.6,
r180,9,160,4,NATURAL,1,True,True,False,"{'ee_class': 'ASCEND', 'contact_class': 'HOLD', 'obj_class': 'TOWARD_LIFT', 'flag_target_displaced': True, 'flag_gripper_closed': True, 'flag_ee_near_target': True, 'end_eef': [-0.0007571134585656371, -0.20238010814065172, 1.1742884142599035], 'obj_disp': [-0.006129034558709563, 0.009623200733782172, 0.020121714715837014], 'ee_dz': 0.0185, 'ee_dxy': 0.013, 'odz': 0.0201, 'odxy': 0.0114, 'terminated_in_chunk': False}",24,9b66e64242710608,,,25.5,from_S_post_descriptive
r180,9,160,4,NATURAL,2,True,True,False,"{'ee_class': 'STATIONARY', 'contact_class': 'HOLD', 'obj_class': 'TOWARD_LIFT', 'flag_target_displaced': False, 'flag_gripper_closed': True, 'flag_ee_near_target': True, 'end_eef': [-0.0007538924812752895, -0.2104346575913824, 1.169522097492437], 'obj_disp': [-0.005925299943220596, 0.0018745131523332792, 0.015047040506419584], 'ee_dz': 0.0137, 'ee_dxy': 0.0051, 'odz': 0.015, 'odxy': 0.0062, 'terminated_in_chunk': False}",24,a41238be94781214,,,25.8,from_S_post_descriptive
r175,9,155,6,RESAMPLE,8,False,False,False,"{'ee_class': 'DESCEND', 'contact_class': 'HOLD', 'obj_class': 'UNMOVED', 'flag_target_displaced': False, 'flag_gripper_closed': False, 'flag_ee_near_target': True, 'end_eef': [0.05351966412897166, -0.27794673897937056, 1.1896896185022692], 'obj_disp': [4.301825665079667e-05, 2.684785761464248e-05, 3.871941307487248e-05], 'ee_dz': -0.027, 'ee_dxy': 0.0083, 'odz': 0.0, 'odxy': 0.0001, 'terminated_in_chunk': False}",24,7ace71c7a34bf660,True,0.0,51.3,
r180,9,160,4,NATURAL,3,False,True,False,"{'ee_class': 'STATIONARY', 'contact_class': 'HOLD', 'obj_class': 'TOWARD_LIFT', 'flag_target_displaced': False, 'flag_gripper_closed': True, 'flag_ee_near_target': True, 'end_eef': [-0.002919892787123443, -0.20984307415810388, 1.1662469420053965], 'obj_disp': [-0.008241639069458346, 0.002848469375787255, 0.011100157449923431], 'ee_dz': 0.0105, 'ee_dxy': 0.0065, 'odz': 0.0111, 'odxy': 0.0087, 'terminated_in_chunk': False}",24,be8c602a60de3220,,,26.1,from_S_post_descriptive
r175,9,155,6,NATURAL,1,False,False,False,"{'ee_class': 'ASCEND', 'contact_class': 'HOLD', 'obj_class': 'HARM_DISP', 'flag_target_displaced': False, 'flag_gripper_closed': True, 'flag_ee_near_target': True, 'end_eef': [-0.022663781665869312, -0.24254065908260591, 1.2275815699592547], 'obj_disp': [-0.004938632212200723, -0.0030980931055076266, -0.010689330378625517], 'ee_dz': 0.0324, 'ee_dxy': 0.0038, 'odz': -0.0107, 'odxy': 0.0058, 'terminated_in_chunk': False}",24,69c34767b277c9cb,,,22.4,from_S_post_descriptive
r180,9,160,4,NATURAL,4,False,True,False,"{'ee_class': 'ASCEND', 'contact_class': 'HOLD', 'obj_class': 'TOWARD_LIFT', 'flag_target_displaced': True, 'flag_gripper_closed': True, 'flag_ee_near_target': True, 'end_eef': [-0.0002412940457894308, -0.20602636965531435, 1.174216984283981], 'obj_disp': [-0.0053485248784855, 0.006050396952452908, 0.020115612018133833], 'ee_dz': 0.0184, 'ee_dxy': 0.0093, 'odz': 0.0201, 'odxy': 0.0081, 'terminated_in_chunk': False}",24,2322c0d269902f68,,,25.1,from_S_post_descriptive
r175,9,155,6,NATURAL,2,False,True,False,"{'ee_class': 'ASCEND', 'contact_class': 'OPENING', 'obj_class': 'HARM_DISP', 'flag_target_displaced': False, 'flag_gripper_closed': True, 'flag_ee_near_target': True, 'end_eef': [-0.023115293187642823, -0.24285183111732508, 1.229048425815391], 'obj_disp': [-0.004906861554103914, -0.003917976679429669, -0.011888236977164901], 'ee_dz': 0.0338, 'ee_dxy': 0.0033, 'odz': -0.0119, 'odxy': 0.0063, 'terminated_in_chunk': False}",24,a96596e56833235a,,,23.3,from_S_post_descriptive
r175,9,155,6,NATURAL,3,True,True,False,"{'ee_class': 'ASCEND', 'contact_class': 'HOLD', 'obj_class': 'TOWARD_LIFT', 'flag_target_displaced': True, 'flag_gripper_closed': True, 'flag_ee_near_target': True, 'end_eef': [-0.024630160990959948, -0.24197418224922063, 1.2231717367742996], 'obj_disp': [0.0006801135046724353, 0.003134399790500675, 0.02836908972320118], 'ee_dz': 0.028, 'ee_dxy': 0.0035, 'odz': 0.0284, 'odxy': 0.0032, 'terminated_in_chunk': False}",24,8af0540d566b882b,,,23.2,from_S_post_descriptive
r175,9,155,6,NATURAL,4,True,True,False,"{'ee_class': 'ASCEND', 'contact_class': 'HOLD', 'obj_class': 'TOWARD_LIFT', 'flag_target_displaced': True, 'flag_gripper_closed': True, 'flag_ee_near_target': True, 'end_eef': [-0.020595201942031422, -0.23349028586355022, 1.2306528338875533], 'obj_disp': [0.004766660183912393, 0.01191220570692314, 0.03571047498684954], 'ee_dz': 0.0355, 'ee_dxy': 0.0128, 'odz': 0.0357, 'odxy': 0.0128, 'terminated_in_chunk': False}",24,ae87aca5d9918f74,,,23.8,from_S_post_descriptive
r181,9,159,4,RESAMPLE,1,False,False,False,"{'ee_class': 'ASCEND', 'contact_class': 'HOLD', 'obj_class': 'UNMOVED', 'flag_target_displaced': False, 'flag_gripper_closed': False, 'flag_ee_near_target': True, 'end_eef': [0.00127301397076994, -0.2581678351637758, 1.2012367995538717], 'obj_disp': [0.00026465509788269753, -0.0009120844449631571, -0.0008438276620696961], 'ee_dz': 0.0206, 'ee_dxy': 0.0162, 'odz': -0.0008, 'odxy': 0.0009, 'terminated_in_chunk': False}",24,ef0121d99b41e790,True,0.0,45.2,
r181,9,159,4,RESAMPLE,2,False,False,False,"{'ee_class': 'STATIONARY', 'contact_class': 'HOLD', 'obj_class': 'UNMOVED', 'flag_target_displaced': False, 'flag_gripper_closed': False, 'flag_ee_near_target': True, 'end_eef': [-0.006517883222279505, -0.26030931585149325, 1.1826641757896263], 'obj_disp': [0.00026465509788269753, -0.0009120844449631571, -0.0008438276620696961], 'ee_dz': 0.0021, 'ee_dxy': 0.0083, 'odz': -0.0008, 'odxy': 0.0009, 'terminated_in_chunk': False}",24,5ef586edfb461990,True,0.0,45.4,
r181,9,159,4,RESAMPLE,3,False,False,False,"{'ee_class': 'DESCEND', 'contact_class': 'HOLD', 'obj_class': 'UNMOVED', 'flag_target_displaced': False, 'flag_gripper_closed': False, 'flag_ee_near_target': True, 'end_eef': [-0.017602496011869268, -0.2733430820635114, 1.1646045675350223], 'obj_disp': [0.0005145274237940145, -0.007681039441831794, 7.164945758697527e-05], 'ee_dz': -0.016, 'ee_dxy': 0.0096, 'odz': 0.0001, 'odxy': 0.0077, 'terminated_in_chunk': False}",24,2980a58b94b5a871,True,0.0,44.8,
r185,9,165,6,RESAMPLE,1,False,True,False,"{'ee_class': 'DESCEND', 'contact_class': 'HOLD', 'obj_class': 'UNMOVED', 'flag_target_displaced': False, 'flag_gripper_closed': False, 'flag_ee_near_target': True, 'end_eef': [0.04515094833644057, -0.2737133918233454, 1.1976385331216406], 'obj_disp': [0.0, 0.0, 0.0], 'ee_dz': -0.0276, 'ee_dxy': 0.011, 'odz': 0.0, 'odxy': 0.0, 'terminated_in_chunk': False}",24,04a2c6c3084352e1,True,0.0,52.5,
r181,9,159,4,RESAMPLE,4,False,False,False,"{'ee_class': 'ASCEND', 'contact_class': 'HOLD', 'obj_class': 'UNMOVED', 'flag_target_displaced': False, 'flag_gripper_closed': False, 'flag_ee_near_target': True, 'end_eef': [0.001535902391919748, -0.2535540614057873, 1.198393465884862], 'obj_disp': [0.00026465509788269753, -0.0009120844449631571, -0.0008438276620696961], 'ee_dz': 0.0178, 'ee_dxy': 0.0187, 'odz': -0.0008, 'odxy': 0.0009, 'terminated_in_chunk': False}",24,cf8c56ae1dac65a4,True,0.0,45.0,
r185,9,165,6,RESAMPLE,2,False,True,False,"{'ee_class': 'DESCEND', 'contact_class': 'HOLD', 'obj_class': 'UNMOVED', 'flag_target_displaced': False, 'flag_gripper_closed': False, 'flag_ee_near_target': True, 'end_eef': [0.043396734669745286, -0.27276441772345794, 1.2000586382182439], 'obj_disp': [0.0, 0.0, 0.0], 'ee_dz': -0.0252, 'ee_dxy': 0.0107, 'odz': 0.0, 'odxy': 0.0, 'terminated_in_chunk': False}",24,0eed4fb70a78a3c1,True,0.0,52.6,
r181,9,159,4,RESAMPLE,5,False,False,False,"{'ee_class': 'DESCEND', 'contact_class': 'HOLD', 'obj_class': 'UNMOVED', 'flag_target_displaced': False, 'flag_gripper_closed': False, 'flag_ee_near_target': True, 'end_eef': [-0.01901322988404774, -0.2729452807322751, 1.1640768650965712], 'obj_disp': [0.00043205010235507907, -0.009290640866924826, -0.0008445137297556915], 'ee_dz': -0.0165, 'ee_dxy': 0.01, 'odz': -0.0008, 'odxy': 0.0093, 'terminated_in_chunk': False}",24,41adff6069ba2287,True,0.0,45.5,
r185,9,165,6,RESAMPLE,3,False,True,False,"{'ee_class': 'DESCEND', 'contact_class': 'HOLD', 'obj_class': 'UNMOVED', 'flag_target_displaced': False, 'flag_gripper_closed': False, 'flag_ee_near_target': True, 'end_eef': [0.04270807049654492, -0.27699125130299407, 1.195013631166874], 'obj_disp': [0.0, 0.0, 0.0], 'ee_dz': -0.0302, 'ee_dxy': 0.0069, 'odz': 0.0, 'odxy': 0.0, 'terminated_in_chunk': False}",24,a27e22a28cd1365c,True,0.0,52.7,
r181,9,159,4,RESAMPLE,6,False,False,False,"{'ee_class': 'ASCEND', 'contact_class': 'HOLD', 'obj_class': 'UNMOVED', 'flag_target_displaced': False, 'flag_gripper_closed': False, 'flag_ee_near_target': True, 'end_eef': [0.008854272924588015, -0.2506936139652549, 1.2076552058045114], 'obj_disp': [0.00026465509788269753, -0.0009120844449631571, -0.0008438276620696961], 'ee_dz': 0.0271, 'ee_dxy': 0.0264, 'odz': -0.0008, 'odxy': 0.0009, 'terminated_in_chunk': False}",24,64f1b5497f389a96,True,0.0,45.4,
r185,9,165,6,RESAMPLE,4,False,True,False,"{'ee_class': 'DESCEND', 'contact_class': 'HOLD', 'obj_class': 'UNMOVED', 'flag_target_displaced': False, 'flag_gripper_closed': False, 'flag_ee_near_target': True, 'end_eef': [0.04365509991175148, -0.27431675788904214, 1.2021292119904055], 'obj_disp': [0.0, 0.0, 0.0], 'ee_dz': -0.0231, 'ee_dxy': 0.0096, 'odz': 0.0, 'odxy': 0.0, 'terminated_in_chunk': False}",24,c32a8b783d331968,True,0.0,52.4,
r181,9,159,4,RESAMPLE,7,False,False,False,"{'ee_class': 'STATIONARY', 'contact_class': 'HOLD', 'obj_class': 'UNMOVED', 'flag_target_displaced': False, 'flag_gripper_closed': False, 'flag_ee_near_target': True, 'end_eef': [-0.00957660391518628, -0.26229275326860285, 1.1904801282915323], 'obj_disp': [0.00026465509788269753, -0.0009120844449631571, -0.0008438276620696961], 'ee_dz': 0.0099, 'ee_dxy': 0.0046, 'odz': -0.0008, 'odxy': 0.0009, 'terminated_in_chunk': False}",24,f507117e48cd503f,True,0.0,45.6,
r181,9,159,4,RESAMPLE,8,False,False,False,"{'ee_class': 'DESCEND', 'contact_class': 'HOLD', 'obj_class': 'UNMOVED', 'flag_target_displaced': False, 'flag_gripper_closed': False, 'flag_ee_near_target': True, 'end_eef': [-0.021117960499132025, -0.2728965710929043, 1.1639320650364862], 'obj_disp': [0.0019226572697374766, -0.00827479886934046, -0.0008438343039816054], 'ee_dz': -0.0167, 'ee_dxy': 0.0112, 'odz': -0.0008, 'odxy': 0.0085, 'terminated_in_chunk': False}",24,daf15e26502e715b,True,0.0,45.1,
r185,9,165,6,RESAMPLE,5,False,True,False,"{'ee_class': 'DESCEND', 'contact_class': 'HOLD', 'obj_class': 'UNMOVED', 'flag_target_displaced': False, 'flag_gripper_closed': False, 'flag_ee_near_target': True, 'end_eef': [0.04327992605591924, -0.27784197992313375, 1.2035727298326964], 'obj_disp': [0.0, 0.0, 0.0], 'ee_dz': -0.0217, 'ee_dxy': 0.0067, 'odz': 0.0, 'odxy': 0.0, 'terminated_in_chunk': False}",24,1e0f6b4309344646,True,0.0,53.1,
r181,9,159,4,NATURAL,1,False,False,False,"{'ee_class': 'STATIONARY', 'contact_class': 'HOLD', 'obj_class': 'UNMOVED', 'flag_target_displaced': False, 'flag_gripper_closed': False, 'flag_ee_near_target': False, 'end_eef': [-0.015848993997624586, -0.22945537604870403, 1.163696125660483], 'obj_disp': [0.0, 0.0, 0.0], 'ee_dz': -0.0113, 'ee_dxy': 0.0159, 'odz': 0.0, 'odxy': 0.0, 'terminated_in_chunk': False}",24,ce0bf2bc75eb2f09,,,23.9,from_S_post_descriptive
r181,9,159,4,NATURAL,2,False,False,False,"{'ee_class': 'STATIONARY', 'contact_class': 'HOLD', 'obj_class': 'UNMOVED', 'flag_target_displaced': False, 'flag_gripper_closed': False, 'flag_ee_near_target': False, 'end_eef': [-0.01571062254683279, -0.22380153943138184, 1.1884511814773309], 'obj_disp': [0.0, 0.0, 0.0], 'ee_dz': 0.0135, 'ee_dxy': 0.0215, 'odz': 0.0, 'odxy': 0.0, 'terminated_in_chunk': False}",24,ac32210f3b9ee10e,,,24.6,from_S_post_descriptive
r185,9,165,6,RESAMPLE,6,False,False,False,"{'ee_class': 'DESCEND', 'contact_class': 'HOLD', 'obj_class': 'UNMOVED', 'flag_target_displaced': False, 'flag_gripper_closed': False, 'flag_ee_near_target': True, 'end_eef': [0.036352438491996535, -0.2768756947228037, 1.1976054798045577], 'obj_disp': [0.0, 0.0, 0.0], 'ee_dz': -0.0276, 'ee_dxy': 0.0056, 'odz': 0.0, 'odxy': 0.0, 'terminated_in_chunk': False}",24,725efae7010c2160,True,0.0,51.4,
r181,9,159,4,NATURAL,3,False,False,False,"{'ee_class': 'STATIONARY', 'contact_class': 'CLOSING', 'obj_class': 'UNMOVED', 'flag_target_displaced': False, 'flag_gripper_closed': True, 'flag_ee_near_target': True, 'end_eef': [-0.010445670419409676, -0.23014760276314392, 1.1841550567129748], 'obj_disp': [0.0, 0.0, 0.0], 'ee_dz': 0.0092, 'ee_dxy': 0.016, 'odz': 0.0, 'odxy': 0.0, 'terminated_in_chunk': False}",24,c8dde06e50b9d610,,,24.8,from_S_post_descriptive
r181,9,159,4,NATURAL,4,False,False,False,"{'ee_class': 'STATIONARY', 'contact_class': 'CLOSING', 'obj_class': 'UNMOVED', 'flag_target_displaced': False, 'flag_gripper_closed': True, 'flag_ee_near_target': True, 'end_eef': [-0.014226525382179665, -0.2378305940858378, 1.1825986662009287], 'obj_disp': [0.0, 0.0, 0.0], 'ee_dz': 0.0076, 'ee_dxy': 0.0076, 'odz': 0.0, 'odxy': 0.0, 'terminated_in_chunk': False}",24,6524de9d563ebcb6,,,24.6,from_S_post_descriptive
r185,9,165,6,RESAMPLE,7,False,True,False,"{'ee_class': 'DESCEND', 'contact_class': 'HOLD', 'obj_class': 'UNMOVED', 'flag_target_displaced': False, 'flag_gripper_closed': False, 'flag_ee_near_target': True, 'end_eef': [0.044282903609442086, -0.27510967283503784, 1.2055709024462147], 'obj_disp': [0.0, 0.0, 0.0], 'ee_dz': -0.0197, 'ee_dxy': 0.0093, 'odz': 0.0, 'odxy': 0.0, 'terminated_in_chunk': False}",24,4d254a4d4d6830ca,True,0.0,52.0,
r185,9,165,6,RESAMPLE,8,False,True,False,"{'ee_class': 'DESCEND', 'contact_class': 'HOLD', 'obj_class': 'UNMOVED', 'flag_target_displaced': False, 'flag_gripper_closed': False, 'flag_ee_near_target': True, 'end_eef': [0.03926876031329999, -0.2753422413180158, 1.2015607930532635], 'obj_disp': [0.0, 0.0, 0.0], 'ee_dz': -0.0237, 'ee_dxy': 0.0069, 'odz': 0.0, 'odxy': 0.0, 'terminated_in_chunk': False}",24,0a9734c6a638cdb2,True,0.0,50.9,
r185,9,165,6,NATURAL,1,True,True,False,"{'ee_class': 'STATIONARY', 'contact_class': 'HOLD', 'obj_class': 'UNMOVED', 'flag_target_displaced': False, 'flag_gripper_closed': True, 'flag_ee_near_target': True, 'end_eef': [-0.014303072097549711, -0.24060932047565126, 1.1677077358141894], 'obj_disp': [-0.005122199550614916, 0.005514971522325773, 0.003730855771685082], 'ee_dz': 0.0123, 'ee_dxy': 0.0025, 'odz': 0.0037, 'odxy': 0.0075, 'terminated_in_chunk': False}",24,8d47ffbfdddb1831,,,24.4,from_S_post_descriptive
r185,9,165,6,NATURAL,2,False,True,False,"{'ee_class': 'ASCEND', 'contact_class': 'HOLD', 'obj_class': 'TOWARD_LIFT', 'flag_target_displaced': False, 'flag_gripper_closed': True, 'flag_ee_near_target': True, 'end_eef': [-0.014457753744974149, -0.24029743177609145, 1.176263879124475], 'obj_disp': [-0.00560831061401542, 0.007864094522305298, 0.010095727324804571], 'ee_dz': 0.0209, 'ee_dxy': 0.0027, 'odz': 0.0101, 'odxy': 0.0097, 'terminated_in_chunk': False}",24,600d060c0956ed21,,,24.6,from_S_post_descriptive
r185,9,165,6,NATURAL,3,True,True,False,"{'ee_class': 'STATIONARY', 'contact_class': 'HOLD', 'obj_class': 'UNMOVED', 'flag_target_displaced': False, 'flag_gripper_closed': True, 'flag_ee_near_target': True, 'end_eef': [-0.014278326816100886, -0.2423814488480281, 1.1678648596446974], 'obj_disp': [-0.005126638277144598, 0.0035965094284240995, 0.004058156326467888], 'ee_dz': 0.0125, 'ee_dxy': 0.0026, 'odz': 0.0041, 'odxy': 0.0063, 'terminated_in_chunk': False}",24,902bc70c63f43499,,,24.8,from_S_post_descriptive
r185,9,165,6,NATURAL,4,True,True,False,"{'ee_class': 'STATIONARY', 'contact_class': 'HOLD', 'obj_class': 'UNMOVED', 'flag_target_displaced': False, 'flag_gripper_closed': True, 'flag_ee_near_target': True, 'end_eef': [-0.01572264720174313, -0.24112266811851785, 1.168116092358674], 'obj_disp': [-0.006598517129674648, 0.004973707095815794, 0.0041029637617153725], 'ee_dz': 0.0128, 'ee_dxy': 0.0038, 'odz': 0.0041, 'odxy': 0.0083, 'terminated_in_chunk': False}",24,ee34121219528d7d,,,25.1,from_S_post_descriptive
